0001,4053265,p350mle
0002,5703918,p350mle
0003,4651974,p350mle
0004,2911611,p350mle
0005,5820971,p350mle
0006,1001174,p350mle
0007,3636493,p350mle
0008,4546608,p350mle
0009,6729749,p350mle
0010,7450892,p350mle
0011,8370666,p350mle
0012,8122544,p350mle
0013,6888703,p350mle
0014,6867829,p350mle
0015,1585900,p350mle
0016,7582870,p350mle
0017,2570975,p350mle
0018,6817092,p350mle
0019,4313657,p350mle
0020,8636549,p350mle
0021,3506827,p350mle
0022,5035556,p350mle
0023,5718420,p350mle
0024,8017957,p350mle
0025,3991679,p350mle
0026,3887700,p350mle
0027,2455823,p350mle
0028,5261598,p350mle
0029,5014378,p350mle
0030,3785974,p350mle
0031,5602918,p350mle
0032,6130966,p350mle
0033,4212253,p350mle
0034,4090812,p350mle
0035,7248298,p350mle
0036,5965375,p350mle
0037,4010557,p350mle
0038,3291918,p350mle
0039,7424838,p350mle
0040,813250,p350mle
0041,3449002,p350mle
0042,8676218,p350mle
0043,1171584,p350mle
0044,2627210,p350mle
0045,2647856,p350mle
0046,4792535,p350mle
0047,3049804,p350mle
0048,1411327,p350mle
0049,2062051,p350mle
0050,5579893,p350mle
0051,8497880,p350mle
0052,5985982,p350mle
0053,4456029,p350mle
0054,2909043,p350mle
0055,7664720,p350mle
0056,2392244,p350mle
0057,6351353,p350mle
0058,5471175,p350mle
0059,1190721,p350mle
0060,767207,p350mle
0061,2486193,p350mle
0062,2274153,p350mle
0063,4794070,p350mle
0064,2453277,p350mle
0065,3470955,p350mle
0066,2425293,p350mle
0067,6911523,p350mle
0068,1505643,p350mle
0069,1649475,p350mle
0070,4127832,p350mle
0071,7484924,p350mle
0072,1408750,p350mle
0073,5124496,p350mle
0074,7176086,p350mle
0075,8284627,p350mle
0076,4926796,p350mle
0077,2071706,p350mle
0078,7403017,p350mle
0079,1252849,p350mle
0080,6191928,p350mle
0081,4717838,p350mle
0082,2508721,p350mle
0083,2129155,p350mle
0084,6167390,p350mle
0085,3975107,p350mle
0086,6407150,p350mle
0087,3948460,p350mle
0088,1495025,p350mle
0089,4102567,p350mle
0090,765354,p350mle
0091,7433230,p350mle
0092,5826070,p350mle
0093,3591565,p350mle
0094,5379095,p350mle
0095,6789770,p350mle
0096,3102302,p350mle
0097,5523546,p350mle
0098,3153877,p350mle
0099,1520618,p350mle
0100,4692460,p350mle
0101,527291,p350fem
0102,3492173,p350fem
0103,1180798,p350fem
0104,2051851,p350fem
0105,1941424,p350fem
0106,687201,p350fem
0107,2015525,p350fem
0108,2333264,p350fem
0109,2466054,p350fem
0110,3315047,p350fem
0111,1617376,p350fem
0112,2964690,p350fem
0113,2600904,p350fem
0114,1065621,p350fem
0115,3407533,p350fem
0116,3132636,p350fem
0117,2810628,p350fem
0118,2164550,p350fem
0119,2521600,p350fem
0120,323705,p350fem
0121,607800,p350fem
0122,3632421,p350fem
0123,1999895,p350fem
0124,3584320,p350fem
0125,3113611,p350fem
0126,607115,p350fem
0127,310725,p350fem
0128,2528364,p350fem
0129,767495,p350fem
0130,665239,p350fem
0131,1207576,p350fem
0132,2168140,p350fem
0133,296136,p350fem
0134,1109979,p350fem
0135,1283762,p350fem
0136,2673507,p350fem
0137,3595177,p350fem
0138,1667185,p350fem
0139,2063844,p350fem
0140,781311,p350fem
0141,474960,p350fem
0142,2287689,p350fem
0143,3459680,p350fem
0144,3577615,p350fem
0145,1174223,p350fem
0146,296209,p350fem
0147,291705,p350fem
0148,2255480,p350fem
0149,3322789,p350fem
0150,2035461,p350fem
0151,1094891,p350fem
0152,576897,p350fem
0153,501062,p350fem
0154,1673141,p350fem
0155,395523,p350fem
0156,3242518,p350fem
0157,2731489,p350fem
0158,2054530,p350fem
0159,3325295,p350fem
0160,2994303,p350fem
0161,2414116,p350fem
0162,1630663,p350fem
0163,1682876,p350fem
0164,1257808,p350fem
0165,1220475,p350fem
0166,3074915,p350fem
0167,1971556,p350fem
0168,1787369,p350fem
0169,1068700,p350fem
0170,255241,p350fem
0171,1658731,p350fem
0172,2512172,p350fem
0173,1081952,p350fem
0174,1090657,p350fem
0175,949288,p350fem
0176,1292676,p350fem
0177,2312493,p350fem
0178,509483,p350fem
0179,2791027,p350fem
0180,2358148,p350fem
0181,998030,p350fem
0182,305143,p350fem
0183,3235620,p350fem
0184,459677,p350fem
0185,736666,p350fem
0186,1144518,p350fem
0187,319914,p350fem
0188,2008294,p350fem
0189,2805909,p350fem
0190,2264257,p350fem
0191,2585725,p350fem
0192,2997616,p350fem
0193,1523679,p350fem
0194,2064071,p350fem
0195,726740,p350fem
0196,702674,p350fem
0197,2867175,p350fem
0198,2143576,p350fem
0199,2778143,p350fem
0200,353609,p350fem
0201,2487450,p300male
0202,6574632,p300male
0203,2941765,p300male
0204,2552634,p300male
0205,3458164,p300male
0206,4619258,p300male
0207,5951674,p300male
0208,3209231,p300male
0209,3946388,p300male
0210,7153322,p300male
0211,1029168,p300male
0212,1038232,p300male
0213,5140631,p300male
0214,4031989,p300male
0215,1257889,p300male
0216,2874559,p300male
0217,6979802,p300male
0218,5116751,p300male
0219,1090413,p300male
0220,2391538,p300male
0221,4960890,p300male
0222,4578468,p300male
0223,7015456,p300male
0224,2741007,p300male
0225,1805927,p300male
0226,6152446,p300male
0227,6562395,p300male
0228,6104419,p300male
0229,1231458,p300male
0230,6372362,p300male
0231,3399286,p300male
0232,3346853,p300male
0233,6991643,p300male
0234,2467658,p300male
0235,5524608,p300male
0236,3065993,p300male
0237,696300,p300male
0238,3951011,p300male
0239,3970737,p300male
0240,2904519,p300male
0241,1945626,p300male
0242,1436232,p300male
0243,3982998,p300male
0244,6136197,p300male
0245,6359013,p300male
0246,7086263,p300male
0247,3668914,p300male
0248,5271347,p300male
0249,3379154,p300male
0250,6667465,p300male
0251,30966655,p300fem
0252,23907762,p300fem
0253,36929609,p300fem
0254,32193543,p300fem
0255,25761286,p300fem
0256,50702694,p300fem
0257,10991828,p300fem
0258,44803867,p300fem
0259,14838563,p300fem
0260,33429580,p300fem
0261,53585687,p300fem
0262,22140267,p300fem
0263,43112852,p300fem
0264,8100937,p300fem
0265,13325569,p300fem
0266,20865045,p300fem
0267,48814240,p300fem
0268,23578576,p300fem
0269,17751834,p300fem
0270,33538983,p300fem
0271,5582803,p300fem
0272,54001328,p300fem
0273,49677015,p300fem
0274,37079505,p300fem
0275,29828540,p300fem
0276,32559530,p300fem
0277,26163942,p300fem
0278,50024153,p300fem
0279,18089330,p300fem
0280,34815510,p300fem
0281,21666747,p300fem
0282,13795300,p300fem
0283,35670387,p300fem
0284,22062043,p300fem
0285,19493963,p300fem
0286,45458899,p300fem
0287,46032187,p300fem
0288,34956595,p300fem
0289,54807756,p300fem
0290,24805888,p300fem
0291,14935268,p300fem
0292,47680421,p300fem
0293,12401766,p300fem
0294,44932329,p300fem
0295,29224317,p300fem
0296,51480954,p300fem
0297,46314263,p300fem
0298,42870495,p300fem
0299,50780517,p300fem
0300,52402804,p300fem
0301,5081456,p400fem
0302,982434,p400fem
0303,3657827,p400fem
0304,4559591,p400fem
0305,1705755,p400fem
0306,3410649,p400fem
0307,2479124,p400fem
0308,4183098,p400fem
0309,3771137,p400fem
0310,3504154,p400fem
0311,1824073,p400fem
0312,774724,p400fem
0313,1718216,p400fem
0314,1933507,p400fem
0315,4126399,p400fem
0316,2328502,p400fem
0317,5272364,p400fem
0318,1799941,p400fem
0319,909743,p400fem
0320,1905327,p400fem
0321,4578204,p400fem
0322,833454,p400fem
0323,5267577,p400fem
0324,1347607,p400fem
0325,842316,p400fem
0326,1490424,p400fem
0327,1273660,p400fem
0328,2734524,p400fem
0329,2081997,p400fem
0330,4483886,p400fem
0331,2300269,p400fem
0332,2123462,p400fem
0333,3726017,p400fem
0334,3191332,p400fem
0335,5556899,p400fem
0336,994220,p400fem
0337,886894,p400fem
0338,3148168,p400fem
0339,4865277,p400fem
0340,2688646,p400fem
0341,4138222,p400fem
0342,1321462,p400fem
0343,3962442,p400fem
0344,2878665,p400fem
0345,1016002,p400fem
0346,5373801,p400fem
0347,2386983,p400fem
0348,3520692,p400fem
0349,2560730,p400fem
0350,3653293,p400fem
0351,1359691,p400fem
0352,3862026,p400fem
0353,4055810,p400fem
0354,613074,p400fem
0355,4477894,p400fem
0356,1984359,p400fem
0357,2838807,p400fem
0358,4973069,p400fem
0359,4330582,p400fem
0360,695593,p400fem
0361,4215818,p400fem
0362,2352780,p400fem
0363,3211093,p400fem
0364,2410437,p400fem
0365,3063424,p400fem
0366,1413544,p400fem
0367,5023884,p400fem
0368,997912,p400fem
0369,2560871,p400fem
0370,4061050,p400fem
0371,4846301,p400fem
0372,1632321,p400fem
0373,928755,p400fem
0374,4353368,p400fem
0375,4431247,p400fem
0376,1477268,p400fem
0377,3814190,p400fem
0378,2386352,p400fem
0379,4924362,p400fem
0380,5247967,p400fem
0381,3614766,p400fem
0382,698160,p400fem
0383,3015331,p400fem
0384,4196624,p400fem
0385,1227385,p400fem
0386,4931372,p400fem
0387,2719765,p400fem
0388,1790398,p400fem
0389,3661176,p400fem
0390,4064694,p400fem
0391,2952142,p400fem
0392,2177100,p400fem
0393,4017164,p400fem
0394,1836266,p400fem
0395,2324981,p400fem
0396,4109648,p400fem
0397,4947542,p400fem
0398,5432216,p400fem
0399,2492388,p400fem
0400,1221159,p400fem
0401,4938114,p400male
0402,634802,p400male
0403,2668020,p400male
0404,5502436,p400male
0405,3923937,p400male
0406,6549671,p400male
0407,4341722,p400male
0408,1881689,p400male
0409,3288521,p400male
0410,4619475,p400male
0411,3571229,p400male
0412,3222636,p400male
0413,633532,p400male
0414,1363438,p400male
0415,3848962,p400male
0416,1597981,p400male
0417,789005,p400male
0418,2990916,p400male
0419,5535124,p400male
0420,2365962,p400male
0421,6241120,p400male
0422,3075727,p400male
0423,1995227,p400male
0424,2561175,p400male
0425,3061352,p400male
0426,4022831,p400male
0427,1614216,p400male
0428,3005422,p400male
0429,2656458,p400male
0430,4612352,p400male
0431,4346910,p400male
0432,1841598,p400male
0433,1560345,p400male
0434,1659278,p400male
0435,3041363,p400male
0436,3152028,p400male
0437,1603840,p400male
0438,1800838,p400male
0439,2633355,p400male
0440,1503534,p400male
0441,4962896,p400male
0442,916066,p400male
0443,2002972,p400male
0444,2238307,p400male
0445,2830264,p400male
0446,5567528,p400male
0447,6354716,p400male
0448,5941757,p400male
0449,2807806,p400male
0450,2504694,p400male
0451,5415549,p400male
0452,3742597,p400male
0453,3209867,p400male
0454,4607177,p400male
0455,2614989,p400male
0456,1192908,p400male
0457,2742754,p400male
0458,2758423,p400male
0459,6029519,p400male
0460,3378319,p400male
0461,3776163,p400male
0462,6146516,p400male
0463,4352486,p400male
0464,6407851,p400male
0465,2765863,p400male
0466,2676452,p400male
0467,6270299,p400male
0468,5740189,p400male
0469,3689735,p400male
0470,1226024,p400male
0471,4463579,p400male
0472,1019080,p400male
0473,3097623,p400male
0474,4469028,p400male
0475,2594180,p400male
0476,4752010,p400male
0477,4014410,p400male
0478,1591420,p400male
0479,1744385,p400male
0480,6583806,p400male
0481,4823444,p400male
0482,1126788,p400male
0483,2632475,p400male
0484,1127041,p400male
0485,1003599,p400male
0486,5105168,p400male
0487,2965899,p400male
0488,3249028,p400male
0489,5097362,p400male
0490,2310524,p400male
0491,3877553,p400male
0492,1968203,p400male
0493,6364338,p400male
0494,4430988,p400male
0495,4955344,p400male
0496,1287059,p400male
0497,1602354,p400male
0498,1510251,p400male
0499,2899117,p400male
0500,3772570,p400male
0501,TK6a46664c177d96.90982275,Comps
0502,TK6a46665cb3bca2.35986405,Comps
0503,TK6a46665ce26058.00459723,Comps
0504,TK6a46666997fa08.26339007,Comps
0505,TK6a46669217e8c7.36322405,Comps
0506,TK6a4666a52b6d93.04184756,Comps
0507,TK6a4666a55a0852.22633277,Comps
0508,TK6a4666b1c45430.15906794,Comps
0509,TK6a4666b1eea479.00257810,Comps
0510,TK6a4666bdbdece1.90987803,Comps
0511,TK6a4666c844bd62.30800591,Comps
0512,TK6a4666c86dc387.17751604,Comps
0513,TK6a4666d5b56f52.85654305,Comps
0514,TK6a4666e1239e75.02459392,Comps
0515,TK6a4666ee7be437.26493968,Comps
0516,TK6a4666fb064973.22767253,Comps
0517,TK6a4666fb42aa28.41744046,Comps
0518,TK6a4666fb6c2084.08536495,Comps
0519,TK6a466707f22202.92311910,Comps
0520,TK6a46671865e5d6.49084246,Comps
0521,TK6a466724a26a41.18526715,Comps
0522,TK6a46672f2e5752.30327325,Comps
0523,TK6a46672f573071.93920644,Comps
0524,TK6a46673981b883.05848971,Comps
0525,TK6a466739ab9270.22203735,Comps
0526,TK6a4668e6b8f0f2.92927212,Comps
0527,TK6a4668e6efb241.83640264,Comps
0528,TK6a466b5d81e565.85357059,Comps
0529,TK6a466b5dbc3e85.39595143,Comps
0530,TK6a466c62a34cd1.64787326,Comps
0531,TK6a466c62f25b44.93415116,Comps
0532,TK6a466ca6ab3bc5.06792944,Comps
0533,TK6a466da9e0a128.91487011,Comps
0534,TK6a466daa730f14.99869861,Comps
0535,TK6a46726702ac77.37654542,Comps
0536,TK6a4672675bdaf8.85443131,Comps
0537,TK6a46744f6f6644.26844399,Comps
0538,TK6a46744f9b9b14.75657251,Comps
0539,TK6a46746c4723d7.90717310,Comps
0540,TK6a46746c86dd33.40219733,Comps
0541,TK6a46748480a235.28680258,Comps
0542,TK6a467484b15084.04476133,Comps
0543,TK6a467484e30a48.41585909,Comps
0544,TK6a467485209d76.23532117,Comps
0545,TK6a4678f1316c78.61686704,Comps
0546,TK6a4678f1959254.39021213,Comps
0547,TK6a467bf05b3915.37000514,Comps
0548,TK6a467cc70b29b6.65945897,Comps
0549,TK6a467cc73a9587.36716562,Comps
0550,TK6a467cda217e06.97455601,Comps
0551,TK6a467cda540315.35837804,Comps
0552,TK6a467ce16cece0.44833916,Comps
0553,TK6a467ce196a3a2.89790382,Comps
0554,TK6a4680b16aaa84.98832000,Comps
0555,TK6a4680b19bea02.61568003,Comps
0556,TK6a4680b1dfada8.93279183,Comps
0557,TK6a4680b21e3e70.69980735,Comps
0558,TK6a4680b7b222b2.06843569,Comps
0559,TK6a46836f2231e7.28921484,Comps
0560,TK6a46836f6521e5.28440434,Comps
0561,TK6a4695898a8c24.14097082,Comps
0562,TK6a469589bd09f0.49644940,Comps
0563,TK6a46961ef17995.96559043,Comps
0564,TK6a46975a5d39e4.66957342,Comps
0565,TK6a469e0933db42.44826883,Comps
0566,TK6a469e0969fa93.44022062,Comps
0567,TK6a469edac50590.82497872,Comps
0568,TK6a469edaee6d18.04904682,Comps
0569,TK6a469f662a75b4.92117598,Comps
0570,TK6a469f6654d5a8.52495159,Comps
0571,TK6a46a4eb4c3cd9.90915634,Comps
0572,TK6a46a5d10b2bf4.48953456,Comps
0573,TK6a46a734e602e9.10114251,Comps
0574,TK6a46a73526d8d6.43137080,Comps
0575,TK6a46a770cf7ea8.70278316,Comps
0576,TK6a46b23981a253.29265980,Comps
0577,TK6a46b239bceb62.35269191,Comps
0578,TK6a46b2c8723032.91594603,Comps
0579,TK6a46b5e2ed05a5.63764029,Comps
0580,TK6a46bded262312.54806464,Comps
0581,TK6a46be417cce89.92500130,Comps
0582,TK6a46c3ba1f4a96.44757351,Comps
0583,TK6a46c3ba5a6508.03056737,Comps
0584,TK6a46c964c39198.24874377,Comps
0585,TK6a46c964f3a0a8.13757645,Comps
0586,TK6a46d20be6b6f4.47080634,Comps
0587,TK6a46d22158c275.20508365,Comps
0588,TK6a46d2219af197.58061733,Comps
0589,TK6a46e86fa07132.87190447,Comps
0590,TK6a46e86fd08fc4.96449315,Comps
0591,TK6a46e87020ad65.05412755,Comps
0592,TK6a46e870516223.46120488,Comps
0593,TK6a46eabc5b56e9.98582227,Comps
0594,TK6a46eabc860b92.10707969,Comps
0595,TK6a46eb258e0695.45584557,Comps
0596,TK6a46eb25b82159.22081553,Comps
0597,TK6a46ebd890c6f3.37234319,Comps
0598,TK6a46ec288b9399.01252049,Comps
0599,TK6a46ec28ba8705.54224663,Comps
0600,TK6a46ec3c382ff1.73942350,Comps
0601,TK6a46ec3d69dfe0.88659588,Comps
0602,TK6a46f10cdfa281.29343503,Comps
0603,TK6a46f10d3965f1.39154306,Comps
0604,TK6a46f2cc6f98f7.20042449,Comps
0605,TK6a46f2ccafa690.36809181,Comps
0606,TK6a46f2ddc8ae40.44182061,Comps
0607,TK6a46f2ddf33963.70507808,Comps
0608,TK6a46f2f5cff276.56464276,Comps
0609,TK6a46f31ba58062.13761455,Comps
0610,TK6a46f31bce2ae7.50376281,Comps
0611,TK6a46f32c7bcee9.32356252,Comps
0612,TK6a46f34a021519.30239906,Comps
0613,TK6a46f3d3ea4f84.04494770,Comps
0614,TK6a46f4b8332b26.09861648,Comps
0615,TK6a46f4c14fd7b8.70623141,Comps
0616,TK6a46f4c196f105.84306784,Comps
0617,TK6a46f5ce4cf930.84143617,Comps
0618,TK6a46fb21bcf010.28328779,Comps
0619,TK6a46fb21e6f904.40252375,Comps
0620,TK6a46fbc7db1008.15084739,Comps
0621,TK6a46fbc80ff482.53727410,Comps
0622,TK6a46ff1238edc9.65011530,Comps
0623,TK6a46ff12757053.26427494,Comps
0624,TK6a470559f27a44.26136021,Comps
0625,TK6a47055a59fdb8.38963890,Comps
0626,TK6a4705870c0104.63895061,Comps
0627,TK6a4705873dfb58.42781312,Comps
0628,TK6a4705876f0377.10123672,Comps
0629,TK6a470a4dcb7471.85769037,Comps
0630,TK6a470a4e1a2744.71395291,Comps
0631,TK6a470afe3a1c07.99176208,Comps
0632,TK6a470afe653ea9.60024716,Comps
0633,TK6a4717afa623c5.54853733,Comps
0634,TK6a4717afea36d9.43717125,Comps
0635,TK6a471dd3783093.60035800,Comps
0636,TK6a4723918094e0.37598023,Comps
0637,TK6a472540bb1b13.79887539,Comps
0638,TK6a478c651edca3.68485217,Comps
0639,TK6a478ca9cfcb62.50293367,Comps
0640,TK6a478d22174015.16101062,Comps
0641,TK6a478dbecf1252.44945713,Comps
0642,TK6a478e0fba8cc1.35175232,Comps
0643,TK6a478e358914c5.05083234,Comps
0644,TK6a4799a504f215.83943357,Comps
0645,TK6a47a1980c2377.41462572,Comps
0646,TK6a47a5d2ce07b2.83655801,Comps
0647,TK6a47a5d31a3bc4.59494523,Comps
0648,TK6a47a8718f5060.69808987,Comps
0649,TK6a47a871e31864.79162434,Comps
0650,TK6a47a8cb788393.36116149,Comps
0651,TK6a47a8cbc64041.64506426,Comps
0652,TK6a47abfee21963.07371078,Comps
0653,TK6a47abff4e7271.33470688,Comps
0654,TK6a47b2848c7e03.45303209,Comps
0655,TK6a47b647165590.74715364,Comps
0656,TK6a47b965a87055.76301230,Comps
0657,TK6a47b965f17435.22340200,Comps
0658,TK6a47b966375767.37925668,Comps
0659,TK6a47b9666082e8.96283163,Comps
0660,TK6a47b9668b4a89.63991504,Comps
0661,TK6a47b966b5a501.78437390,Comps
0662,TK6a47b966df25b8.11058603,Comps
0663,TK6a47b967146380.74580859,Comps
0664,TK6a47b9673de9f3.00762411,Comps
0665,TK6a47b9676750a6.80310829,Comps
0666,TK6a47bc39df5552.10058823,Comps
0667,TK6a47c2224b2b31.49433637,Comps
0668,TK6a47c222796150.31249284,Comps
0669,TK6a47cebeb30fd6.20918305,Comps
0670,TK6a47cebedd7324.22664598,Comps
0671,TK6a47d25fce1674.13178937,Comps
0672,TK6a47d26037d6e6.16432156,Comps
0673,TK6a47d3c1a84d97.76680320,Comps
0674,TK6a47d3c1d26616.23081349,Comps
0675,TK6a47d5dc5bf375.05871769,Comps
0676,TK6a47d5dc888030.22432421,Comps
0677,TK6a47d8a69df471.53443412,Comps
0678,TK6a47d8a6c7afd0.29501099,Comps
0679,TK6a47d95d6ac869.95022674,Comps
0680,TK6a47daf762e190.02238577,Comps
0681,TK6a47daf78ebe45.97141982,Comps
0682,TK6a47dd99baaa87.77928469,Comps
0683,TK6a47dd99e40509.76323620,Comps
0684,TK6a47e3eebc6e76.21793810,Comps
0685,TK6a47e3eeec3a66.89949214,Comps
0686,TK6a48054639dc26.10756701,Comps
0687,TK6a48054665b1c3.29528390,Comps
0688,TK6a4805534738a8.97079793,Comps
0689,TK6a48059622ae76.79151864,Comps
0690,TK6a48059663f894.45452329,Comps
0691,TK6a480c22d14581.46387497,Comps
0692,TK6a480c2306f7c5.02812670,Comps
0693,TK6a480f381ce250.38578677,Comps
0694,TK6a48158b139620.17975748,Comps
0695,TK6a481941995642.99728633,Comps
0696,TK6a481941cf9298.51459152,Comps
0697,TK6a4824988870f5.92350587,Comps
0698,TK6a482498c36255.47017472,Comps
0699,TK6a4824990bf326.93732398,Comps
0700,TK6a4824993b26f4.76461079,Comps
0701,TK6a4824996b4d70.87572586,Comps
0702,TK6a4824999b2654.20946673,Comps
0703,TK6a482499ca99a9.44483703,Comps
0704,TK6a48249a06ab66.72762589,Comps
0705,TK6a48249a41acb4.74065716,Comps
0706,TK6a48249a720784.48162665,Comps
0707,TK6a48249aa1c587.47313320,Comps
0708,TK6a48249ad05e63.36011386,Comps
0709,TK6a48249b0c2ae8.10144598,Comps
0710,TK6a48249b3d8f57.18790634,Comps
0711,TK6a482adbec3061.08778136,Comps
0712,TK6a482adc28e909.28007222,Comps
0713,TK6a482aea7988d2.50451877,Comps
0714,TK6a482aeab48502.76060377,Comps
0715,TK6a482af6cf39f0.11864628,Comps
0716,TK6a48309f8751c0.35353908,Comps
0717,TK6a483789381781.14709641,Comps
0718,TK6a4837896542e1.26631063,Comps
0719,TK6a4837898e1008.70305145,Comps
0720,TK6a483789b9e186.83301253,Comps
0721,TK6a483bf2496474.15104016,Comps
0722,TK6a483bf2874478.20599179,Comps
0723,TK6a48457d9eefc8.14023678,Comps
0724,TK6a4845b7dc7635.19063342,Comps
0725,TK6a4845b816c812.54880180,Comps
0726,TK6a484c8e329b80.05176142,Comps
0727,TK6a484c8e7543a8.02677943,Comps
0728,TK6a484cce6f85c1.81390710,Comps
0729,IET69efec4e0d5526.12462528,EB Female
0730,IET69eff4e002fbe2.14178872,EB Female
0731,IET69eff8c7288742.48253392,EB Female
0732,IET69effa91c60778.72811419,EB Female
0733,IET69effaee653877.94210554,EB Female
0734,IET69f014195aeb14.09588187,EB Female
0735,IET69f01a7daf0b50.70460406,EB Female
0736,IET69f01b04230139.95235252,EB Female
0737,IET69f02a15a194d0.90646810,EB Female
0738,IET69f0354baf8e74.51733947,EB Female
0739,IET69f0354bafddb2.80254066,EB Female
0740,IET69f0a05778e340.47413544,EB Female
0741,IET69f0d392495b79.60262672,EB Female
0742,IET69f0d86d16e899.08147476,EB Female
0743,IET69f0f40643d8e8.58734158,EB Female
0744,IET69f0fa5e51d505.69047427,EB Female
0745,IET69f106bd1dbc41.82564867,EB Female
0746,IET69f10a94992185.35364829,EB Female
0747,IET69f10b2645ab41.48082102,EB Female
0748,IET69f10b3f413430.77225257,EB Female
0749,IET69f14eaf43a0a6.53120886,EB Female
0750,IET69f1839043abe9.73698806,EB Female
0751,IET69f2741c608b61.98664813,EB Female
0752,IET69f34e8b1cd753.16119626,EB Female
0753,IET69f3800cc93098.74126487,EB Female
0754,IET69f40cf7b4ef89.90765266,EB Female
0755,IET69f4e886b25e26.05802666,EB Female
0756,IET69f5e574661291.72943325,EB Female
0757,IET69f788f3291c87.62188653,EB Female
0758,IET69f8ee2bed08b8.82779924,EB Female
0759,IET69f8ee2bed6691.72280180,EB Female
0760,IET69f90006368332.77608339,EB Female
0761,IET69f9000636e026.15264271,EB Female
0762,IET69f900f7f178b0.23678386,EB Female
0763,IET69f900f7f1e9c9.50397845,EB Female
0764,IET69fa95436eeab0.42918379,EB Female
0765,IET69fe1f8c0738b3.19534214,EB Female
0766,IET69fe2a5b6e6314.96436980,EB Female
0767,IET69fe2a5b6ea926.28735496,EB Female
0768,IET69fe44a3329f67.39322440,EB Female
0769,IET6a013bae752ed3.34505268,EB Female
0770,IET6a0260d4f271d0.63608257,EB Female
0771,IET6a0260d4f2c357.12034273,EB Female
0772,IET6a05146f8e7552.29223351,EB Female
0773,IET6a076f0ddde735.61971231,EB Female
0774,IET6a07d1aa76e395.95422503,EB Female
0775,IET6a07ded65cbef5.24408564,EB Female
0776,IET6a08aefd41fe75.70462333,EB Female
0777,IET6a08b023ea9b68.63584407,EB Female
0778,IET6a09218b211640.78996555,EB Female
0779,IET6a09f1aa30ac85.51472588,EB Female
0780,IET6a09f1aa30fbb9.28533346,EB Female
0781,IET6a09f1aa313f54.48582864,EB Female
0782,IET6a0bb6f4066a94.07368485,EB Female
0783,IET6a0bc8235ca251.31018169,EB Female
0784,IET6a0dc615c592f8.13329970,EB Female
0785,IET6a0e19630387f5.17929297,EB Female
0786,IET6a0e196303d756.46694640,EB Female
0787,IET6a0e424a135dc0.75511580,EB Female
0788,IET6a0fa60d090201.23697349,EB Female
0789,IET6a10cf9d799c22.37465103,EB Female
0790,IET6a10cf9d79f994.49523215,EB Female
0791,IET6a10cf9d7a42d6.79027205,EB Female
0792,IET6a11c4b6efe336.14415471,EB Female
0793,IET6a131556d72e36.55576697,EB Female
0794,IET6a132d8d08b544.13584351,EB Female
0795,IET6a1340db8bd321.07921284,EB Female
0796,IET6a14d4b42409b6.63546884,EB Female
0797,IET6a158f6a587164.29239698,EB Female
0798,IET6a15d281508899.80955777,EB Female
0799,IET6a15da87ee0ef2.87524350,EB Female
0800,IET6a183b079fe5b8.73501035,EB Female
0801,IET6a19a345bbdd82.19278133,EB Female
0802,IET6a19d83a8989a2.47494297,EB Female
0803,IET6a19d83a89d065.11206383,EB Female
0804,IET6a1b8b061f4d03.91431428,EB Female
0805,IET6a1b9553a81256.90363998,EB Female
0806,IET6a1c6b2d592f59.60704630,EB Female
0807,IET6a1c74786d1c69.70639147,EB Female
0808,IET6a1c74786d6a11.01090095,EB Female
0809,IET6a1cb1663d7a30.33452224,EB Female
0810,IET6a1e2e105d4705.16462795,EB Female
0811,IET6a1e2f0d678d60.10624395,EB Female
0812,IET6a1f7b257022a8.52059198,EB Female
0813,IET6a1f7b25707651.97069388,EB Female
0814,IET6a1f7b2570c4c2.22726410,EB Female
0815,IET6a203d42a0e390.49225131,EB Female
0816,IET6a203d42a13140.50645375,EB Female
0817,IET6a207f77e66ab1.04313040,EB Female
0818,IET6a215d0dd41a88.41932628,EB Female
0819,IET6a21845453c405.94060410,EB Female
0820,IET6a218454540d37.40920713,EB Female
0821,IET6a21882a403ec2.00679650,EB Female
0822,IET6a22c364860965.07853086,EB Female
0823,IET6a2319f641c655.79550684,EB Female
0824,IET6a246b238adcb2.02380891,EB Female
0825,IET6a246e799fb936.15099047,EB Female
0826,IET6a246e79a00374.32040674,EB Female
0827,IET6a246e79a04ac0.31987626,EB Female
0828,IET6a259ee9407db5.35714071,EB Female
0829,IET6a260e48883962.65781127,EB Female
0830,IET6a26da24110d96.15698986,EB Female
0831,IET6a284dc9d6ca36.55917966,EB Female
0832,IET6a28c55230e300.82500533,EB Female
0833,IET6a28d1d7cf5966.92485799,EB Female
0834,IET6a2df198f0afb4.59214403,EB Female
0835,IET6a2f301e131568.48726847,EB Female
0836,IET6a308fbe03b3a2.10950427,EB Female
0837,IET6a30b640df93c1.66487174,EB Female
0838,IET6a30b7952d8411.23862725,EB Female
0839,IET6a3188a145bdf9.09880554,EB Female
0840,IET6a31c7cb8ef9c8.33167502,EB Female
0841,IET6a33258d164480.80557053,EB Female
0842,IET6a33373a253da2.22041057,EB Female
0843,IET6a33380864d041.89508828,EB Female
0844,IET6a335691ad0731.56640249,EB Female
0845,IET6a335a8eb10258.51344453,EB Female
0846,IET6a341e343ff8d5.05711775,EB Female
0847,IET6a347c237d4c73.67500774,EB Female
0848,IET6a36773584e4a8.73568162,EB Female
0849,IET6a36b10dd6d452.20268963,EB Female
0850,IET6a36b10dd7fed0.02269277,EB Female
0851,IET6a37e1f309a4a7.73258303,EB Female
0852,IET69efec4e0dab92.59503490,EB Male
0853,IET69eff24ca7d8e2.42900508,EB Male
0854,IET69eff8c728dd06.83591236,EB Male
0855,IET69effaee658863.32192702,EB Male
0856,IET69f01a7daf5cb3.13515586,EB Male
0857,IET69f01b04237385.73007351,EB Male
0858,IET69f025c07d4dd9.04488525,EB Male
0859,IET69f04be3ea2de1.49584949,EB Male
0860,IET69f0a0577937c3.12197867,EB Male
0861,IET69f0d39249a601.77371161,EB Male
0862,IET69f0d86d174315.91384138,EB Male
0863,IET69f0fa5e523f94.53448798,EB Male
0864,IET69f106bd1e24b7.41438335,EB Male
0865,IET69f10b7d966329.53909204,EB Male
0866,IET69f115f0a614c1.85187964,EB Male
0867,IET69f11cb20be639.61292077,EB Male
0868,IET69f239bb191262.09205814,EB Male
0869,IET69f2741c60d9b7.26578585,EB Male
0870,IET69f3800cc99205.75633753,EB Male
0871,IET69f3800cc9db25.41081140,EB Male
0872,IET69f5388d49cd10.33988731,EB Male
0873,IET69f5388d4a2406.65182816,EB Male
0874,IET69f5e574667618.84930354,EB Male
0875,IET69f6dcca147431.36410397,EB Male
0876,IET69f6e06d2e9491.74338946,EB Male
0877,IET69f8ee2bedc051.05855715,EB Male
0878,IET69f900f7f24373.33437431,EB Male
0879,IET69f900f7f296f4.01929844,EB Male
0880,IET69fa9305dae715.20253665,EB Male
0881,IET69fe2a5b6ef758.93436185,EB Male
0882,IET69fe2a5b6f3cf7.49581314,EB Male
0883,IET6a01db0bbb2386.24719633,EB Male
0884,IET6a0467efd843c9.10527012,EB Male
0885,IET6a05140e598927.21577488,EB Male
0886,IET6a07669d55aac1.11869657,EB Male
0887,IET6a076f0dde3566.11344838,EB Male
0888,IET6a07d1aa7733b2.54514951,EB Male
0889,IET6a08aefd4258e3.00736341,EB Male
0890,IET6a08c2775500d0.56169258,EB Male
0891,IET6a08f199ead915.79288611,EB Male
0892,IET6a09218b216de1.70286598,EB Male
0893,IET6a0bb6f406adf6.53621368,EB Male
0894,IET6a0bc8235cf390.53899697,EB Male
0895,IET6a0e1963041df6.77724446,EB Male
0896,IET6a0fa60d096ae7.71497312,EB Male
0897,IET6a10cf9d7a89f8.87072355,EB Male
0898,IET6a10cf9d7ad279.96892841,EB Male
0899,IET6a10d2fdbfc934.31934553,EB Male
0900,IET6a132d8d090119.24223078,EB Male
0901,IET6a135463c2b7d6.99171891,EB Male
0902,IET6a1390bef41a03.70377699,EB Male
0903,IET6a15aba00ab747.61563294,EB Male
0904,IET6a1709b0d612b9.84056241,EB Male
0905,IET6a191c0366cfe7.62557239,EB Male
0906,IET6a19d83a8a1096.44335033,EB Male
0907,IET6a1b8757be02b7.07848974,EB Male
0908,IET6a1c6b2d597e53.44499996,EB Male
0909,IET6a1c8c9670bbe8.17289229,EB Male
0910,IET6a1ca03b09e5b3.05985253,EB Male
0911,IET6a1dda70771120.86916008,EB Male
0912,IET6a1e2e105dade2.31546469,EB Male
0913,IET6a1eb22acc0556.40540775,EB Male
0914,IET6a203d42a174d0.46138214,EB Male
0915,IET6a20bc53f239c8.61376399,EB Male
0916,IET6a218454544e08.19639087,EB Male
0917,IET6a218454548db3.76487139,EB Male
0918,IET6a22c364865a72.15611976,EB Male
0919,IET6a2349ff583262.55458608,EB Male
0920,IET6a2373fa01d022.61718729,EB Male
0921,IET6a2434524349d7.66494362,EB Male
0922,IET6a246b238b2914.96048922,EB Male
0923,IET6a246e79a08eb2.11309375,EB Male
0924,IET6a246e79a0d217.31807507,EB Male
0925,IET6a259ee940c2f6.93367438,EB Male
0926,IET6a25f56ebf5fd2.61231488,EB Male
0927,IET6a2603ce763945.19259892,EB Male
0928,IET6a26ac88374918.59212689,EB Male
0929,IET6a284dc9d73242.85766954,EB Male
0930,IET6a28c5523138c6.56507151,EB Male
0931,IET6a28d1d7cfa450.39570004,EB Male
0932,IET6a2a0f39f16017.74253661,EB Male
0933,IET6a2b49d75fd2a7.57123867,EB Male
0934,IET6a2b49d7601f77.43448963,EB Male
0935,IET6a2b5b42c8fed7.76897154,EB Male
0936,IET6a2d50138d5dc9.22587200,EB Male
0937,IET6a2ecf6a62f9d4.19917684,EB Male
0938,IET6a2f4c0e3aeec2.90220594,EB Male
0939,IET6a3067c360f123.20114969,EB Male
0940,IET6a30c483be8359.44255341,EB Male
0941,IET6a3188a1460656.62052921,EB Male
0942,IET6a31c7cb9c7d85.21762103,EB Male
0943,IET6a31c7cb9cc121.95425368,EB Male
0944,IET6a31e16636e9c7.34138999,EB Male
0945,IET6a32018eb31d98.12364661,EB Male
0946,IET6a328724709cc2.65328189,EB Male
0947,IET6a3338086528a2.55978035,EB Male
0948,IET6a3463e789d7c9.33632637,EB Male
0949,IET6a35db2d03ac80.63903296,EB Male
0950,IET6a35ebfc0b7186.28349216,EB Male
0951,IET6a373b68c00080.58477896,EB Male
0952,IET69f1313b923ec2.48665943,Family
0953,IET69f16f2f09fff8.94858565,Family
0954,IET69f1739db58675.67215156,Family
0955,IET69f17c5248e324.89249260,Family
0956,IET69f28876044695.11877737,Family
0957,IET69f28876049e32.97487732,Family
0958,IET69f2887604f707.44126187,Family
0959,IET69f2991f0ede87.67261359,Family
0960,IET69f29edca61034.05741888,Family
0961,IET69f29edca68a26.27314892,Family
0962,IET69f33c5d694336.96189903,Family
0963,IET69f4a2de547170.20452856,Family
0964,IET69f4a2de54e4a8.09979440,Family
0965,IET69f4dc86a36ac3.39646682,Family
0966,IET69f4f1e4825666.44634420,Family
0967,IET69f64e19570fd3.16117218,Family
0968,IET69f7b9fe6f3285.25064397,Family
0969,IET69f7b9fe6f8d08.66262422,Family
0970,IET69f8c7fbedb7e1.60448657,Family
0971,IET69f93262c05af1.12115064,Family
0972,IET69f93262c0ac63.13140118,Family
0973,IET69fb58de52dc21.01876933,Family
0974,IET69fb58de534546.09758830,Family
0975,IET69fb58de53a078.39533205,Family
0976,IET69fb58de53fb49.79187738,Family
0977,IET69fb8a93a64347.79246044,Family
0978,IET69fbcd14eafaf0.05230464,Family
0979,IET69fbcd14eb4a76.29949395,Family
0980,IET69fbd2efbf9a27.24209154,Family
0981,IET69fbd2efbfe742.66157347,Family
0982,IET69fcc5d1aae806.40075822,Family
0983,IET69fcc5d1ab3e19.49683644,Family
0984,IET69fce0da7934e5.89710214,Family
0985,IET69fce0da798a22.07019440,Family
0986,IET69ffc5aaf28958.48159860,Family
0987,IET69ffc5aaf2d891.17732863,Family
0988,IET6a0662ee1131b2.92167557,Family
0989,IET6a0662ee118200.23604236,Family
0990,IET6a0cc8565a46d3.51158590,Family
0991,IET6a1608bd101e29.12669181,Family
0992,IET6a16df9968db55.24106234,Family
0993,IET6a16e604492aa4.86552953,Family
0994,IET6a16ecc849b919.25957264,Family
0995,IET6a1717ad0bc3f6.77078172,Family
0996,IET6a1721622352f5.46627481,Family
0997,IET6a172c1d6b26d1.93342797,Family
0998,IET6a1738cd2574d1.11709307,Family
0999,IET6a178e9c4c38e5.08095596,Family
1000,IET6a178e9c4c9cc1.27686406,Family
1001,IET6a187849023305.53007325,Family
1002,IET6a1878490288e8.46671000,Family
1003,IET6a18784902d549.38245020,Family
1004,IET6a1878490328c1.03003305,Family
1005,IET6a187849037792.06153506,Family
1006,IET6a18784903cc18.03259620,Family
1007,IET6a18eb85082051.04084670,Family
1008,IET6a1dedf42daf79.44332584,Family
1009,IET6a1dedf42dfe34.50489276,Family
1010,IET6a1e22c5396582.28828543,Family
1011,IET6a1e22c539b368.83839349,Family
1012,IET6a2518960ddf00.06744713,Family
1013,IET6a25903e077604.82360885,Family
1014,IET6a28c4edaaecc3.73026309,Family
1015,IET6a28c4edab4f47.22321771,Family
1016,IET6a2cd9c905e4c8.99970833,Family
1017,IET6a2d8cce1eb264.89288492,Family
1018,IET6a2d8cce1f2975.83083199,Family
1019,IET6a30be88392ba4.49448778,Family
1020,IET6a30be883997c8.64353355,Family
1021,IET6a32d7ff00b390.24236419,Family
1022,IET6a32def9a62ef3.07486378,Family
1023,IET6a32def9a692e7.48843674,Family
1024,IET6a32def9a6d914.44299344,Family
1025,IET6a33ff8c3b4ba0.80075370,Family
1026,IET6a398ee1d866f7.68169643,Family
1027,IET6a39a462b86a64.34496524,Family
1028,IET6a39ca9825fe43.23447738,Family
1029,IET6a3a7004b599d7.41434991,Family
1030,IET6a3a9f8793bca4.73555345,Family
1031,IET6a3bb9503d8179.07443825,Family
1032,IET6a3bb9503de555.65313513,Family
1033,IET6a3bb9503e31f8.06170021,Family
1034,IET6a3c294f7e79a9.22429580,Family
1035,IET6a3c594367f186.46538833,Family
1036,IET6a3c5943684438.00601652,Family
1037,IET6a3c751e11ae10.20011538,Family
1038,IET6a3c7affe84373.94992441,Family
1039,IET6a3c7eaec27ff1.87279223,Family
1040,IET6a3d562b7bbd40.87984122,Family
1041,IET6a3d5faedf3208.54026910,Family
1042,IET6a3d7a95586179.38244646,Family
1043,IET6a3d7a9558cce7.62605217,Family
1044,IET6a3eff56982ad3.83937895,Family
1045,IET6a4151e354e7e1.99235774,Family
1046,IET6a4151e3553614.98942057,Family
1047,IET6a41a63c4d8e92.71645407,Family
1048,IET6a41dba9d45eb5.24952099,Family
1049,IET6a41ef3acb1403.97438525,Family
1050,IET6a4269d38ae818.11676456,Family
1051,IET6a426a98128668.91501873,Family
1052,IET6a427175091873.24671750,Family
1053,IET6a427a271aa997.24121349,Family
1054,IET6a4311528d4d62.96029805,Family
1055,IET6a4311528dabb4.37801605,Family
1056,IET6a4311528decc4.44584806,Family
1057,IET6a4311528e2b43.99751230,Family
1058,IET6a43b4c4aff234.86239117,Family
1059,IET6a43b4c4b049a3.00799643,Family
1060,IET6a43deb31a0b41.86323378,Family
1061,IET6a442a38e43895.34204547,Family
1062,IET6a4576f55f7f55.64142120,Family
1063,IET6a457aae623324.84905509,Family
1064,IET6a45b0cc5f30a2.98244925,Family
1065,IET6a45b0cc5f7f99.00286329,Family
1066,IET6a45b122044254.49526215,Family
1067,IET6a45b1220492b7.92853897,Family
1068,IET6a46bb2c418449.83666483,Family
1069,IET6a46bb2c41f7f9.76266102,Family
1070,IET6a46de33d53b21.28173655,Family
1071,IET6a46de33d59c72.09457076,Family
1072,IET6a470a818fa809.24035273,Family
1073,IET6a470b8b8c2537.25562064,Family
1074,IET6a479960c07e96.63100153,Family
1075,IET6a47f4b83b7e47.03042808,Family
1076,IET6a47f74164b6e3.33258260,Family
1077,IET6a482f1bea8869.76144717,Family
1078,IET6a483145d5d996.85546442,Family
1079,IET6a388e085e22a2.96593648,Ltd Advance Female
1080,IET6a39a9d9caa800.34656710,Ltd Advance Female
1081,IET6a3a9ecb2001f1.17812972,Ltd Advance Female
1082,IET6a3b21cac9ce69.01960635,Ltd Advance Female
1083,IET6a3c6f08170d05.02224507,Ltd Advance Female
1084,IET6a3d70e451cb51.00690766,Ltd Advance Female
1085,IET6a3d9da4822f31.66247212,Ltd Advance Female
1086,IET6a3dbbe844d099.74384755,Ltd Advance Female
1087,IET6a3dca01c68824.94942524,Ltd Advance Female
1088,IET6a3e7b57a54c71.12423833,Ltd Advance Female
1089,IET6a3e7b57a592d0.41519552,Ltd Advance Female
1090,IET6a3e7d9fbe2f79.54424004,Ltd Advance Female
1091,IET6a3f2f125cbe61.28522675,Ltd Advance Female
1092,IET6a3f31de14b271.28256020,Ltd Advance Female
1093,IET6a3f358fcc9a02.12662412,Ltd Advance Female
1094,IET6a3f35951ef7e9.57118016,Ltd Advance Female
1095,IET6a3f3980e1a717.30224243,Ltd Advance Female
1096,IET6a3ff2aeb08611.89885934,Ltd Advance Female
1097,IET6a400b98b8b1b0.22442410,Ltd Advance Female
1098,IET6a4071de04ef66.09021599,Ltd Advance Female
1099,IET6a41234ca58819.61118054,Ltd Advance Female
1100,IET6a413673ed62a6.58306152,Ltd Advance Female
1101,IET6a414883e0be78.85528679,Ltd Advance Female
1102,IET6a41712f5aad22.24374413,Ltd Advance Female
1103,IET6a4192411d0a57.79374654,Ltd Advance Female
1104,IET6a41b41aaa3572.34729447,Ltd Advance Female
1105,IET6a41b41aaaa1b1.73067133,Ltd Advance Female
1106,IET6a41d2e27a8994.54170099,Ltd Advance Female
1107,IET6a41ed558e70a3.01279003,Ltd Advance Female
1108,IET6a4201a87dfb28.13151716,Ltd Advance Female
1109,IET6a430288dae2f5.01877050,Ltd Advance Female
1110,IET6a430288db2b91.92832755,Ltd Advance Female
1111,IET6a430288db6e49.46198095,Ltd Advance Female
1112,IET6a43198a7b48b1.49251721,Ltd Advance Female
1113,IET6a432ad23cb6b3.68328320,Ltd Advance Female
1114,IET6a432ad23d0d85.42595998,Ltd Advance Female
1115,IET6a443c8b5cf9f0.95806422,Ltd Advance Female
1116,IET6a444c5736ffc4.85101204,Ltd Advance Female
1117,IET6a445d15dafc80.10445111,Ltd Advance Female
1118,IET6a4473986ebc74.38287856,Ltd Advance Female
1119,IET6a450a458a83a1.92257731,Ltd Advance Female
1120,IET6a452c5d1ef297.08560636,Ltd Advance Female
1121,IET6a459449367ab7.98618855,Ltd Advance Female
1122,IET6a459d05123953.89705902,Ltd Advance Female
1123,IET6a45a1cae5f440.56430613,Ltd Advance Female
1124,IET6a45b182098ae0.89390857,Ltd Advance Female
1125,IET6a45d6a320b2e7.48225589,Ltd Advance Female
1126,IET6a4680605a5645.64415138,Ltd Advance Female
1127,IET6a46a14c745784.06992838,Ltd Advance Female
1128,IET6a46a14c749e35.05226936,Ltd Advance Female
1129,IET6a46b129110488.07024594,Ltd Advance Female
1130,IET6a46eeb135ff34.01994154,Ltd Advance Female
1131,IET6a4705da84fd17.56350823,Ltd Advance Female
1132,IET6a470bf0719431.76328057,Ltd Advance Female
1133,IET6a4714046ca260.43109024,Ltd Advance Female
1134,IET6a471fac2260e9.61031602,Ltd Advance Female
1135,IET6a471fac22caa7.86993654,Ltd Advance Female
1136,IET6a47299fcbe2b1.59168361,Ltd Advance Female
1137,IET6a47d5274bfab6.39240757,Ltd Advance Female
1138,IET6a4818206169f2.85293547,Ltd Advance Female
1139,IET6a4832c97661a0.52131675,Ltd Advance Female
1140,IET6a4832c976ba88.28573850,Ltd Advance Female
1141,IET6a4832c9771856.39108051,Ltd Advance Female
1142,IET6a397ff1bf2503.59745672,Ltd Advance Male
1143,IET6a398350bcc4f7.42734870,Ltd Advance Male
1144,IET6a3acf41a056b1.73883910,Ltd Advance Male
1145,IET6a3c6f08175eb5.33284288,Ltd Advance Male
1146,IET6a3d10d76380b7.61694262,Ltd Advance Male
1147,IET6a3d10d763ce75.12759042,Ltd Advance Male
1148,IET6a3dca01c6d579.55807349,Ltd Advance Male
1149,IET6a3e31732dc897.96884928,Ltd Advance Male
1150,IET6a3e7d9fbe7b97.14954921,Ltd Advance Male
1151,IET6a3e81ec0300e0.36330490,Ltd Advance Male
1152,IET6a3e81ec035162.75832661,Ltd Advance Male
1153,IET6a3e81ec039565.71973046,Ltd Advance Male
1154,IET6a3f110543d1e0.91237392,Ltd Advance Male
1155,IET6a3f358fcd1286.33980719,Ltd Advance Male
1156,IET6a3f35951f4bd0.86700772,Ltd Advance Male
1157,IET6a3f3980e14788.32744633,Ltd Advance Male
1158,IET6a3fe43d7705c9.91587528,Ltd Advance Male
1159,IET6a4019bd631021.15071368,Ltd Advance Male
1160,IET6a4192411d56f4.20980608,Ltd Advance Male
1161,IET6a4192411d9c75.50648304,Ltd Advance Male
1162,IET6a41931037e134.76651643,Ltd Advance Male
1163,IET6a419310383633.87219607,Ltd Advance Male
1164,IET6a4193103877d9.31916088,Ltd Advance Male
1165,IET6a41b06859daa7.61523356,Ltd Advance Male
1166,IET6a41f46397b7a1.08251691,Ltd Advance Male
1167,IET6a41f4639800c7.46379314,Ltd Advance Male
1168,IET6a4299e68d76a1.90556813,Ltd Advance Male
1169,IET6a42fa571e5c04.31667411,Ltd Advance Male
1170,IET6a43c8ae5b1021.56069946,Ltd Advance Male
1171,IET6a443c8b5d6637.74955028,Ltd Advance Male
1172,IET6a444c57375004.45357329,Ltd Advance Male
1173,IET6a447367d70723.66870851,Ltd Advance Male
1174,IET6a4483f8515580.40364253,Ltd Advance Male
1175,IET6a44863d6c1e99.34931466,Ltd Advance Male
1176,IET6a450a458ad811.18961614,Ltd Advance Male
1177,IET6a450a458b2454.18196683,Ltd Advance Male
1178,IET6a452c5d1f4595.28335485,Ltd Advance Male
1179,IET6a452c5d1f8b80.53132033,Ltd Advance Male
1180,IET6a455a54534fd3.07667583,Ltd Advance Male
1181,IET6a455d6edcb5e3.69527069,Ltd Advance Male
1182,IET6a4562382207f8.44793096,Ltd Advance Male
1183,IET6a4572fea86670.44498973,Ltd Advance Male
1184,IET6a457eb5e69697.77268364,Ltd Advance Male
1185,IET6a457eb5e6f034.29535308,Ltd Advance Male
1186,IET6a457eb5e73a38.06352970,Ltd Advance Male
1187,IET6a457eb5e786f4.31877225,Ltd Advance Male
1188,IET6a457eb5e7d662.11523536,Ltd Advance Male
1189,IET6a45b957a03090.48527633,Ltd Advance Male
1190,IET6a45d268030bd8.27253991,Ltd Advance Male
1191,IET6a45d6a322dc52.56914193,Ltd Advance Male
1192,IET6a45d6a3233119.55901688,Ltd Advance Male
1193,IET6a45e2cd216048.74150439,Ltd Advance Male
1194,IET6a4617dcc74cc7.87761923,Ltd Advance Male
1195,IET6a4671f69e2da0.89579779,Ltd Advance Male
1196,IET6a46b129116d15.55127540,Ltd Advance Male
1197,IET6a46bd960722c6.41837968,Ltd Advance Male
1198,IET6a46e77b12d505.40185541,Ltd Advance Male
1199,IET6a46e78b87aa42.45196953,Ltd Advance Male
1200,IET6a46eeb1365022.47371977,Ltd Advance Male
1201,IET6a4710e11f6665.54895096,Ltd Advance Male
1202,IET6a471973886312.66782572,Ltd Advance Male
1203,IET6a47197388b898.88700491,Ltd Advance Male
1204,IET6a471fac230f49.93542757,Ltd Advance Male
1205,IET6a4734de5a5c19.45357033,Ltd Advance Male
1206,IET6a4734de5aab08.16683209,Ltd Advance Male
1207,IET6a47b85459ddb2.10015951,Ltd Advance Male
1208,IET6a4817a7110f26.64558027,Ltd Advance Male
1209,IET6a4817a7115e88.47659548,Ltd Advance Male
1210,IET6a48180ea75cb0.85373338,Ltd Advance Male
1211,IET6a4832c97766a9.49360477,Ltd Advance Male
1212,IET6a483973aae3a3.61598286,Ltd Advance Male
