All White,00001,92785332100001,$150.00 
All White,00002,59055332100002,$150.00 
All White,00003,17215332100003,$150.00 
All White,00004,71245332100004,$150.00 
All White,00005,95465332100005,$150.00 
All White,00006,88215332100006,$150.00 
All White,00007,20625332100007,$150.00 
All White,00008,80825332100008,$150.00 
All White,00009,29835332100009,$150.00 
All White,00010,58295332100010,$150.00 
All White,00011,93345332100011,$150.00 
All White,00012,26225332100012,$150.00 
All White,00013,85405332100013,$150.00 
All White,00014,58855332100014,$150.00 
All White,00015,62335332100015,$150.00 
All White,00016,49765332100016,$150.00 
All White,00017,65775332100017,$150.00 
All White,00018,77245332100018,$150.00 
All White,00019,61155332100019,$150.00 
All White,00020,93845332100020,$150.00 
All White,00021,14395332100021,$150.00 
All White,00022,11265332100022,$150.00 
All White,00023,42065332100023,$150.00 
All White,00024,14835332100024,$150.00 
All White,00025,52835332100025,$150.00 
All White,00026,64265332100026,$150.00 
All White,00027,30535332100027,$150.00 
All White,00028,79415332100028,$150.00 
All White,00029,61595332100029,$150.00 
All White,00030,82915332100030,$150.00 
All White,00031,42275332100031,$150.00 
All White,00032,43585332100032,$150.00 
All White,00033,13375332100033,$150.00 
All White,00034,87245332100034,$150.00 
All White,00035,22795332100035,$150.00 
All White,00036,53985332100036,$150.00 
All White,00037,58835332100037,$150.00 
All White,00038,13385332100038,$150.00 
All White,00039,79375332100039,$150.00 
All White,00040,41855332100040,$150.00 
All White,00041,94905332100041,$150.00 
All White,00042,18635332100042,$150.00 
All White,00043,15665332100043,$150.00 
All White,00044,39395332100044,$150.00 
All White,00045,75575332100045,$150.00 
All White,00046,89205332100046,$150.00 
All White,00047,58655332100047,$150.00 
All White,00048,68725332100048,$150.00 
All White,00049,75135332100049,$150.00 
All White,00050,30355332100050,$150.00 
All White,00051,78255332100051,$150.00 
All White,00052,53265332100052,$150.00 
All White,00053,13985332100053,$150.00 
All White,00054,19005332100054,$150.00 
All White,00055,89305332100055,$150.00 
All White,00056,21615332100056,$150.00 
All White,00057,36885332100057,$150.00 
All White,00058,98915332100058,$150.00 
All White,00059,56115332100059,$150.00 
All White,00060,63995332100060,$150.00 
All White,00061,13815332100061,$150.00 
All White,00062,58385332100062,$150.00 
All White,00063,79465332100063,$150.00 
All White,00064,41165332100064,$150.00 
All White,00065,53155332100065,$150.00 
All White,00066,50345332100066,$150.00 
All White,00067,66185332100067,$150.00 
All White,00068,35785332100068,$150.00 
All White,00069,47535332100069,$150.00 
All White,00070,65035332100070,$150.00 
All White,00071,51135332100071,$150.00 
All White,00072,16345332100072,$150.00 
All White,00073,52085332100073,$150.00 
All White,00074,55185332100074,$150.00 
All White,00075,91795332100075,$150.00 
All White,00076,63575332100076,$150.00 
All White,00077,55235332100077,$150.00 
All White,00078,83625332100078,$150.00 
All White,00079,95235332100079,$150.00 
All White,00080,79365332100080,$150.00 
All White,00081,41985332100081,$150.00 
All White,00082,43515332100082,$150.00 
All White,00083,27705332100083,$150.00 
All White,00084,58145332100084,$150.00 
All White,00085,79675332100085,$150.00 
All White,00086,30905332100086,$150.00 
All White,00087,56605332100087,$150.00 
All White,00088,20775332100088,$150.00 
All White,00089,66315332100089,$150.00 
All White,00090,19955332100090,$150.00 
All White,00091,85065332100091,$150.00 
All White,00092,60995332100092,$150.00 
All White,00093,41285332100093,$150.00 
All White,00094,10595332100094,$150.00 
All White,00095,28975332100095,$150.00 
All White,00096,54325332100096,$150.00 
All White,00097,68695332100097,$150.00 
All White,00098,18655332100098,$150.00 
All White,00099,26455332100099,$150.00 
All White,00100,19445332100100,$150.00 
All White,00101,53125332100101,$150.00 
All White,00102,88495332100102,$150.00 
All White,00103,39975332100103,$150.00 
All White,00104,52115332100104,$150.00 
All White,00105,27905332100105,$150.00 
All White,00106,58275332100106,$150.00 
All White,00107,20825332100107,$150.00 
All White,00108,11595332100108,$150.00 
All White,00109,15925332100109,$150.00 
All White,00110,67445332100110,$150.00 
All White,00111,96165332100111,$150.00 
All White,00112,39495332100112,$150.00 
All White,00113,92865332100113,$150.00 
All White,00114,97035332100114,$150.00 
All White,00115,58565332100115,$150.00 
All White,00116,21295332100116,$150.00 
All White,00117,23065332100117,$150.00 
All White,00118,72265332100118,$150.00 
All White,00119,48005332100119,$150.00 
All White,00120,60115332100120,$150.00 
All White,00121,87675332100121,$150.00 
All White,00122,77675332100122,$150.00 
All White,00123,86445332100123,$150.00 
All White,00124,73215332100124,$150.00 
All White,00125,45585332100125,$150.00 
All White,00126,54845332100126,$150.00 
All White,00127,84835332100127,$150.00 
All White,00128,40875332100128,$150.00 
All White,00129,96565332100129,$150.00 
All White,00130,62465332100130,$150.00 
All White,00131,52665332100131,$150.00 
All White,00132,97785332100132,$150.00 
All White,00133,67175332100133,$150.00 
All White,00134,19095332100134,$150.00 
All White,00135,59945332100135,$150.00 
All White,00136,16985332100136,$150.00 
All White,00137,58945332100137,$150.00 
All White,00138,98205332100138,$150.00 
All White,00139,41815332100139,$150.00 
All White,00140,66225332100140,$150.00 
All White,00141,39215332100141,$150.00 
All White,00142,65955332100142,$150.00 
All White,00143,75495332100143,$150.00 
All White,00144,86915332100144,$150.00 
All White,00145,84365332100145,$150.00 
All White,00146,81235332100146,$150.00 
All White,00147,49895332100147,$150.00 
All White,00148,35535332100148,$150.00 
All White,00149,15685332100149,$150.00 
All White,00150,78405332100150,$150.00 
All White,00151,77565332100151,$150.00 
All White,00152,97455332100152,$150.00 
All White,00153,47545332100153,$150.00 
All White,00154,72405332100154,$150.00 
All White,00155,29315332100155,$150.00 
All White,00156,13475332100156,$150.00 
All White,00157,18255332100157,$150.00 
All White,00158,36445332100158,$150.00 
All White,00159,81145332100159,$150.00 
All White,00160,48625332100160,$150.00 
All White,00161,83335332100161,$150.00 
All White,00162,72125332100162,$150.00 
All White,00163,23875332100163,$150.00 
All White,00164,93615332100164,$150.00 
All White,00165,81255332100165,$150.00 
All White,00166,62115332100166,$150.00 
All White,00167,35125332100167,$150.00 
All White,00168,48755332100168,$150.00 
All White,00169,91765332100169,$150.00 
All White,00170,65305332100170,$150.00 
All White,00171,33815332100171,$150.00 
All White,00172,50315332100172,$150.00 
All White,00173,26665332100173,$150.00 
All White,00174,14485332100174,$150.00 
All White,00175,47285332100175,$150.00 
All White,00176,89455332100176,$150.00 
All White,00177,53035332100177,$150.00 
All White,00178,66425332100178,$150.00 
All White,00179,60755332100179,$150.00 
All White,00180,13665332100180,$150.00 
All White,00181,49105332100181,$150.00 
All White,00182,74635332100182,$150.00 
All White,00183,69355332100183,$150.00 
All White,00184,90605332100184,$150.00 
All White,00185,72465332100185,$150.00 
All White,00186,74455332100186,$150.00 
All White,00187,62715332100187,$150.00 
All White,00188,64585332100188,$150.00 
All White,00189,40875332100189,$150.00 
All White,00190,70715332100190,$150.00 
All White,00191,31945332100191,$150.00 
All White,00192,35395332100192,$150.00 
All White,00193,65545332100193,$150.00 
All White,00194,27925332100194,$150.00 
All White,00195,89155332100195,$150.00 
All White,00196,99755332100196,$150.00 
All White,00197,86915332100197,$150.00 
All White,00198,62885332100198,$150.00 
All White,00199,69545332100199,$150.00 
All White,00200,15255332100200,$150.00 
All White,00201,72935332100201,$150.00 
All White,00202,29885332100202,$150.00 
All White,00203,55905332100203,$150.00 
All White,00204,56655332100204,$150.00 
All White,00205,59835332100205,$150.00 
All White,00206,28325332100206,$150.00 
All White,00207,25605332100207,$150.00 
All White,00208,94905332100208,$150.00 
All White,00209,35435332100209,$150.00 
All White,00210,32915332100210,$150.00 
All White,00211,60215332100211,$150.00 
All White,00212,48515332100212,$150.00 
All White,00213,24895332100213,$150.00 
All White,00214,86265332100214,$150.00 
All White,00215,37445332100215,$150.00 
All White,00216,87395332100216,$150.00 
All White,00217,19015332100217,$150.00 
All White,00218,64125332100218,$150.00 
All White,00219,65745332100219,$150.00 
All White,00220,49365332100220,$150.00 
All White,00221,15005332100221,$150.00 
All White,00222,92965332100222,$150.00 
All White,00223,41295332100223,$150.00 
All White,00224,48995332100224,$150.00 
All White,00225,79775332100225,$150.00 
All White,00226,90175332100226,$150.00 
All White,00227,37565332100227,$150.00 
All White,00228,29025332100228,$150.00 
All White,00229,75725332100229,$150.00 
All White,00230,46715332100230,$150.00 
All White,00231,87295332100231,$150.00 
All White,00232,54275332100232,$150.00 
All White,00233,39005332100233,$150.00 
All White,00234,62235332100234,$150.00 
All White,00235,77125332100235,$150.00 
All White,00236,88065332100236,$150.00 
All White,00237,40305332100237,$150.00 
All White,00238,42815332100238,$150.00 
All White,00239,24515332100239,$150.00 
All White,00240,61105332100240,$150.00 
All White,00241,68135332100241,$150.00 
All White,00242,51015332100242,$150.00 
All White,00243,17335332100243,$150.00 
All White,00244,52885332100244,$150.00 
All White,00245,24615332100245,$150.00 
All White,00246,48625332100246,$150.00 
All White,00247,85875332100247,$150.00 
All White,00248,45615332100248,$150.00 
All White,00249,13745332100249,$150.00 
All White,00250,21755332100250,$150.00 
All White,00251,97435332100251,$150.00 
All White,00252,60615332100252,$150.00 
All White,00253,22195332100253,$150.00 
All White,00254,38515332100254,$150.00 
All White,00255,33275332100255,$150.00 
All White,00256,47225332100256,$150.00 
All White,00257,72575332100257,$150.00 
All White,00258,59205332100258,$150.00 
All White,00259,18155332100259,$150.00 
All White,00260,64205332100260,$150.00 
All White,00261,39245332100261,$150.00 
All White,00262,38915332100262,$150.00 
All White,00263,12445332100263,$150.00 
All White,00264,33645332100264,$150.00 
All White,00265,26545332100265,$150.00 
All White,00266,52695332100266,$150.00 
All White,00267,66565332100267,$150.00 
All White,00268,57365332100268,$150.00 
All White,00269,49615332100269,$150.00 
All White,00270,83245332100270,$150.00 
All White,00271,58065332100271,$150.00 
All White,00272,35845332100272,$150.00 
All White,00273,97685332100273,$150.00 
All White,00274,11045332100274,$150.00 
All White,00275,81165332100275,$150.00 
All White,00276,29595332100276,$150.00 
All White,00277,39825332100277,$150.00 
All White,00278,76995332100278,$150.00 
All White,00279,48735332100279,$150.00 
All White,00280,13095332100280,$150.00 
All White,00281,93225332100281,$150.00 
All White,00282,17625332100282,$150.00 
All White,00283,36875332100283,$150.00 
All White,00284,11165332100284,$150.00 
All White,00285,54015332100285,$150.00 
All White,00286,22675332100286,$150.00 
All White,00287,21925332100287,$150.00 
All White,00288,77915332100288,$150.00 
All White,00289,80525332100289,$150.00 
All White,00290,95315332100290,$150.00 
All White,00291,89995332100291,$150.00 
All White,00292,28145332100292,$150.00 
All White,00293,59035332100293,$150.00 
All White,00294,64795332100294,$150.00 
All White,00295,39025332100295,$150.00 
All White,00296,91165332100296,$150.00 
All White,00297,72105332100297,$150.00 
All White,00298,71555332100298,$150.00 
All White,00299,83265332100299,$150.00 
All White,00300,57355332100300,$150.00 
