0001,IET6a3f0d1999c596.47513488,Cheerleader 
0002,IET6a3f0dba122022.31610404,Cheerleader 
0003,IET6a3f0dcdac4462.28164675,Cheerleader 
0004,IET6a3f0f64c88536.87293897,Cheerleader 
0005,IET6a3f0f71e9acf7.15389209,Cheerleader 
0006,IET6a3f1000c52611.20603597,Cheerleader 
0007,IET6a3f11055a64c1.69021883,Cheerleader 
0008,IET6a3f12c540c3b6.71077660,Cheerleader 
0009,IET6a3f1358546392.16966173,Cheerleader 
0010,IET6a3f145f59a008.54198278,Cheerleader 
0011,IET6a3f165ba73612.87623317,Cheerleader 
0012,IET6a3f165ba78322.07365502,Cheerleader 
0013,IET6a3f169d158999.11606104,Cheerleader 
0014,IET6a3f1761e5dc04.63984851,Cheerleader 
0015,IET6a3f19559cd5b0.98366563,Cheerleader 
0016,IET6a3f19559d3456.01681871,Cheerleader 
0017,IET6a3f19c893c858.42037853,Cheerleader 
0018,IET6a3f1a9dea6ae8.62620260,Cheerleader 
0019,IET6a3f20fbb4bbc3.09751917,Cheerleader 
0020,IET6a3f4253cb89b1.24103397,Cheerleader 
0021,IET6a3f450b4e4470.76084150,Cheerleader 
0022,IET6a3f450b4eeca4.03882665,Cheerleader 
0023,IET6a3f57c999ac31.58684170,Cheerleader 
0024,IET6a3f57c99a1fd3.46547315,Cheerleader 
0025,IET6a3fd681efcb72.12788248,Cheerleader 
0026,IET6a3fdb0fb61937.41033790,Cheerleader 
0027,IET6a3fedc32c5398.70335455,Cheerleader 
0028,IET6a3ff2479d0e85.16175433,Cheerleader 
0029,IET6a3ff6cc13cc21.11537604,Cheerleader 
0030,IET6a3ff7d3a61db5.06667140,Cheerleader 
0031,IET6a3ff8b3644402.61574134,Cheerleader 
0032,IET6a400faee46cc1.50751574,Cheerleader 
0033,IET6a4020b4aa2bd3.84448346,Cheerleader 
0034,IET6a40615c357539.21242380,Cheerleader 
0035,IET6a406359528ec1.48637876,Cheerleader 
0036,IET6a4067f24aa1c2.17323444,Cheerleader 
0037,IET6a40b362a8f429.40821830,Cheerleader 
0038,IET6a412ad6ef6c77.21800557,Cheerleader 
0039,IET6a4147d8ee9931.97336868,Cheerleader 
0040,IET6a41bf3719f019.41729759,Cheerleader 
0041,IET6a41bf371a3442.62512353,Cheerleader 
0042,IET6a4281630cd373.76151632,Cheerleader 
0043,IET6a428f4a980384.36716448,Cheerleader 
0044,IET6a42cb32744071.43643156,Cheerleader 
0045,IET6a42cd40651a98.10656854,Cheerleader 
0046,IET6a42f06f4923b7.95193657,Cheerleader 
0047,IET6a42f7cc5933d9.87302951,Cheerleader 
0048,IET6a42f7cc598e91.20592727,Cheerleader 
0049,IET6a42fc3202e424.34249361,Cheerleader 
0050,IET6a43b12f8b1997.16766858,Cheerleader 
0051,IET6a43b47a61f323.14341519,Cheerleader 
0052,IET6a43eeb71d75e1.85836957,Cheerleader 
0053,IET6a4455aec14f82.07063943,Cheerleader 
0054,IET6a453da5eccd19.03458420,Cheerleader 
0055,IET6a453f8c017628.16165051,Cheerleader 
0056,IET6a4579bf747684.95563870,Cheerleader 
0057,IET6a457c051fee14.41656541,Cheerleader 
0058,IET6a46c7dc4b74e0.29524279,Cheerleader 
0059,IET6a487a2d853ac1.28816001,Cheerleader 
0060,IET6a497e8bc0f3a1.16087675,Cheerleader 
0061,IET6a497e8bc13c59.50859343,Cheerleader 
0062,IET6a4e6df3aee3e4.04876417,Cheerleader 
0063,IET6a4e6df3af3ab3.92447033,Cheerleader 
0064,IET6a4e9616d44874.29383973,Cheerleader 
0065,IET6a4e9616d4ab12.47529980,Cheerleader 
0066,IET6a4ea90f61ca97.37873646,Cheerleader 
0067,IET6a4f89a44d8b51.38864405,Cheerleader 
0068,IET6a4f89a44df619.25698635,Cheerleader 
0069,IET6a5141225e3622.19839786,Cheerleader 
0070,IET6a514539f09da1.24629448,Cheerleader 
0071,IET6a515393069ca2.08767438,Cheerleader 
0072,IET6a515c95984aa6.15651211,Cheerleader 
0073,IET6a52541d733122.33587460,Cheerleader 
0074,IET6a5284b3448905.38203728,Cheerleader 
0075,IET6a5293c0dceb98.34346961,Cheerleader 
0076,IET6a553d8769e3e1.70129324,Cheerleader 
0077,IET6a553d876a3231.11114651,Cheerleader 
0078,IET6a5566cc5a7773.42613861,Cheerleader 
0079,IET6a5566cc5ad045.54034888,Cheerleader 
0080,IET6a567382498916.68880350,Cheerleader 
0081,IET6a56738249d790.69298461,Cheerleader 
0082,IET6a567c03f3c770.94057707,Cheerleader 
0083,IET6a56d76dee9224.66204093,Cheerleader 
0084,IET6a57de482daa63.12468362,Cheerleader 
0085,IET6a57de482df831.94955816,Cheerleader 
0086,IET6a57ec0e9f4e00.09217734,Cheerleader 
0087,IET6a58092f01ff94.03843498,Cheerleader 
0088,IET6a58498e9a57b2.10411804,Cheerleader 
0089,IET6a58f7cf62e8d4.86881421,Cheerleader 
0090,IET6a58f7cf634797.08899784,Cheerleader 
0091,IET6a5a6f77ef26d0.29882004,Cheerleader 
0092,IET6a5bb413a31557.48431472,Cheerleader 
0093,IET6a5bb413a36c28.33104851,Cheerleader 
0094,IET6a5e398adf51c6.35523728,Cheerleader 
0095,IET6a5e398adfb7c3.74504366,Cheerleader 
0096,IET6a5e4fa33a5f50.08663547,Cheerleader 
0097,IET6a5e4fa33acfe7.24188484,Cheerleader 
0098,IET6a5e598f4d10d1.45166460,Cheerleader 
0099,IET6a5e598f4d6e39.37891033,Cheerleader 
0100,IET6a5eb036d65cd3.17519170,Cheerleader 
0101,IET6a62146ad43ce2.72970868,Cheerleader 
0102,IET6a62303d6cf3d5.52845385,Cheerleader 
0103,IET6a623e871949a9.31728706,Cheerleader 
0104,IET6a6551aeca3cd7.04295154,Cheerleader 
0105,IET6a6667e7b95085.23441205,Cheerleader 
0106,IET6a67668438a3a6.75361096,Cheerleader 
0107,IET6a68b1f24b2ee4.76480727,Cheerleader 
0108,IET6a6b525284c2d0.98790034,Cheerleader 
0109,IET6a6b7f91680297.22344729,Cheerleader 
0110,IET6a6b940f9e96b2.82659507,Cheerleader 
0111,IET6a6bb1c6ef2e96.22285207,Cheerleader 
0112,IET6a70b18fd86d37.89252552,Cheerleader 
0113,IET6a7131ebcf8443.37181989,Cheerleader 
0114,IET6a72232537b371.12195089,Cheerleader 
0115,IET6a727a9851c0c5.36699855,Cheerleader 
0116,IET6a72a756891863.27643366,Cheerleader 
0117,IET6a72dca8c71b95.84457819,Cheerleader 
0118,IET6a72dcbd26d5b5.02131745,Cheerleader 
0119,IET6a73255a099426.48800863,Cheerleader 
0120,IET6a73255a09f610.58079196,Cheerleader 
0121,IET6a73e3e5b544e0.99866841,Cheerleader 
0122,IET6a75162724b703.91499262,Cheerleader 
0123,IET6a753f22e78d12.01076854,Cheerleader 
0124,IET6a766679dd1827.87751021,Cheerleader 
0125,IET6a7686ca36eb50.00390183,Cheerleader 
0126,IET6a78b5bdad7e75.78606456,Cheerleader 
0127,IET6a78f5c9749b59.86878357,Cheerleader 
0128,IET6a79ef99610955.85481619,Cheerleader 
0129,IET6a7a19b5aca9f6.71258394,Cheerleader 
0130,IET6a7a3eb5030446.49467617,Cheerleader 
0131,IET6a7a41231e6466.74229405,Cheerleader 
0132,IET6a7a562fa54a77.71201645,Cheerleader 
0133,IET6a7b453e379282.65511880,Cheerleader 
0134,IET6a7b96fd110461.64255760,Cheerleader 
0135,TK6a7ba444bc44d9.18402352,Cheerleader 
0136,TK6a7c8fd4f08391.62550489,Cheerleader 
0137,IET6a7d118448fd81.96212006,Cheerleader 
0138,IET6a7d1ad6d12ed2.69022666,Cheerleader 
0139,IET6a7de87aaf1d48.88115705,Cheerleader 
0140,IET6a7e19d6a643d5.67247467,Cheerleader 
0141,IET6a7e19d6a699f8.23818026,Cheerleader 
0142,IET6a7e1a9aad0180.69341899,Cheerleader 
0143,IET6a7f19d3ed1300.93732321,Cheerleader 
0144,IET6a7f42de3cbb11.72196553,Cheerleader 
0145,IET6a7f42de3d3586.52628365,Cheerleader 
0146,IET6a7f42de3db090.78246900,Cheerleader 
0147,IET6a7f42e1b4fa09.11173075,Cheerleader 
0148,IET6a7f42e1b55478.37432729,Cheerleader 
0149,IET6a7f42e1b5a7e9.96452882,Cheerleader 
0150,IET6a7f42e1b5f698.14494110,Cheerleader 
0151,IET6a7f42e1b646a2.82467550,Cheerleader 
0152,IET6a7f885fe015a9.82658146,Cheerleader 
0153,IET6a7f96d7208151.87916023,Cheerleader 
0154,IET6a3f1118793f14.67907124,Cheerleader 
0155,IET6a3f12edc12ea2.41872605,Cheerleader 
0156,IET6a3f1a42213757.74325653,Cheerleader 
0157,IET6a3f1e60978510.63853114,Cheerleader 
0158,IET6a40357f134441.18000222,Cheerleader 
0159,TK6a6b84a8e6f695.31980416,Comps
0160,TK6a6b84a924a033.12287430,Comps
0161,TK6a6b8500b672a1.51551673,Comps
0162,TK6a6b8500e0b959.83879734,Comps
0163,TK6a6b8b969c7673.38717899,Comps
0164,TK6a6ba34c6a5612.66250716,Comps
0165,TK6a79e45e0ad392.93323968,Comps
0166,TK6a79e45e3544c5.26973490,Comps
0167,TK6a79e45e6c4102.74803293,Comps
0168,TK6a79e45e9d8930.15765741,Comps
0169,TK6a79e45ecd8f50.49174259,Comps
0170,TK6a79e45f09c215.33786821,Comps
0171,TK6a79e492c726a9.75898165,Comps
0172,TK6a79e493094f39.15848051,Comps
0173,TK6a79e49331f637.59286721,Comps
0174,TK6a79e57a9ebd19.51050601,Comps
0175,TK6a79e57aca04f5.13564310,Comps
0176,TK6a79e57af32e09.61997529,Comps
0177,TK6a79e57b278e00.15179973,Comps
0178,TK6a79e5c9ba3417.26046271,Comps
0179,TK6a79e5ca052934.08464965,Comps
0180,TK6a79e671e0f301.82264968,Comps
0181,TK6a79e6b8be4580.08853541,Comps
0182,TK6a79e6b8ecc150.15540910,Comps
0183,TK6a79e6b92715f5.22519984,Comps
0184,TK6a79f2f3933465.46095151,Comps
0185,TK6a79f2f3c53d43.64324408,Comps
0186,TK6a79f2f4139fa4.90742350,Comps
0187,TK6a79fb52e0e457.23213236,Comps
0188,TK6a79fb535e2627.39127808,Comps
0189,TK6a79fdaed68de2.12421931,Comps
0190,TK6a79fdaf168699.15022826,Comps
0191,TK6a79fdaf5249a7.99011594,Comps
0192,TK6a7a1e1f0ec8a7.66810392,Comps
0193,TK6a7a1e1f3dbfe9.03850938,Comps
0194,TK6a7a1e1f799773.60496868,Comps
0195,TK6a7a1e1fa5e292.82744200,Comps
0196,TK6a7a1e1fcf9405.29461719,Comps
0197,TK6a7a1e200537f3.77811311,Comps
0198,TK6a7ba89f09e7c9.08175274,Comps
0199,TK6a7ba89f3bacf0.01586596,Comps
0200,TK6a7bb42877adb5.96156332,Comps
0201,TK6a7bb428b5d740.35215112,Comps
0202,TK6a7bd06303afd5.71995143,Comps
0203,TK6a7bd0633119c5.38846319,Comps
0204,TK6a7c86bcb23384.29891636,Comps
0205,TK6a7c86bcdcbbb6.42812131,Comps
0206,TK6a7cb6db86c4a1.92049562,Comps
0207,TK6a7cb6dbb19b20.59798164,Comps
0208,TK6a7cb6dbddeb32.63145191,Comps
0209,TK6a7cb6dc127968.15898989,Comps
0210,TK6a7cb6dc432624.17678561,Comps
0211,TK6a7d1ae3c743f3.12206912,Comps
0212,TK6a7dc7bcb33d02.13525386,Comps
0213,TK6a7dc7bd0ef868.64452196,Comps
0214,TK6a7e06409a4097.58815912,Comps
0215,TK6a7e0640c36339.52618669,Comps
0216,TK6a7e0b69c91215.87732542,Comps
0217,TK6a7e0b6a1f7249.10294675,Comps
0218,TK6a7e0b6a7a7674.12473834,Comps
0219,TK6a7e0c21ca0a70.71880103,Comps
0220,TK6a7e0c220d1c19.17368162,Comps
0221,TK6a7e15d4359360.09686548,Comps
0222,TK6a7e15d476de51.48868874,Comps
0223,TK6a7e2884ce2c58.13029595,Comps
0224,TK6a7e288505d559.23436788,Comps
0225,TK6a7e2885310073.29679636,Comps
0226,TK6a7e28855c26e2.84730531,Comps
0227,TK6a7e56b3e2c271.46983002,Comps
0228,TK6a7e56b425e4e1.22095179,Comps
0229,TK6a7e8c13cd49a4.84717271,Comps
0230,TK6a7e8c14340b20.03848427,Comps
0231,TK6a7e8c14604ff7.45039659,Comps
0232,TK6a7e8c14931731.53431987,Comps
0233,TK6a7e8c14c51770.63320238,Comps
0234,TK6a7e8c1503bc71.72456729,Comps
0235,TK6a7e92d12c7bd2.75813186,Comps
0236,TK6a7e93538424a5.98089535,Comps
0237,TK6a7e99b23472e0.93481347,Comps
0238,TK6a7e99b2816af4.17183692,Comps
0239,TK6a7e99b2cee533.36070463,Comps
0240,TK6a7e99b3084218.63049522,Comps
0241,TK6a7e99b333f479.53681311,Comps
0242,TK6a7f9785b359b2.40019718,Comps
0243,TK6a7f9785f05e29.80316249,Comps
0244,TK6a7f97862836f5.88911907,Comps
0245,TK6a7fb2d14b3797.13734732,Comps
0246,TK6a7fb2d1769551.19892848,Comps
0247,TK6a7fb2d1b93123.91763577,Comps
0248,TK6a7fb2d1ebd9b8.02550771,Comps
0249,TK6a7fb2d22a09a6.99626701,Comps
0250,TK6a7fb2d25bb9f5.96886011,Comps
0251,TK6a7fb2d28d4670.15440115,Comps
0252,TK6a7fb2d2c85988.54897027,Comps
0253,TK6a7fb2d305dcf2.56916594,Comps
0254,TK6a7fb2d33675a2.33486575,Comps
0255,TK6a7fb2d366e332.16868278,Comps
0256,TK6a7fb2d3994566.70918446,Comps
0257,TK6a7fb2d3cadae7.58493418,Comps
0258,TK6a7fb2d4098e92.32327454,Comps
0259,TK6a7fb2d43b73b8.14878594,Comps
0260,TK6a7fb2d4661283.93719162,Comps
0261,TK6a7fb2d49370a4.20249993,Comps
0262,TK6a7fb2d4bd62e6.85393173,Comps
0263,TK6a7fb2d4e839f5.53968750,Comps
0264,TK6a7fb2d51e1e09.38628151,Comps
0265,IET6a6bc2a41e8a00.31412916,Crew 
0266,IET6a6cd1a7bb8e75.16189953,Crew 
0267,IET6a6cd1a7c6ec93.04665094,Crew 
0268,IET6a6cd1a7cce5c0.47516500,Crew 
0269,IET6a6cd1a7cd33a6.91917887,Crew 
0270,IET6a6cd1a7d460f4.52637701,Crew 
0271,IET6a6d0581956ee0.42388868,Crew 
0272,IET6a7e19bf4ee8e7.77784406,Crew 
0273,IET6a7e1a6daef717.28652048,Crew 
0274,TK6a7e966cbce931.93597609,Crew 
0275,TK6a7e966d095481.28600209,Crew 
0276,IET6a7f447f608577.14787747,Crew 
0277,IET6a7f447f60cf83.44718045,Crew 
0278,IET6a7f85bcb085d1.58331612,Crew 
0279,IET6a7f85bcb0e9c0.46412640,Crew 
0280,IET6a3f07c4da1955.79530350,Starting 
0281,IET6a3f07ca1b9922.80583274,Starting 
0282,IET6a3f0804bc7d88.40405851,Starting 
0283,IET6a3f08a2192c77.99822169,Starting 
0284,IET6a3f08b1232f56.97466051,Starting 
0285,IET6a3f08ba317c42.46886934,Starting 
0286,IET6a3f08e57f4690.35481193,Starting 
0287,IET6a3f08f283d3e3.61204215,Starting 
0288,IET6a3f090f7a30e0.62783295,Starting 
0289,IET6a3f0951d49b00.94997641,Starting 
0290,IET6a3f09ce0ce621.35163726,Starting 
0291,IET6a3f09e81e39b8.73096637,Starting 
0292,IET6a3f09f6bf0984.88398564,Starting 
0293,IET6a3f0a050e6bb0.65989803,Starting 
0294,IET6a3f0aa76a4c04.47146917,Starting 
0295,IET6a3f0aace014e5.66164101,Starting 
0296,IET6a3f0ab9e91e66.10645270,Starting 
0297,IET6a3f0ac11104f4.86301866,Starting 
0298,IET6a3f0ac8e18235.50969135,Starting 
0299,IET6a3f0acf8f5d65.72189529,Starting 
0300,IET6a3f0b382c4534.72765371,Starting 
0301,IET6a3f0b59e8c1b6.08442618,Starting 
0302,IET6a3f0bca51e153.76567336,Starting 
0303,IET6a3f0bd67224c8.78355725,Starting 
0304,IET6a3f0bf1c799a0.92932961,Starting 
0305,IET6a3f0bfa03b429.92446108,Starting 
0306,IET6a3f0c8b47dd08.65118726,Starting 
0307,IET6a3f0d1e521767.63323889,Starting 
0308,IET6a3f0dd1476af7.68643354,Starting 
0309,IET6a3f0ddda437b2.13566235,Starting 
0310,IET6a3f0e16422d94.58406475,Starting 
0311,IET6a3f0e1d86fd41.32815491,Starting 
0312,IET6a3f0e37acf542.07376375,Starting 
0313,IET6a3f0e99bc4105.05779282,Starting 
0314,IET6a3f0fa7e87eb5.76020760,Starting 
0315,IET6a3f10437c10b8.32900836,Starting 
0316,IET6a3f10b1cb0f26.22850559,Starting 
0317,IET6a3f1113beb222.60253328,Starting 
0318,IET6a3f12c5411584.58432100,Starting 
0319,IET6a3f140a56e3e8.61145479,Starting 
0320,IET6a3f145f5a0488.58612397,Starting 
0321,IET6a3f1495a43b86.55935353,Starting 
0322,IET6a3f1495a49348.20079025,Starting 
0323,IET6a3f14989b3cb0.91699254,Starting 
0324,IET6a3f14989b9126.82459688,Starting 
0325,IET6a3f1631ddac54.19831679,Starting 
0326,IET6a3f1631ddfa55.65618021,Starting 
0327,IET6a3f16bf4ab6c0.18305803,Starting 
0328,IET6a3f1c3e743419.88664681,Starting 
0329,IET6a3f1c3e749af2.28188868,Starting 
0330,IET6a4e72b4ca9798.81496417,Starting 
0331,IET6a4e72b4caedb5.27882719,Starting 
0332,TK6a7ba445081185.80343535,Starting 
0333,TK6a7c8fd5549536.21111800,Starting 
0334,IET6a7f87f118f585.82478659,Stop Be
0335,IET6a7f9f4d3cb554.34183904,Stop Be
0336,IET6a3f19c8943b30.60613586,Substitute
0337,IET6a3f266f848d29.16826897,Substitute
0338,IET6a3f2a495153f5.46235803,Substitute
0339,IET6a3f39bbd29d00.75481384,Substitute
0340,IET6a3f39bbd2e224.09306521,Substitute
0341,IET6a3f51fc562726.76697395,Substitute
0342,IET6a3f51fc5698f7.43649452,Substitute
0343,IET6a3f6da3a1e594.83928328,Substitute
0344,IET6a3fc71366b466.31932922,Substitute
0345,IET6a3fdb0fb66df7.91937913,Substitute
0346,IET6a3fedc32c9a66.91914910,Substitute
0347,IET6a3ff15630d274.92434529,Substitute
0348,IET6a3ff38ea317f1.63051561,Substitute
0349,IET6a3ff6673e3529.98021196,Substitute
0350,IET6a40055e0124a7.69177448,Substitute
0351,IET6a4020b4aaa750.76978754,Substitute
0352,IET6a4099f6f1ef17.37068698,Substitute
0353,IET6a40b362a93f21.02453879,Substitute
0354,IET6a412ad6efd992.77989253,Substitute
0355,IET6a4134afb741c9.06963644,Substitute
0356,IET6a4147d8eee8f5.72229954,Substitute
0357,IET6a418e2848d705.31635837,Substitute
0358,IET6a4299e68d19d5.13609516,Substitute
0359,IET6a42d01101f813.64322133,Substitute
0360,IET6a432a2101d6e1.17649427,Substitute
0361,IET6a4418322f9a53.76453636,Substitute
0362,IET6a442e07197ca2.73115481,Substitute
0363,IET6a4455aec1ad24.92229819,Substitute
0364,IET6a453da5ed1780.49777889,Substitute
0365,IET6a453e320b1dc7.04974897,Substitute
0366,IET6a453e9d0d75f3.79554330,Substitute
0367,IET6a468c19b47ea0.22536865,Substitute
0368,IET6a46aa080201e4.90210608,Substitute
0369,IET6a4ac741c35fd3.60613685,Substitute
0370,IET6a4c1ded1b7b36.47520484,Substitute
0371,IET6a4d1347d164d6.74621654,Substitute
0372,IET6a4edfd7a7d6a5.44053775,Substitute
0373,IET6a4ef13e9471a0.47472796,Substitute
0374,IET6a4ef13e94ce14.91722845,Substitute
0375,IET6a504c25483f80.14522212,Substitute
0376,IET6a514360d5ad02.95993724,Substitute
0377,IET6a52541d738b83.65716119,Substitute
0378,IET6a52b9d4dd3166.74061706,Substitute
0379,IET6a55579d1372d9.80221909,Substitute
0380,IET6a55579d13d5e8.81247419,Substitute
0381,IET6a5625a3cb1531.45401333,Substitute
0382,IET6a567c03f41cc3.50119542,Substitute
0383,IET6a5eb036d6ab41.73445932,Substitute
0384,IET6a5f68bb6930f8.24162727,Substitute
0385,IET6a61289d4cdbb0.94771366,Substitute
0386,IET6a62146ad498d4.85501335,Substitute
0387,IET6a62255ad44de7.45345150,Substitute
0388,IET6a63876dce3401.57724140,Substitute
0389,IET6a63876dce89f4.29445564,Substitute
0390,IET6a6667e7b99c47.92568250,Substitute
0391,IET6a6a0ba7621566.88881812,Substitute
0392,IET6a6a153e4175f1.61070866,Substitute
0393,IET6a6a41ffeac502.57287027,Substitute
0394,IET6a6b7f91686520.93370516,Substitute
0395,IET6a6bf7f5c9d679.72945091,Substitute
0396,IET6a70a04268c109.28585635,Substitute
0397,IET6a7268ad0fb390.57725018,Substitute
0398,IET6a727a98520857.11650832,Substitute
0399,IET6a72dca8c767c4.27558581,Substitute
0400,IET6a72dcbd2724e3.59815286,Substitute
0401,IET6a733db7460aa2.94668570,Substitute
0402,IET6a735175e9b347.83004287,Substitute
0403,IET6a746ba3c157e6.42043795,Substitute
0404,IET6a753f5c4e7cb1.35622710,Substitute
0405,IET6a763ca3031457.33343808,Substitute
0406,IET6a774cb35e9931.37843406,Substitute
0407,IET6a7904083e6e13.32954135,Substitute
0408,IET6a7a8d6411c239.07093314,Substitute
0409,IET6a7bde7a34f757.54174173,Substitute
0410,IET6a7cd0dcb8e804.21219672,Substitute
0411,IET6a7cd0dcbbd7e0.60026677,Substitute
0412,IET6a7d24ac0f4092.21241981,Substitute
0413,IET6a7dc7253aaff3.40296788,Substitute
0414,TK6a7e412247e797.34015816,Substitute
0415,IET6a7f421993c921.51886110,Substitute
0416,IET6a7f42de3e00f8.45469296,Substitute
0417,IET6a7f42e1b695e9.18911334,Substitute
0418,IET6a7f42e1b6e677.43477387,Substitute
0419,IET6a5e4cb777b2e1.32631478,Supporters
0420,IET6a5e5cb8e96856.72791210,Supporters
0421,IET6a67861b7f0de3.32261308,Supporters
0422,IET6a6a09db8e1896.37871112,Supporters
0423,IET6a6a27b130f9e1.26887972,Supporters
0424,IET6a6aaef0e0c662.88473844,Supporters
0425,IET6a6b7b71c23616.97701554,Supporters
0426,IET6a6b7ff7ec9b66.32592968,Supporters
0427,IET6a6d81fc645817.49681598,Supporters
0428,IET6a7245d0b8de19.90714630,Supporters
0429,IET6a735175ea1873.52037364,Supporters
0430,IET6a735f90e09cc3.60576686,Supporters
0431,IET6a73ac1c529883.96762476,Supporters
0432,IET6a75fc131b7ce0.82577495,Supporters
0433,IET6a772737b23e24.80001281,Supporters
0434,IET6a78f455c37b76.18197006,Supporters
0435,IET6a78f5c974e2a1.65660240,Supporters
0436,IET6a7a946f086c89.68572655,Supporters
0437,IET6a7b9f917bba45.06761824,Supporters
0438,IET6a7bae7aa904f0.13752059,Supporters
0439,IET6a7bb04c3273d3.19604837,Supporters
0440,IET6a7ddc3d9e9820.23729264,Supporters
0441,IET6a7df0e1daeb52.87409980,Supporters
0442,IET6a7e0ef2763a73.69014042,Supporters
0443,IET6a7e1389472821.96702227,Supporters
0444,IET6a7e7ff6d9f036.31387216,Supporters
0445,TK6a3f0af061dc59.04171906,WAGs
0446,TK6a3f0af09cbce5.86849383,WAGs
0447,TK6a3f0af0d70732.74037884,WAGs
0448,TK6a3f0af11a6d80.51280536,WAGs
0449,TK6a3f0af1530fe0.57958069,WAGs
0450,TK6a3f0af1945131.56883031,WAGs
0451,TK6a3f0af1d0bae1.61448314,WAGs
0452,TK6a3f0af21bf123.97946720,WAGs
0453,TK6a3f0af2553d06.77164037,WAGs
0454,TK6a3f0af295b6b1.61286754,WAGs
0455,TK6a3f0af2d04300.25739471,WAGs
0456,TK6a3f0af317a8c5.71869929,WAGs
0457,TK6a3f0af34f4af9.26689544,WAGs
0458,TK6a3f0af390d437.41573920,WAGs
0459,TK6a3f0af3cfbf91.18158248,WAGs
0460,TK6a3f0af423e101.82382761,WAGs
0461,TK6a3f0af4581783.14479117,WAGs
0462,TK6a3f0af494d2a2.11043202,WAGs
0463,TK6a3f0af4ce3067.07668547,WAGs
0464,TK6a3f0af5186ad9.16123447,WAGs
0465,TK6a3f0af5511274.64556674,WAGs
0466,TK6a3f0af58b8005.07820051,WAGs
0467,TK6a3f0af5bc43b5.31874891,WAGs
0468,TK6a3f0af5ee0a84.73862964,WAGs
0469,TK6a3f0af62f6478.44643145,WAGs
0470,TK6a3f0af6635f02.92338363,WAGs
0471,TK6a3f0af69e54f8.92486448,WAGs
0472,TK6a3f0af6ddd636.76286735,WAGs
0473,TK6a3f0af7290c00.74155313,WAGs
0474,TK6a3f0af7633f48.09028512,WAGs
0475,TK6a3f0af79e2503.37055365,WAGs
0476,TK6a3f0af7dc0021.31808226,WAGs
0477,TK6a3f0af8428f76.57223903,WAGs
0478,TK6a3f0af886f160.35862214,WAGs
0479,TK6a3f0af8c41922.60815357,WAGs
0480,TK6a3f0af916caa4.72357626,WAGs
0481,TK6a3f0af952a6f3.41478346,WAGs
0482,TK6a3f0af98d3700.74530147,WAGs
0483,TK6a3f0af9c7e063.64711159,WAGs
0484,TK6a3f0afa18e826.91672690,WAGs
0485,TK6a3f0afa4d8cd7.94610115,WAGs
0486,TK6a3f0afa8a3627.17912958,WAGs
0487,TK6a3f0afac17d01.57915325,WAGs
0488,TK6a3f0afb000a94.85732365,WAGs
0489,TK6a3f0afb3cb0b5.78983722,WAGs
0490,TK6a3f0afb714f59.29462130,WAGs
0491,TK6a3f0afbabae39.61848831,WAGs
0492,TK6a3f0afbea8385.93337907,WAGs
0493,TK6a3f0afc313753.42043784,WAGs
0494,TK6a3f0bd4102276.17300445,WAGs
0495,TK6a3f0d424fa679.35904257,WAGs
0496,TK6a3f0d428b3669.01376484,WAGs
0497,TK6a3f0d42c97d71.50720622,WAGs
0498,TK6a3f0d432162b7.03726689,WAGs
0499,TK6a3f0d435dc6b7.93348878,WAGs
0500,TK6a3f0d43994bb3.76050761,WAGs
0501,TK6a3f0d43d2c0e8.56259880,WAGs
0502,TK6a3f0d44113f82.23354660,WAGs
0503,TK6a3f0d4445f632.34821221,WAGs
0504,TK6a3f0d447d7673.68906570,WAGs
