0001,47994923100001,$250.00 
0002,57154923100002,$250.00 
0003,26734923100003,$250.00 
0004,76214923100004,$250.00 
0005,24964923100005,$250.00 
0006,61494923100006,$250.00 
0007,50474923100007,$250.00 
0008,97194923100008,$250.00 
0009,67864923100009,$250.00 
0010,87764923100010,$250.00 
0011,69224923100011,$250.00 
0012,40704923100012,$250.00 
0013,80564923100013,$250.00 
0014,92474923100014,$250.00 
0015,39114923100015,$250.00 
0016,21484923100016,$250.00 
0017,39464923100017,$250.00 
0018,84604923100018,$250.00 
0019,28834923100019,$250.00 
0020,86514923100020,$250.00 
0021,34224923100021,$250.00 
0022,93234923100022,$250.00 
0023,46734923100023,$250.00 
0024,13944923100024,$250.00 
0025,61084923100025,$250.00 
0026,67754923100026,$250.00 
0027,70304923100027,$250.00 
0028,34414923100028,$250.00 
0029,18674923100029,$250.00 
0030,70474923100030,$250.00 
0031,98184923100031,$250.00 
0032,45074923100032,$250.00 
0033,86204923100033,$250.00 
0034,41824923100034,$250.00 
0035,44784923100035,$250.00 
0036,15914923100036,$250.00 
0037,44354923100037,$250.00 
0038,37954923100038,$250.00 
0039,17214923100039,$250.00 
0040,58674923100040,$250.00 
0041,58444923100041,$250.00 
0042,40954923100042,$250.00 
0043,74844923100043,$250.00 
0044,68314923100044,$250.00 
0045,44324923100045,$250.00 
0046,61454923100046,$250.00 
0047,11424923100047,$250.00 
0048,16834923100048,$250.00 
0049,46574923100049,$250.00 
0050,83824923100050,$250.00 
0051,59464923100051,$250.00 
0052,89714923100052,$250.00 
0053,99314923100053,$250.00 
0054,33804923100054,$250.00 
0055,87384923100055,$250.00 
0056,34884923100056,$250.00 
0057,19524923100057,$250.00 
0058,38654923100058,$250.00 
0059,79004923100059,$250.00 
0060,64004923100060,$250.00 
0061,32724923100061,$250.00 
0062,79844923100062,$250.00 
0063,95564923100063,$250.00 
0064,66484923100064,$250.00 
0065,71364923100065,$250.00 
0066,28174923100066,$250.00 
0067,80264923100067,$250.00 
0068,15824923100068,$250.00 
0069,85554923100069,$250.00 
0070,61454923100070,$250.00 
0071,45304923100071,$250.00 
0072,38544923100072,$250.00 
0073,16364923100073,$250.00 
0074,24664923100074,$250.00 
0075,11414923100075,$250.00 
0076,55604923100076,$250.00 
0077,61544923100077,$250.00 
0078,72554923100078,$250.00 
0079,59874923100079,$250.00 
0080,76264923100080,$250.00 
0081,63904923100081,$250.00 
0082,74894923100082,$250.00 
0083,47054923100083,$250.00 
0084,64554923100084,$250.00 
0085,92024923100085,$250.00 
0086,34074923100086,$250.00 
0087,61444923100087,$250.00 
0088,98124923100088,$250.00 
0089,53554923100089,$250.00 
0090,75234923100090,$250.00 
0091,93184923100091,$250.00 
0092,99684923100092,$250.00 
0093,51004923100093,$250.00 
0094,98994923100094,$250.00 
0095,86104923100095,$250.00 
0096,40904923100096,$250.00 
0097,40014923100097,$250.00 
0098,86534923100098,$250.00 
0099,12234923100099,$250.00 
0100,78774923100100,$250.00 
0101,50154923100101,$250.00 
0102,67314923100102,$250.00 
0103,58834923100103,$250.00 
0104,84614923100104,$250.00 
0105,68164923100105,$250.00 
0106,19194923100106,$250.00 
0107,27984923100107,$250.00 
0108,95374923100108,$250.00 
0109,33794923100109,$250.00 
0110,61084923100110,$250.00 
0111,18524923100111,$250.00 
0112,67604923100112,$250.00 
0113,38024923100113,$250.00 
0114,38134923100114,$250.00 
0115,50664923100115,$250.00 
0116,13844923100116,$250.00 
0117,93884923100117,$250.00 
0118,29354923100118,$250.00 
0119,72964923100119,$250.00 
0120,71484923100120,$250.00 
0121,19764923100121,$250.00 
0122,67804923100122,$250.00 
0123,81904923100123,$250.00 
0124,54274923100124,$250.00 
0125,65094923100125,$250.00 
0126,63234923100126,$250.00 
0127,83874923100127,$250.00 
0128,16134923100128,$250.00 
0129,28734923100129,$250.00 
0130,17224923100130,$250.00 
0131,79734923100131,$250.00 
0132,27594923100132,$250.00 
0133,19684923100133,$250.00 
0134,80844923100134,$250.00 
0135,71854923100135,$250.00 
0136,64704923100136,$250.00 
0137,70414923100137,$250.00 
0138,94874923100138,$250.00 
0139,93604923100139,$250.00 
0140,10474923100140,$250.00 
0141,42614923100141,$250.00 
0142,52364923100142,$250.00 
0143,81424923100143,$250.00 
0144,38674923100144,$250.00 
0145,95464923100145,$250.00 
0146,43834923100146,$250.00 
0147,39344923100147,$250.00 
0148,30374923100148,$250.00 
0149,96474923100149,$250.00 
0150,44964923100150,$250.00 
0151,46014923100151,$250.00 
0152,92754923100152,$250.00 
0153,44704923100153,$250.00 
0154,86674923100154,$250.00 
0155,14214923100155,$250.00 
0156,20564923100156,$250.00 
0157,66544923100157,$250.00 
0158,87874923100158,$250.00 
0159,12944923100159,$250.00 
0160,39984923100160,$250.00 
0161,74064923100161,$250.00 
0162,70524923100162,$250.00 
0163,71864923100163,$250.00 
0164,45064923100164,$250.00 
0165,75724923100165,$250.00 
0166,37364923100166,$250.00 
0167,98434923100167,$250.00 
0168,26624923100168,$250.00 
0169,59684923100169,$250.00 
0170,52014923100170,$250.00 
0171,87354923100171,$250.00 
0172,73664923100172,$250.00 
0173,79584923100173,$250.00 
0174,71694923100174,$250.00 
0175,82654923100175,$250.00 
0176,37274923100176,$250.00 
0177,92824923100177,$250.00 
0178,72324923100178,$250.00 
0179,72174923100179,$250.00 
0180,26984923100180,$250.00 
0181,91354923100181,$250.00 
0182,16214923100182,$250.00 
0183,84644923100183,$250.00 
0184,29774923100184,$250.00 
0185,74934923100185,$250.00 
0186,22174923100186,$250.00 
0187,39184923100187,$250.00 
0188,91374923100188,$250.00 
0189,46924923100189,$250.00 
0190,18234923100190,$250.00 
0191,67344923100191,$250.00 
0192,70264923100192,$250.00 
0193,32594923100193,$250.00 
0194,46774923100194,$250.00 
0195,47664923100195,$250.00 
0196,44014923100196,$250.00 
0197,29834923100197,$250.00 
0198,52164923100198,$250.00 
0199,62634923100199,$250.00 
0200,18184923100200,$250.00 
0201,72524923100201,$250.00 
0202,50924923100202,$250.00 
0203,68304923100203,$250.00 
0204,17804923100204,$250.00 
0205,46264923100205,$250.00 
0206,54404923100206,$250.00 
0207,36274923100207,$250.00 
0208,21214923100208,$250.00 
0209,66654923100209,$250.00 
0210,13924923100210,$250.00 
0211,28214923100211,$250.00 
0212,96474923100212,$250.00 
0213,70084923100213,$250.00 
0214,58394923100214,$250.00 
0215,22934923100215,$250.00 
0216,20334923100216,$250.00 
0217,57024923100217,$250.00 
0218,34584923100218,$250.00 
0219,35874923100219,$250.00 
0220,89534923100220,$250.00 
0221,87794923100221,$250.00 
0222,59624923100222,$250.00 
0223,81174923100223,$250.00 
0224,64814923100224,$250.00 
0225,30864923100225,$250.00 
0226,16284923100226,$250.00 
0227,66194923100227,$250.00 
0228,27254923100228,$250.00 
0229,53574923100229,$250.00 
0230,60574923100230,$250.00 
0231,68514923100231,$250.00 
0232,87194923100232,$250.00 
0233,55514923100233,$250.00 
0234,71914923100234,$250.00 
0235,95504923100235,$250.00 
0236,25684923100236,$250.00 
0237,24224923100237,$250.00 
0238,25804923100238,$250.00 
0239,46334923100239,$250.00 
0240,38304923100240,$250.00 
0241,53514923100241,$250.00 
0242,28914923100242,$250.00 
0243,56514923100243,$250.00 
0244,61664923100244,$250.00 
0245,24234923100245,$250.00 
0246,16854923100246,$250.00 
0247,54924923100247,$250.00 
0248,22254923100248,$250.00 
0249,27544923100249,$250.00 
0250,14234923100250,$250.00 
0251,63344923100251,$250.00 
0252,17844923100252,$250.00 
0253,90724923100253,$250.00 
0254,57344923100254,$250.00 
0255,68494923100255,$250.00 
0256,71414923100256,$250.00 
0257,15444923100257,$250.00 
0258,49354923100258,$250.00 
0259,96534923100259,$250.00 
0260,87584923100260,$250.00 
0261,48504923100261,$250.00 
0262,87904923100262,$250.00 
0263,40144923100263,$250.00 
0264,11474923100264,$250.00 
0265,45194923100265,$250.00 
0266,95304923100266,$250.00 
0267,48024923100267,$250.00 
0268,10114923100268,$250.00 
0269,95004923100269,$250.00 
0270,11194923100270,$250.00 
0271,36914923100271,$250.00 
0272,46374923100272,$250.00 
0273,89954923100273,$250.00 
0274,97634923100274,$250.00 
0275,36154923100275,$250.00 
0276,15364923100276,$250.00 
0277,35344923100277,$250.00 
0278,96884923100278,$250.00 
0279,14704923100279,$250.00 
0280,83334923100280,$250.00 
0281,23044923100281,$250.00 
0282,31434923100282,$250.00 
0283,90664923100283,$250.00 
0284,59104923100284,$250.00 
0285,47264923100285,$250.00 
0286,36724923100286,$250.00 
0287,43344923100287,$250.00 
0288,47894923100288,$250.00 
0289,22894923100289,$250.00 
0290,36304923100290,$250.00 
0291,17734923100291,$250.00 
0292,47844923100292,$250.00 
0293,96194923100293,$250.00 
0294,69464923100294,$250.00 
0295,81574923100295,$250.00 
0296,18834923100296,$250.00 
0297,78144923100297,$250.00 
0298,11404923100298,$250.00 
0299,74914923100299,$250.00 
0300,63904923100300,$250.00 
0301,70194923100301,$250.00 
0302,35884923100302,$250.00 
0303,22054923100303,$250.00 
0304,93214923100304,$250.00 
0305,32564923100305,$250.00 
0306,20394923100306,$250.00 
0307,26174923100307,$250.00 
0308,50384923100308,$250.00 
0309,94994923100309,$250.00 
0310,53804923100310,$250.00 
0311,96304923100311,$250.00 
0312,71414923100312,$250.00 
0313,80074923100313,$250.00 
0314,66494923100314,$250.00 
0315,86894923100315,$250.00 
0316,36144923100316,$250.00 
0317,38994923100317,$250.00 
0318,23074923100318,$250.00 
0319,19804923100319,$250.00 
0320,42064923100320,$250.00 
0321,89784923100321,$250.00 
0322,47444923100322,$250.00 
0323,68854923100323,$250.00 
0324,90824923100324,$250.00 
0325,98194923100325,$250.00 
0326,30564923100326,$250.00 
0327,26884923100327,$250.00 
0328,67074923100328,$250.00 
0329,10924923100329,$250.00 
0330,70514923100330,$250.00 
0331,55244923100331,$250.00 
0332,99884923100332,$250.00 
0333,31344923100333,$250.00 
0334,35204923100334,$250.00 
0335,15844923100335,$250.00 
0336,46664923100336,$250.00 
0337,97874923100337,$250.00 
0338,47504923100338,$250.00 
0339,85654923100339,$250.00 
0340,79534923100340,$250.00 
0341,14754923100341,$250.00 
0342,92914923100342,$250.00 
0343,43824923100343,$250.00 
0344,34294923100344,$250.00 
0345,55234923100345,$250.00 
0346,99734923100346,$250.00 
0347,21094923100347,$250.00 
0348,41764923100348,$250.00 
0349,57444923100349,$250.00 
0350,41694923100350,$250.00 
0351,11924923100351,$250.00 
0352,11734923100352,$250.00 
0353,72674923100353,$250.00 
0354,63094923100354,$250.00 
0355,38964923100355,$250.00 
0356,39354923100356,$250.00 
0357,46094923100357,$250.00 
0358,86524923100358,$250.00 
0359,70124923100359,$250.00 
0360,24034923100360,$250.00 
0361,60084923100361,$250.00 
0362,72964923100362,$250.00 
0363,48074923100363,$250.00 
0364,30864923100364,$250.00 
0365,60004923100365,$250.00 
0366,34454923100366,$250.00 
0367,32314923100367,$250.00 
0368,44504923100368,$250.00 
0369,52484923100369,$250.00 
0370,69264923100370,$250.00 
0371,93654923100371,$250.00 
0372,15634923100372,$250.00 
0373,56164923100373,$250.00 
0374,59544923100374,$250.00 
0375,51294923100375,$250.00 
0376,19774923100376,$250.00 
0377,75044923100377,$250.00 
0378,21474923100378,$250.00 
0379,42324923100379,$250.00 
0380,78784923100380,$250.00 
0381,94204923100381,$250.00 
0382,27904923100382,$250.00 
0383,33774923100383,$250.00 
0384,94704923100384,$250.00 
0385,98124923100385,$250.00 
0386,63554923100386,$250.00 
0387,77114923100387,$250.00 
0388,76224923100388,$250.00 
0389,21434923100389,$250.00 
0390,82644923100390,$250.00 
0391,45354923100391,$250.00 
0392,27504923100392,$250.00 
0393,82194923100393,$250.00 
0394,89054923100394,$250.00 
0395,22484923100395,$250.00 
0396,39634923100396,LOST
0397,57754923100397,LOST
0398,58954923100398,LOST
0399,85554923100399,LOST
0400,44574923100400,LOST
0401,26314923100401,$250.00 
0402,84224923100402,$250.00 
0403,59424923100403,$250.00 
0404,86424923100404,$250.00 
0405,29504923100405,$250.00 
0406,32424923100406,$250.00 
0407,94084923100407,$250.00 
0408,97144923100408,$250.00 
0409,35684923100409,$250.00 
0410,11354923100410,$250.00 
0411,97384923100411,$250.00 
0412,19494923100412,$250.00 
0413,44364923100413,$250.00 
0414,50624923100414,$250.00 
0415,76084923100415,$250.00 
0416,86334923100416,$250.00 
0417,37554923100417,$250.00 
0418,52354923100418,$250.00 
0419,59504923100419,$250.00 
0420,12794923100420,$250.00 
0421,20564923100421,$250.00 
0422,28754923100422,$250.00 
0423,16614923100423,$250.00 
0424,55104923100424,$250.00 
0425,85244923100425,$250.00 
0426,92314923100426,$250.00 
0427,65504923100427,$250.00 
0428,22084923100428,$250.00 
0429,45844923100429,$250.00 
0430,18514923100430,$250.00 
0431,75484923100431,$250.00 
0432,18964923100432,$250.00 
0433,87204923100433,$250.00 
0434,90854923100434,$250.00 
0435,11564923100435,$250.00 
0436,43864923100436,$250.00 
0437,85624923100437,$250.00 
0438,78664923100438,$250.00 
0439,31464923100439,$250.00 
0440,56684923100440,$250.00 
0441,32074923100441,$250.00 
0442,37134923100442,$250.00 
0443,65224923100443,$250.00 
0444,70474923100444,$250.00 
0445,27984923100445,$250.00 
0446,50014923100446,$250.00 
0447,47174923100447,$250.00 
0448,85374923100448,$250.00 
0449,33594923100449,$250.00 
0450,84794923100450,$250.00 
