0001,TK6a5e76a4794608.24889391,Comps
0002,TK6a5e76a4ce6196.70780942,Comps
0003,TK6a8393acd83229.19480940,Comps
0004,TK6a8393ad0eced0.56230658,Comps
0005,TK6a83a51786f904.87985685,Comps
0006,TK6a83a9974da2d6.70321699,Comps
0007,TK6a83a9ef237a87.35612620,Comps
0008,TK6a83b0335c03e8.24048663,Comps
0009,TK6a83b0daee3b56.65040677,Comps
0010,TK6a83b243bdb773.76675993,Comps
0011,TK6a83b24404d798.82124481,Comps
0012,TK6a83b46182b466.93900348,Comps
0013,TK6a83bca18e7127.98681863,Comps
0014,TK6a83bca1c953f1.57935777,Comps
0015,TK6a83c9550080f8.61503182,Comps
0016,TK6a83c9552c4000.37318918,Comps
0017,TK6a83ca90ab4b24.21213657,Comps
0018,TK6a84357598d984.88653250,Comps
0019,TK6a8458994de784.94301660,Comps
0020,TK6a845899524779.85112341,Comps
0021,TK6a845acfaeac65.53338173,Comps
0022,TK6a845d4fd10764.45528697,Comps
0023,TK6a84644ed44c66.32144856,Comps
0024,TK6a84644ed78828.72016433,Comps
0025,TK6a846b399cfaf9.67573039,Comps
0026,TK6a8471cca568e0.18742363,Comps
0027,TK6a84732de57b35.85664684,Comps
0028,TK6a8473eb40a1e6.43687639,Comps
0029,TK6a8474afa6c3c9.09583809,Comps
0030,TK6a847904e95377.33485325,Comps
0031,TK6a847904ecb995.82228575,Comps
0032,TK6a848db5abece4.79356807,Comps
0033,TK6a848db5ae3b33.50980383,Comps
0034,TK6a849469790174.99647811,Comps
0035,TK6a84a523dd3787.17294116,Comps
0036,TK6a84a80f0423c2.57379084,Comps
0037,TK6a84ad539d0023.48416415,Comps
0038,TK6a84b758eded45.93144720,Comps
0039,TK6a84baada2efb4.43373531,Comps
0040,TK6a84c4b9112472.49602041,Comps
0041,TK6a84df6c999571.22240449,Comps
0042,TK6a84df6c9fb654.01608372,Comps
0043,TK6a84df6ca34464.39272004,Comps
0044,TK6a84df6ca6b192.16438323,Comps
0045,TK6a84e50c1000d0.59412006,Comps
0046,TK6a84e63ec9fc41.33400130,Comps
0047,TK6a84e68d441a01.42344303,Comps
0048,TK6a8510d33c8b22.60472103,Comps
0049,TK6a8510d3403788.68247125,Comps
0050,TK6a85b0b74a4976.87467183,Comps
0051,TK6a85c09fd9cea1.11640041,Comps
0052,TK6a85c5ffd59223.21951531,Comps
0053,TK6a85c5ffd9f735.39321435,Comps
0054,TK6a85ce30191ee4.72683395,Comps
0055,TK6a85d164acb036.76838156,Comps
0056,TK6a85d7a875b810.99254205,Comps
0057,TK6a85f212d22277.40055261,Comps
0058,TK6a860a9f62b0d2.55202909,Comps
0059,TK6a862aa3aece47.55397000,Comps
0060,TK6a862ab444bcf6.78077629,Comps
0061,TK6a86316c7ec7b6.79264120,Comps
0062,TK6a86316cae3e12.84774848,Comps
0063,TK6a864dc8d9a7d7.04033087,Comps
0064,TK6a865e630c52e7.00547453,Comps
0065,TK6a865ec1a168a9.22162238,Comps
0066,TK6a865eef610969.71021056,Comps
0067,TK6a865f0f74de83.57951135,Comps
0068,TK6a8660a63569e4.89597216,Comps
0069,TK6a8664d1372ad6.41333986,Comps
0070,TK6a86717d5e8709.31231221,Comps
0071,TK6a86717d89fe14.97760282,Comps
0072,TK6a867270aff453.54454427,Comps
0073,TK6a8677692a05c3.16048474,Comps
0074,TK6a86776963bc47.69212003,Comps
0075,TK6a86781ad8d507.05038095,Comps
0076,TK6a867913376366.82812978,Comps
0077,TK6a867a2e647092.39043895,Comps
0078,TK6a867a2e9b6f42.10560372,Comps
0079,TK6a86960d497c49.12163813,Comps
0080,TK6a870447103010.67585835,Comps
0081,TK6a871d6768dd02.60344292,Comps
0082,TK6a871d6799bcd2.55166087,Comps
0083,TK6a8731e7da8864.60158417,Comps
0084,TK6a8731e8100247.30458795,Comps
0085,TK6a87335ea2c778.35831379,Comps
0086,TK6a87335ee66364.01652207,Comps
0087,TK6a8750a31debb5.55083446,Comps
0088,TK6a875b2dbe5dd0.96795261,Comps
0089,TK6a8780d6dcbe46.89561429,Comps
0090,TK6a87b58ebfcc09.82527057,Comps
0091,TK6a87b66fed3ee1.31279123,Comps
0092,TK6a87b72f931a56.14019300,Comps
0093,TK6a87b749e84361.76479665,Comps
0094,TK6a87d228e85d16.91606630,Comps
0095,TK6a87d22920cb38.78846183,Comps
0096,TK6a884afb18ae97.90452239,Comps
0097,TK6a884afb490202.60469385,Comps
0098,TK6a884afb85f7d6.82867217,Comps
0099,TK6a884afbb0d868.51498009,Comps
0100,TK6a884afbdae5a3.11842934,Comps
0101,TK6a884afc118ba5.47116526,Comps
0102,TK6a884b1d3c0f16.69570585,Comps
0103,TK6a884b1d7fa065.73680572,Comps
0104,TK6a884b1da95943.23913845,Comps
0105,TK6a884b1dda16b5.47698772,Comps
0106,TK6a884bf4082b27.80399447,Comps
0107,TK6a884bf4342967.00232448,Comps
0108,TK6a884bf4607578.20867423,Comps
0109,TK6a884bf48af828.55425327,Comps
0110,TK6a884f2f0288b9.38804109,Comps
0111,TK6a8854a6618e39.82837537,Comps
0112,TK6a8854b42438a9.87631902,Comps
0113,TK6a886c7e5c72f1.32423503,Comps
0114,TK6a8870bba25205.01108859,Comps
0115,TK6a88820b33b0c9.82623694,Comps
0116,TK6a88820b67cb31.29084891,Comps
0117,TK6a888353ac7c34.55989030,Comps
0118,TK6a888353dcefe5.55253100,Comps
0119,TK6a88921234f393.46603899,Comps
0120,TK6a8892126acac9.51037553,Comps
0121,TK6a8892129dfec9.62522676,Comps
0122,TK6a889212d3c353.35253828,Comps
0123,TK6a88a0fc8799d1.55114817,Comps
0124,TK6a88a0fcbefa65.07489232,Comps
0125,TK6a88a7521e8e83.32225216,Comps
0126,TK6a88a80d8d88a6.93797653,Comps
0127,TK6a88a80dc294c0.76437090,Comps
0128,TK6a88a82b65db36.67882963,Comps
0129,TK6a88b7536baab8.82232389,Comps
0130,TK6a88b753a16b96.32368502,Comps
0131,TK6a88b9e8c1f3c6.43191722,Comps
0132,TK6a88cc8852ff31.72642762,Comps
0133,TK6a88cc88a44910.63906773,Comps
0134,TK6a88cf323792e0.72000139,Comps
0135,TK6a88cf326e2bd7.95566771,Comps
0136,TK6a88d9f64495a2.67220216,Comps
0137,TK6a88db689c1614.54913999,Comps
0138,TK6a88e11131bed8.64202496,Comps
0139,TK6a88e111659516.51630923,Comps
0140,TK6a88e818f3d217.35561073,Comps
0141,TK6a88e96cd72ee7.42023988,Comps
0142,TK6a88e96d16d358.13391020,Comps
0143,TK6a88e96d5492c2.31904276,Comps
0144,TK6a88e96d88ac89.65187213,Comps
0145,TK6a88e9a79af0a4.76260751,Comps
0146,TK6a88ea8f2a12e1.07829930,Comps
0147,TK6a88ef3da11d89.59441903,Comps
0148,TK6a88efe9978437.16760672,Comps
0149,TK6a88f5b28aa8f9.04724075,Comps
0150,TK6a88f5b2d3b1b0.53826347,Comps
0151,TK6a87346155e257.67027165,Female Comp
0152,TK6a88eb1901ee84.13289675,Female Comp
0153,TK6a88f1fa3f7ce1.86100776,Female Comp
0154,TK6a88f725523002.65472630,Female Comp
0155,TK6a88f72589b680.66224095,Female Comp
0156,TK6a88f725be7936.61937574,Female Comp
0157,TK6a88f725f2f3b6.59804043,Female Comp
0158,TK6a88f726336378.05364848,Female Comp
0159,IET6a0e3ef864a802.09516164,Female eb
0160,IET6a14f6037ac925.39292409,Female eb
0161,IET6a2f5e7bbe0826.18201591,Female eb
0162,IET6a4305233cd559.45386192,Female eb
0163,IET6a43dd4b3345f6.80477845,Female eb
0164,IET6a446e8aa343e7.65717119,Female eb
0165,IET6a45a0d7915a40.79398068,Female eb
0166,IET6a4667a9870b12.88074071,Female eb
0167,IET6a4667a98755d8.55508778,Female eb
0168,IET6a467bd189d3b1.52675658,Female eb
0169,TK6a4d101ea408c8.52925462,Female eb
0170,TK6a4d101ecf8020.07994718,Female eb
0171,TK6a4d101f0e25b8.73093514,Female eb
0172,IET6a4e6be526f512.88458893,Female eb
0173,IET6a5d6950c5ce63.64356745,Female eb
0174,IET6a5ecb08352067.60927308,Female eb
0175,IET6a5ecb08357809.06420209,Female eb
0176,IET6a5ecb0835bf10.74620763,Female eb
0177,TK6a5edd4cd21787.20921792,Female eb
0178,IET6a5f8294cef736.40969231,Female eb
0179,IET6a5fd6fe7575d5.50005873,Female eb
0180,TK6a62ac386702b5.89883048,Female eb
0181,TK6a62ac3896b716.32080397,Female eb
0182,TK6a62ac38c67db3.69332093,Female eb
0183,IET6a63d90ba56ce3.74108885,Female eb
0184,IET6a6413314c04e1.12246437,Female eb
0185,IET6a652ca8ba7fc1.75830510,Female eb
0186,IET6a65440f6c75a5.44069725,Female eb
0187,IET6a6758fc12d633.37980399,Female eb
0188,IET6a67dc18c91771.13268068,Female eb
0189,IET6a6baea9b44a41.83197779,Female eb
0190,IET6a70c3696df922.74314179,Female eb
0191,TK6a7141661a8587.37515360,Female eb
0192,IET6a7597c2580d56.34190774,Female eb
0193,IET6a761cf0cb68f4.37765785,Female eb
0194,IET6a7672cc6a8391.39112521,Female eb
0195,IET6a79e6b1a153d9.11967079,Female eb
0196,IET6a7c95a4904182.01232725,Female eb
0197,IET6a7c95a4909df6.28346727,Female eb
0198,TK6a7cdf36045a82.12860738,Female eb
0199,IET6a7ce0f49070a9.57986105,Female eb
0200,IET6a7ce0f490d2b6.91354098,Female eb
0201,IET6a7d0107a10627.47910076,Female eb
0202,IET6a7d02dd3297d9.19283842,Female eb
0203,IET6a7d02dd3306f5.99449772,Female eb
0204,TK6a7d15b5be6042.20156796,Female eb
0205,TK6a7d15b5ee8187.29513903,Female eb
0206,TK6a7d15b629d890.85067247,Female eb
0207,IET6a7d26196b27c9.13962511,Female eb
0208,IET6a7e3b9e7846d2.98844637,Female eb
0209,IET6a7f9735451a87.63975546,Female eb
0210,IET6a7f9b05b45551.46149545,Female eb
0211,TK6a83352ff29c34.17018912,Female eb
0212,IET6a839ec9e3fad2.33376407,Female eb
0213,IET6a839ec9e45054.51030856,Female eb
0214,IET6a83a72b93fa69.94867985,Female eb
0215,IET6a85fdaf78aee6.47840234,Female eb
0216,TK6a863c1af37f48.48116852,Female eb
0217,TK6a863c1b55f871.27660607,Female eb
0218,TK6a8675c19dc211.49104329,Female eb
0219,TK6a8681ae3d3026.45089507,Female eb
0220,TK6a8681ae809213.49478359,Female eb
0221,IET6a86ea7dcfaf69.30717418,Female eb
0222,IET6a875aa7e338f2.05938337,Female eb
0223,TK6a87a7ec18ea92.77666093,Female eb
0224,IET6a885a1314a961.49189539,Female eb
0225,IET6a887f50e2cb26.56661776,Female eb
0226,TK6a88e2378778d1.91064144,Female eb
0227,TK6a444039145658.92306686,Female Reg
0228,TK6a444039641443.69424847,Female Reg
0229,TK6a7da70e45fea4.94154911,Female Reg
0230,IET6a838c2da11b57.49324597,Female Reg
0231,IET6a843f8c5b33f9.77892845,Female Reg
0232,IET6a843f8c5b9408.75700983,Female Reg
0233,IET6a843f8c5bdf57.31239043,Female Reg
0234,IET6a84b0e18b68b9.12540377,Female Reg
0235,IET6a84e373911197.17588503,Female Reg
0236,IET6a84fc6febfed1.32901034,Female Reg
0237,IET6a84fc6fec7049.73871128,Female Reg
0238,IET6a85a751417f22.11749256,Female Reg
0239,IET6a85f8afa44b74.42857390,Female Reg
0240,TK6a861fa500eae7.51895753,Female Reg
0241,TK6a861fa50cd006.02280633,Female Reg
0242,TK6a861fa5111b27.69591185,Female Reg
0243,IET6a865f9042d492.16317144,Female Reg
0244,TK6a8685c079e464.81331497,Female Reg
0245,TK6a8685c0cccad2.33386601,Female Reg
0246,TK6a868833b01235.50630500,Female Reg
0247,IET6a870169bc84d0.53885159,Female Reg
0248,IET6a87b7a77968f6.89045258,Female Reg
0249,IET6a8847a8010202.05872908,Female Reg
0250,IET6a8847a8014ba2.38137952,Female Reg
0251,TK6a88901030ce86.41591191,Female Reg
0252,TK6a889e01da3137.34787501,Female Reg
0253,IET6a88d149971283.74136384,Female Reg
0254,IET6a88e15c71a273.65256986,Female Reg
0255,TK6a88e580ca0a01.75851911,Female Reg
0256,TK6a88e5810c24f5.05874967,Female Reg
0257,TK6a88e5d27021e4.94834800,Female Reg
0258,TK6a88e739991052.96198634,Female Reg
0259,TK6a88f1fa8779c7.99771827,Female Reg
0260,TK6a88f1facd8f71.23237652,Female Reg
0261,TK6a873461859eb2.31069096,Male Comp
0262,TK6a88dc9a60c050.11759722,Male Comp
0263,TK6a88f726a45337.51610474,Male Comp
0264,TK6a88f726d7cba1.17423908,Male Comp
0265,TK6a88f7271f2bc1.32056208,Male Comp
0266,IET6a0e3ef864ee12.59598059,Male Eb
0267,IET6a2c3a09a581e9.07857452,Male Eb
0268,IET6a333410d31020.31478810,Male Eb
0269,IET6a37228823f314.55312476,Male Eb
0270,IET6a467bd18a35a9.41439037,Male Eb
0271,IET6a4b16805ec5f5.64338484,Male Eb
0272,TK6a4d101f47b465.25901087,Male Eb
0273,TK6a4d101f79fc39.21150302,Male Eb
0274,IET6a512ede035993.65107498,Male Eb
0275,TK6a5edd4d0f55e3.20922743,Male Eb
0276,IET6a5f8294cf9138.93531198,Male Eb
0277,TK6a62ac39059499.44197727,Male Eb
0278,IET6a65440f6cd0f1.96392866,Male Eb
0279,IET6a6a19f7905999.85509195,Male Eb
0280,IET6a6b86615c71d6.02397634,Male Eb
0281,IET6a6fcce0a44049.42801417,Male Eb
0282,IET6a725139bdab30.71517489,Male Eb
0283,IET6a736bc7464212.53075977,Male Eb
0284,IET6a73901f065a22.07258612,Male Eb
0285,IET6a760d1d438469.87339543,Male Eb
0286,IET6a7739a75b7fa0.83355954,Male Eb
0287,IET6a77d30d3ca939.91394565,Male Eb
0288,IET6a78f63dc3f764.09002320,Male Eb
0289,IET6a79e6b1a1b244.83354625,Male Eb
0290,IET6a7a5896889f16.13619096,Male Eb
0291,IET6a7b3a4c4bad57.80257996,Male Eb
0292,IET6a7b3d5a1975f5.61353905,Male Eb
0293,IET6a7b453355d721.97635181,Male Eb
0294,IET6a7ce0f4912102.79239602,Male Eb
0295,IET6a7d0c85d611c4.27649651,Male Eb
0296,IET6a7d388bd11c09.92498991,Male Eb
0297,IET6a7de5e8a7c283.71246827,Male Eb
0298,IET6a7ea4d73489c5.14050601,Male Eb
0299,IET6a7f99233bc780.88788728,Male Eb
0300,IET6a826a473bb313.87673524,Male Eb
0301,TK6a838c91ea2036.96974045,Male Eb
0302,IET6a85fdaf792995.39807946,Male Eb
0303,TK6a863bf897f834.83969635,Male Eb
0304,TK6a867bd2154520.83472603,Male Eb
0305,TK6a867bd246dff6.88439693,Male Eb
0306,IET6a87a6db558746.41772338,Male Eb
0307,IET6a88d8f20064b5.94070813,Male Eb
0308,TK6a88e580964534.89692963,Male Eb
0309,TK6a88eb6c492411.93202067,Male Eb
0310,TK6a444039a04762.80943304,Male Reg
0311,TK6a5ff7f5b18990.99754823,Male Reg
0312,TK6a7da70e990894.32072694,Male Reg
0313,TK6a8335303bb832.60627779,Male Reg
0314,TK6a838aa5cf94e8.69459216,Male Reg
0315,TK6a838aa6030420.48347124,Male Reg
0316,TK6a838aa639aea9.51306430,Male Reg
0317,TK6a838aa663da34.41522092,Male Reg
0318,TK6a838baf17ca59.77665912,Male Reg
0319,IET6a84a641d4cee4.25050994,Male Reg
0320,IET6a84fc6fecbf92.35406813,Male Reg
0321,IET6a85a751411893.90003469,Male Reg
0322,IET6a85e6d4ce0d94.53247455,Male Reg
0323,IET6a85f8afa4a970.41622087,Male Reg
0324,TK6a861fa514ee13.01131577,Male Reg
0325,IET6a879f2d0cad50.43671988,Male Reg
0326,IET6a8849bf13f100.54641765,Male Reg
0327,TK6a8890106341d5.16204796,Male Reg
0328,TK6a889010965026.29440249,Male Reg
0329,TK6a88a809861d83.17098462,Male Reg
0330,IET6a1f157c627476.35519209,Discount T
0331,IET6a1f157c62da12.23165028,Discount T
0332,TK6a320d2419a9a6.14061584,Discount T
0333,TK6a320d245bce71.02563424,Discount T
0334,IET6a3ad525bc0de2.20172710,Discount T
0335,IET6a3ad525bc63f2.81673597,Discount T
0336,IET6a3d6a1d0bebc7.94500555,Discount T
0337,IET6a3d6a1d0c39e4.24811299,Discount T
0338,IET6a3da33e7ac570.20970677,Discount T
0339,IET6a3da33e7b17b4.06516342,Discount T
0340,IET6a3e62e35d70d9.24434763,Discount T
0341,IET6a3e62e35dc462.68333599,Discount T
0342,IET6a42aee6388db0.43064627,Discount T
0343,IET6a42aee638def1.88003266,Discount T
0344,IET6a18c3182324b7.88147064,Female Eb
0345,IET6a1defcd5869c7.48424875,Female Eb
0346,TK6a597b8a4829c4.53654111,Female Eb
0347,TK6a597b8a870d87.28733318,Female Eb
0348,IET6a0e391c41e725.03587678,combo
0349,IET6a0e391c422749.01496634,combo
0350,IET6a0e391c426cf9.97856301,combo
0351,IET6a0e3e1c696dd4.35740154,combo
0352,IET6a0e4019c0c637.90242964,combo
0353,IET6a18ae3a9a73d7.66077143,combo
0354,IET6a1d98b4604424.68460785,combo
0355,IET6a1e269de73069.46410184,combo
0356,IET6a209896e10eb8.31296692,combo
0357,IET6a233461ec2921.19999183,combo
0358,IET6a2756d2848ec6.53564838,combo
0359,IET6a308e422817e9.73745837,combo
0360,IET6a31d069ac5b62.57064077,combo
0361,IET6a32c7faa07947.65896625,combo
0362,IET6a3596ef8d2cf2.66843670,combo
0363,IET6a247468742754.92754247,Female Reg
0364,IET6a336c680af432.65729411,Female Reg
0365,IET6a3d6c7209a6e7.38073913,Female Reg
0366,IET6a432c7da5d758.90874462,Female Reg
0367,IET6a4396d6edfe95.39499974,Female Reg
0368,IET6a445c0f583b18.09834980,Female Reg
0369,IET6a445c0f589024.57477613,Female Reg
0370,IET6a446c3dc5a861.64580403,Female Reg
0371,IET6a446ed81a7f77.61564129,Female Reg
0372,IET6a4515ec02ae69.70881654,Female Reg
0373,IET6a471eb5eb56b7.27896929,Female Reg
0374,IET6a49b4e8b48c09.53830568,Female Reg
0375,IET6a4d6e14e1ae54.52081026,Female Reg
0376,IET6a4e857668ede9.23032233,Female Reg
0377,IET6a501a3d1dfc56.52230742,Female Reg
0378,IET6a51a8793f0b02.51295145,Female Reg
0379,IET6a52af3f816be9.96413513,Female Reg
0380,IET6a52af3f81bb06.23284018,Female Reg
0381,IET6a564f0283a832.49374603,Female Reg
0382,IET6a57948e1759d8.66738621,Female Reg
0383,IET6a59a1df3579d7.79093033,Female Reg
0384,IET6a5ad2ec4d37b8.21668445,Female Reg
0385,IET6a5adf1f395c49.19443998,Female Reg
0386,IET6a5c3860c6fef0.31529651,Female Reg
0387,IET6a5e761e3990c1.10185803,Female Reg
0388,IET6a61902f7ff230.88653553,Female Reg
0389,IET6a62c2b823a640.61118364,Female Reg
0390,IET6a63e3e5cd9e37.73468584,Female Reg
0391,IET6a63e3e5cdfa92.24035739,Female Reg
0392,IET6a63f2541b46b5.36411370,Female Reg
0393,IET6a6416293ec497.04178902,Female Reg
0394,IET6a66d56889c226.57611379,Female Reg
0395,IET6a67ec6ab87058.63194939,Female Reg
0396,IET6a67f192a42135.37701256,Female Reg
0397,IET6a6810385c3055.24771922,Female Reg
0398,IET6a6810385c82b7.76973058,Female Reg
0399,IET6a68c5af8728e4.14188934,Female Reg
0400,IET6a694368030fd2.74267925,Female Reg
0401,IET6a6943680376b1.33636454,Female Reg
0402,IET6a6b9bf93a2235.17392752,Female Reg
0403,IET6a6b9bf93a7042.83787156,Female Reg
0404,IET6a6b9bf93ab490.84317875,Female Reg
0405,IET6a6bb335cdf850.06518752,Female Reg
0406,IET6a6bbd959dc925.06691547,Female Reg
0407,IET6a6be774f2c592.06343699,Female Reg
0408,IET6a6bedc0dd1fa3.83931920,Female Reg
0409,IET6a6d51882cf819.33922879,Female Reg
0410,IET6a70c1000c5be4.88528482,Female Reg
0411,IET6a7116e26bfdd5.60650846,Female Reg
0412,IET6a722a0cb35705.17575163,Female Reg
0413,IET6a725697acb476.20509236,Female Reg
0414,IET6a72794e5faa87.10313723,Female Reg
0415,IET6a72794e5ff856.35653210,Female Reg
0416,IET6a72933e9d41c0.95984569,Female Reg
0417,IET6a72a778529b83.71698502,Female Reg
0418,IET6a73ef5292a964.76089492,Female Reg
0419,IET6a76309bb6ef75.00919182,Female Reg
0420,IET6a764ef7b834a0.89827271,Female Reg
0421,IET6a76654ce00033.05019046,Female Reg
0422,IET6a7665eb995441.64188616,Female Reg
0423,IET6a766ae7695822.41651105,Female Reg
0424,IET6a78f30e27e376.92426201,Female Reg
0425,IET6a78f30e2842c7.09007655,Female Reg
0426,IET6a7a10c0e47af0.49754809,Female Reg
0427,IET6a7a24bda14230.73029743,Female Reg
0428,IET6a7a24bda19067.22356258,Female Reg
0429,IET6a7ba8ea833007.15053526,Female Reg
0430,IET6a7bc0c901ae80.03470240,Female Reg
0431,IET6a7be3bb7801a2.75650808,Female Reg
0432,IET6a7be75ead5a26.90615629,Female Reg
0433,IET6a7bf94e532b72.90242378,Female Reg
0434,IET6a7c9849d86e18.75841688,Female Reg
0435,IET6a7d01bd121d86.44832313,Female Reg
0436,IET6a7d01bd1262f7.30293091,Female Reg
0437,IET6a7d220ea30d84.89109769,Female Reg
0438,IET6a7d41b067c2f2.57201936,Female Reg
0439,IET6a7d5025679d61.12366741,Female Reg
0440,IET6a7e120fd51185.72988615,Female Reg
0441,IET6a7e5fee7bb928.19326408,Female Reg
0442,IET6a7e793b1cd234.10551160,Female Reg
0443,IET6a7f0e45461fd6.40570591,Female Reg
0444,IET6a7f4cedd16e55.01872457,Female Reg
0445,IET6a7f4f45aa5a33.08587609,Female Reg
0446,IET6a7f8de60cfb57.40258432,Female Reg
0447,IET6a7f8de60d48c2.28926581,Female Reg
0448,IET6a7f9177a01615.88215404,Female Reg
0449,IET6a7f9177a07515.41026191,Female Reg
0450,IET6a80974b1a7df8.87800403,Female Reg
0451,IET6a80b040161db2.41731050,Female Reg
0452,IET6a80b7102aa777.32405310,Female Reg
0453,IET6a80cc60546da2.23092447,Female Reg
0454,IET6a80ed26de4652.07125403,Female Reg
0455,IET6a8214ef7700d2.91177690,Female Reg
0456,IET6a8218db694e83.91303068,Female Reg
0457,IET6a824c254b8627.72889645,Female Reg
0458,IET6a0e391c419956.53116830,Female Reg
0459,IET6a1defcd58c073.18218210,Female Reg
0460,IET6a2052d503ca55.15364717,Female Reg
0461,IET6a0e30e3957dd6.92470351,combo
0462,IET6a0e335dca52b0.96177187,combo
0463,IET6a0e374dce8871.76184478,combo
0464,IET6a0e391c42afc6.09021421,combo
0465,IET6a0e3fc43ef375.66827463,combo
0466,IET6a0e4a5714d799.11354034,combo
0467,IET6a12619bebf270.13070113,combo
0468,IET6a1351d1f00485.98231668,combo
0469,IET6a1cbe31777397.91942402,combo
0470,IET6a1e269de78242.60632571,combo
0471,IET6a303b3e6542b3.93435714,Male Reg
0472,IET6a3055e581cb52.65087939,Male Reg
0473,IET6a3132d0004592.49971804,Male Reg
0474,IET6a32c7faa02e69.22826293,Male Reg
0475,IET6a3355bd2dbfe2.89359525,Male Reg
0476,IET6a336c680b3f03.23672132,Male Reg
0477,IET6a3986218aa6f1.64702714,Male Reg
0478,IET6a3caa5e35c916.90846944,Male Reg
0479,IET6a4396d6ee48d0.09577644,Male Reg
0480,IET6a43c74ede5df4.33779319,Male Reg
0481,IET6a43c74edeac58.33652836,Male Reg
0482,IET6a43c74edef092.25710308,Male Reg
0483,IET6a445c0f58d3e2.43661608,Male Reg
0484,IET6a446c3dc5f1d4.51433130,Male Reg
0485,IET6a455ac9de7870.52385153,Male Reg
0486,IET6a47e507f409d9.06166086,Male Reg
0487,IET6a49b4e8b4de61.40402957,Male Reg
0488,IET6a4c287bbf8fc1.24066545,Male Reg
0489,IET6a4c87f1e079b0.99419910,Male Reg
0490,IET6a4d6e14e20391.44286314,Male Reg
0491,IET6a4d76027502d6.01871259,Male Reg
0492,IET6a4e8576693e27.13663123,Male Reg
0493,IET6a5137e1e72232.14654916,Male Reg
0494,IET6a528d5d288b70.37468365,Male Reg
0495,IET6a5297c02a4a88.74703108,Male Reg
0496,IET6a52bfb4979bb4.77365107,Male Reg
0497,IET6a5650e09e1dd0.28017961,Male Reg
0498,IET6a593acc0c4ec2.38470562,Male Reg
0499,IET6a5951922a9565.75340089,Male Reg
0500,IET6a5c3860c754d7.30041358,Male Reg
0501,IET6a5e761e39e379.87568560,Male Reg
0502,IET6a5f92796b90b9.34720169,Male Reg
0503,IET6a62c2b8241334.36637932,Male Reg
0504,IET6a63f2541b9cb2.25646570,Male Reg
0505,IET6a66d5688a0d38.67219882,Male Reg
0506,IET6a67d8d0425859.88206706,Male Reg
0507,IET6a67eb01bcc132.01201978,Male Reg
0508,IET6a67f192a47219.90330429,Male Reg
0509,IET6a67f192a4b1d7.46599339,Male Reg
0510,IET6a68023294bbb5.26542578,Male Reg
0511,IET6a6810385cc0d3.35077680,Male Reg
0512,IET6a6810385cfe46.41754743,Male Reg
0513,IET6a6ac823a07824.17083207,Male Reg
0514,IET6a6bbd959e1d50.56254052,Male Reg
0515,IET6a6bf8b31f48b9.30771374,Male Reg
0516,IET6a6bf8b31fa4f7.94689807,Male Reg
0517,IET6a6d51882d4205.51675751,Male Reg
0518,IET6a6d76d411abf3.07516868,Male Reg
0519,IET6a6d76d413b1a1.14324317,Male Reg
0520,IET6a70069d62f338.53330104,Male Reg
0521,IET6a70c1000ca465.75237701,Male Reg
0522,IET6a720ed35ad3a3.70359721,Male Reg
0523,IET6a72be9b26c180.08105115,Male Reg
0524,IET6a72be9b271db1.07169519,Male Reg
0525,IET6a7381add8d6a1.41444479,Male Reg
0526,IET6a73ef5292fc32.87049360,Male Reg
0527,IET6a73f494a4adb8.04350640,Male Reg
0528,IET6a73f604156e21.56534439,Male Reg
0529,IET6a73fc3446adc4.55190016,Male Reg
0530,IET6a75d8d5eec5a0.60727695,Male Reg
0531,IET6a75d8d5ef1646.11463169,Male Reg
0532,IET6a75d8d5ef5c49.73609618,Male Reg
0533,IET6a76309bb74052.74479224,Male Reg
0534,IET6a766ae769c052.11974525,Male Reg
0535,IET6a773c7b6310f0.00769449,Male Reg
0536,IET6a776f507895b3.40623436,Male Reg
0537,IET6a78889e96e6c0.46605030,Male Reg
0538,IET6a7a24bda1d260.73760010,Male Reg
0539,IET6a7a24bda21379.11758218,Male Reg
0540,IET6a7a6cbd3d6624.48387869,Male Reg
0541,IET6a7a8ecd8959e3.21562270,Male Reg
0542,IET6a7ba8ea838283.03042926,Male Reg
0543,IET6a7bd659e4c004.88186171,Male Reg
0544,IET6a7bf94e538048.44562821,Male Reg
0545,IET6a7c8a7875d003.63876182,Male Reg
0546,IET6a7c9c607c6330.05873771,Male Reg
0547,IET6a7ca9a4412ca8.82683327,Male Reg
0548,IET6a7cf8ef71fc69.95248427,Male Reg
0549,IET6a7d01bd12a428.26262827,Male Reg
0550,IET6a7d09a62f8504.96897157,Male Reg
0551,IET6a7d41b0682ad5.16617166,Male Reg
0552,IET6a7dc2f682b8f9.21744508,Male Reg
0553,IET6a7e793b1d2753.17127796,Male Reg
0554,IET6a7f1007ef7eb2.78773612,Male Reg
0555,IET6a7f4cedd1bea7.97517935,Male Reg
0556,IET6a7f5a05a83e96.57886029,Male Reg
0557,IET6a807ec66a3352.36297052,Male Reg
0558,IET6a80974b1acbc7.84950752,Male Reg
0559,IET6a80aa764c3ee3.51172773,Male Reg
0560,IET6a80afdf835603.38701066,Male Reg
0561,IET6a80b3e6e77da8.35730553,Male Reg
0562,TK6a80cca9af8e68.97480096,Male Reg
0563,IET6a80ebdd3be756.15168964,Male Reg
0564,IET6a80ed26de94d3.12326819,Male Reg
0565,IET6a80ed26ded892.52691693,Male Reg
0566,IET6a81fe167bb070.69367775,Male Reg
0567,IET6a821fe395df70.89188088,Male Reg
0568,IET6a824c254be086.10316561,Male Reg
0569,IET6a828708265e54.77023547,Male Reg
0570,TK6a8473eba0b880.57905771,Comps
0571,TK6a84a382f32053.73780715,Comps
0572,TK6a84bf226c9993.88958315,Comps
0573,TK6a859e73418b29.95592812,Comps
0574,TK6a859e7344f845.94215174,Comps
0575,TK6a859e73480110.98386119,Comps
0576,TK6a85c64f5707e5.62158156,Comps
0577,TK6a8640ccf3ef73.60797667,Comps
0578,TK6a8640cd4223f5.33278112,Comps
0579,TK6a8641b8cf1627.61500005,Comps
0580,TK6a86edadf39495.33237614,Comps
0581,TK6a87b9baf140f8.26292611,Comps
0582,TK6a88a2e8ce57f5.36523909,Comps
0583,TK6a88b8520630b9.91961329,Comps
0584,IET6a47aa7adf2e58.08174171,Female Eb
0585,IET6a47aa7adf78b5.74932533,Female Eb
0586,IET6a5017d39b64f7.57784939,Female Eb
0587,IET6a5780b0cf7a51.97704365,Female Eb
0588,IET6a6238ec129079.40541967,Female Eb
0589,IET6a6238ec12e169.75733510,Female Eb
0590,IET6a636fa595c918.57406827,Female Eb
0591,IET6a647425d94609.56058848,Female Eb
0592,IET6a68aa8b433f57.32775649,Female Eb
0593,IET6a69def49d3905.71421662,Female Eb
0594,IET6a6ac823a0c9b4.89364666,Female Eb
0595,IET6a6ac823a12244.81048015,Female Eb
0596,IET6a6c1d86b844d4.42910335,Female Eb
0597,IET6a778151b7c938.55896000,Female Eb
0598,IET6a778151b81726.45818566,Female Eb
0599,IET6a78f63dc45e56.78285113,Female Eb
0600,IET6a7dab05235f24.86013302,Female Eb
0601,IET6a7dab0523b041.02296010,Female Eb
0602,IET6a7dab0523f1a7.55670297,Female Eb
0603,IET6a7dab05243305.73908472,Female Eb
0604,IET6a7f3c6bee45d3.76526682,Female Eb
0605,IET6a7f60dfe66e42.40243599,Female Eb
0606,IET6a870c2289bcf3.85558765,Female Eb
0607,IET6a4688c0c52511.76803320,Male Eb
0608,IET6a4af64cbd57c1.10423082,Male Eb
0609,IET6a4f31eb1fab40.94830757,Male Eb
0610,IET6a5780b0cfcb18.16979497,Male Eb
0611,IET6a6b60422e1387.66948143,Male Eb
0612,IET6a6c1d86b88c44.58615021,Male Eb
0613,IET6a6c2c41a2d686.55681703,Male Eb
0614,IET6a7b6c79ecadc8.75895716,Male Eb
0615,IET6a7d26196b8071.25530177,Male Eb
0616,IET6a7dab052471f5.71752408,Male Eb
0617,IET6a7f96e57af7a1.60988185,Male Eb
0618,test1,test
0619,test2,test
0620,test3,test
0621,test4,test
0622,test5,test
