00001,97744905100001,$300 P
00002,75224905100002,$300 P
00003,10474905100003,$300 P
00004,11094905100004,$300 P
00005,22054905100005,$300 P
00006,35074905100006,$300 P
00007,55204905100007,$300 P
00008,36624905100008,$300 P
00009,28804905100009,$300 P
00010,57284905100010,$300 P
00011,63644905100011,$300 P
00012,78544905100012,$300 P
00013,83764905100013,$300 P
00014,92734905100014,$300 P
00015,98804905100015,$300 P
00016,20984905100016,$300 P
00017,45184905100017,$300 P
00018,54784905100018,$300 P
00019,66274905100019,$300 P
00020,40294905100020,$300 P
00021,64614905100021,$300 P
00022,56884905100022,$300 P
00023,81254905100023,$300 P
00024,43984905100024,$300 P
00025,20184905100025,$300 P
00026,42804905100026,$300 P
00027,48104905100027,$300 P
00028,32094905100028,$300 P
00029,52364905100029,$300 P
00030,69234905100030,$300 P
00031,72374905100031,$300 P
00032,31124905100032,$300 P
00033,42274905100033,$300 P
00034,70964905100034,$300 P
00035,85294905100035,$300 P
00036,50454905100036,$300 P
00037,12444905100037,$300 P
00038,98544905100038,$300 P
00039,30894905100039,$300 P
00040,61204905100040,$300 P
00041,10084905100041,$300 P
00042,38424905100042,$300 P
00043,75414905100043,$300 P
00044,87694905100044,$300 P
00045,12894905100045,$300 P
00046,75594905100046,$300 P
00047,29464905100047,$300 P
00048,51304905100048,$300 P
00049,37354905100049,$300 P
00050,98824905100050,$300 P
00051,52434905100051,$300 P
00052,86914905100052,$300 P
00053,89464905100053,$300 P
00054,28224905100054,$300 P
00055,29624905100055,$300 P
00056,71784905100056,$300 P
00057,48044905100057,$300 P
00058,75404905100058,$300 P
00059,51714905100059,$300 P
00060,76974905100060,$300 P
00061,20534905100061,$300 P
00062,36244905100062,$300 P
00063,16844905100063,$300 P
00064,31274905100064,$300 P
00065,91234905100065,$300 P
00066,45904905100066,$300 P
00067,65054905100067,$300 P
00068,37534905100068,$300 P
00069,92134905100069,$300 P
00070,96554905100070,$300 P
00071,45454905100071,$300 P
00072,81674905100072,$300 P
00073,26174905100073,$300 P
00074,27574905100074,$300 P
00075,85634905100075,$300 P
00076,34034905100076,$300 P
00077,62984905100077,$300 P
00078,78084905100078,$300 P
00079,13754905100079,$300 P
00080,33224905100080,$300 P
00081,17254905100081,$300 P
00082,22224905100082,$300 P
00083,63044905100083,$300 P
00084,82664905100084,$300 P
00085,19414905100085,$300 P
00086,36754905100086,$300 P
00087,68894905100087,$300 P
00088,29384905100088,$300 P
00089,39014905100089,$300 P
00090,61194905100090,$300 P
00091,38304905100091,$300 P
00092,15454905100092,$300 P
00093,60434905100093,$300 P
00094,80524905100094,$300 P
00095,21964905100095,$300 P
00096,51914905100096,$300 P
00097,11204905100097,$300 P
00098,70334905100098,$300 P
00099,98794905100099,$300 P
00100,65154905100100,$300 P
00101,72724905200101,$300 B
00102,54434905200102,$300 B
00103,22954905200103,$300 B
00104,55864905200104,$300 B
00105,23664905200105,$300 B
00106,95054905200106,$300 B
00107,63354905200107,$300 B
00108,10354905200108,$300 B
00109,45594905200109,$300 B
00110,35504905200110,$300 B
00111,65734905200111,$300 B
00112,14554905200112,$300 B
00113,21424905200113,$300 B
00114,75274905200114,$300 B
00115,67184905200115,$300 B
00116,30364905200116,$300 B
00117,26024905200117,$300 B
00118,17794905200118,$300 B
00119,33134905200119,$300 B
00120,54594905200120,$300 B
00121,29664905200121,$300 B
00122,70464905200122,$300 B
00123,66914905200123,$300 B
00124,30324905200124,$300 B
00125,73644905200125,$300 B
00126,47404905200126,$300 B
00127,11834905200127,$300 B
00128,50874905200128,$300 B
00129,18724905200129,$300 B
00130,34594905200130,$300 B
00131,65584905200131,$300 B
00132,46134905200132,$300 B
00133,35754905200133,$300 B
00134,87474905200134,$300 B
00135,67434905200135,$300 B
00136,31554905200136,$300 B
00137,39094905200137,$300 B
00138,41194905200138,$300 B
00139,67634905200139,$300 B
00140,19484905200140,$300 B
00141,42294905200141,$300 B
00142,63164905200142,$300 B
00143,19484905200143,$300 B
00144,43094905200144,$300 B
00145,86424905200145,$300 B
00146,58304905200146,$300 B
00147,33894905200147,$300 B
00148,22824905200148,$300 B
00149,10864905200149,$300 B
00150,86654905200150,$300 B
00151,26394905200151,$300 B
00152,15224905200152,$300 B
00153,56534905200153,$300 B
00154,83534905200154,$300 B
00155,16634905200155,$300 B
00156,34414905200156,$300 B
00157,51724905200157,$300 B
00158,52184905200158,$300 B
00159,90474905200159,$300 B
00160,75954905200160,$300 B
00161,60364905200161,$300 B
00162,98964905200162,$300 B
00163,24494905200163,$300 B
00164,73274905200164,$300 B
00165,62794905200165,$300 B
00166,41004905200166,$300 B
00167,12984905200167,$300 B
00168,56574905200168,$300 B
00169,19044905200169,$300 B
00170,26284905200170,$300 B
00171,67544905200171,$300 B
00172,64224905200172,$300 B
00173,44634905200173,$300 B
00174,96384905200174,$300 B
00175,69054905200175,$300 B
00176,76664905200176,$300 B
00177,68844905200177,$300 B
00178,41624905200178,$300 B
00179,22254905200179,$300 B
00180,62844905200180,$300 B
00181,55484905200181,$300 B
00182,88664905200182,$300 B
00183,62734905200183,$300 B
00184,49094905200184,$300 B
00185,66194905200185,$300 B
00186,80714905200186,$300 B
00187,36504905200187,$300 B
00188,30524905200188,$300 B
00189,76224905200189,$300 B
00190,30184905200190,$300 B
00191,91974905200191,$300 B
00192,84974905200192,$300 B
00193,82694905200193,$300 B
00194,63794905200194,$300 B
00195,34564905200195,$300 B
00196,59394905200196,$300 B
00197,55394905200197,$300 B
00198,30314905200198,$300 B
00199,53644905200199,$300 B
00200,88734905200200,$300 B
00201,27504905100201,Made
00202,82164905100202,Made
00203,72314905100203,Made
00204,83794905100204,Made
00205,30494905100205,Made
00206,16364905100206,Made
00207,12794905100207,Made
00208,65794905100208,Made
00209,66764905100209,Made
00210,73244905100210,Made
00211,87544905100211,Made
00212,27774905100212,Made
00213,94544905100213,Made
00214,91234905100214,Made
00215,21974905100215,Made
00216,11744905100216,Made
00217,83424905100217,Made
00218,54764905100218,Made
00219,93464905100219,Made
00220,23604905100220,Made
00221,21334905100221,Made
00222,73094905100222,Made
00223,24764905100223,Made
00224,23274905100224,Made
00225,34124905100225,Made
00226,21854905100226,Made
00227,59704905100227,Made
00228,27374905100228,Made
00229,77544905100229,Made
00230,16824905100230,Made
00231,81494905100231,Made
00232,54374905100232,Made
00233,11874905100233,Made
00234,10414905100234,Made
00235,13554905100235,Made
00236,92224905100236,Made
00237,58804905100237,Made
00238,40574905100238,Made
00239,62674905100239,Made
00240,88564905100240,Made
00241,21124905100241,Made
00242,52134905100242,Made
00243,84944905100243,Made
00244,53324905100244,Made
00245,54624905100245,Made
00246,10804905100246,Made
00247,53934905100247,Made
00248,93904905100248,Made
00249,22724905100249,Made
00250,39484905100250,Made
00251,11514905100251,Made
00252,22864905100252,Made
00253,43424905100253,Made
00254,37244905100254,Made
00255,41094905100255,Made
00256,67984905100256,Made
00257,68904905100257,Made
00258,40704905100258,Made
00259,83474905100259,Made
00260,75044905100260,Made
00261,27534905100261,Made
00262,67914905100262,Made
00263,45104905100263,Made
00264,82894905100264,Made
00265,78344905100265,Made
00266,74814905100266,Made
00267,18794905100267,Made
00268,21144905100268,Made
00269,78184905100269,Made
00270,24114905100270,Made
00271,77074905100271,Made
00272,60294905100272,Made
00273,61104905100273,Made
00274,66644905100274,Made
00275,87994905100275,Made
00276,84434905100276,Made
00277,20524905100277,Made
00278,25394905100278,Made
00279,93304905100279,Made
00280,86364905100280,Made
00281,73654905100281,Made
00282,71774905100282,Made
00283,79334905100283,Made
00284,45254905100284,Made
00285,18604905100285,Made
00286,74624905100286,Made
00287,40214905100287,Made
00288,96804905100288,Made
00289,83854905100289,Made
00290,51574905100290,Made
00291,63684905100291,Made
00292,95924905100292,Made
00293,80354905100293,Made
00294,12954905100294,Made
00295,79374905100295,Made
00296,11864905100296,Made
00297,16014905100297,Made
00298,98194905100298,Made
00299,79594905100299,Made
00300,75844905100300,Made
00301,IET6a9299b72229d9.03907076,online
00302,IET6a9299b7228e12.20995690,online
00303,IET6a9299b722e183.34691673,online
00304,IET6a944a9ca7c435.79774221,online
