00001,47804589100001,,COMP
00002,40854589100002,,COMP
00003,36254589100003,,COMP
00004,75784589100004,,COMP
00005,31894589100005,,COMP
00006,23834589100006,,COMP
00007,34074589100007,,COMP
00008,84544589100008,,COMP
00009,21444589100009,,COMP
00010,30164589100010,,COMP
00011,22674589100011,,COMP
00012,28494589100012,,COMP
00013,32824589100013,,COMP
00014,38834589100014,,COMP
00015,70684589100015,,COMP
00016,44874589100016,,COMP
00017,64934589100017,,COMP
00018,81314589100018,,COMP
00019,89324589100019,,COMP
00020,23164589100020,,COMP
00021,49934589100021,,COMP
00022,29214589100022,,COMP
00023,19434589100023,,COMP
00024,33984589100024,,COMP
00025,96574589100025,,COMP
00026,34404589100026,,COMP
00027,40974589100027,,COMP
00028,60524589100028,,COMP
00029,35974589100029,,COMP
00030,91704589100030,,COMP
00031,85124589100031,,COMP
00032,22404589100032,,COMP
00033,69844589100033,,COMP
00034,74034589100034,,COMP
00035,88754589100035,,COMP
00036,92104589100036,,COMP
00037,91354589100037,,COMP
00038,60064589100038,,COMP
00039,91494589100039,,COMP
00040,43914589100040,,COMP
00041,18354589100041,,COMP
00042,54364589100042,,COMP
00043,85244589100043,,COMP
00044,65244589100044,,COMP
00045,59164589100045,,COMP
00046,90064589100046,,COMP
00047,66204589100047,,COMP
00048,60604589100048,,COMP
00049,10874589100049,,COMP
00050,84054589100050,,COMP
00051,19424589100051,,COMP
00052,58004589100052,,COMP
00053,20114589100053,,COMP
00054,74544589100054,,COMP
00055,15794589100055,,COMP
00056,97814589100056,,COMP
00057,16344589100057,,COMP
00058,31324589100058,,COMP
00059,61634589100059,,COMP
00060,54254589100060,,COMP
00061,67594589100061,,COMP
00062,48344589100062,,COMP
00063,60694589100063,,COMP
00064,19204589100064,,COMP
00065,38834589100065,,COMP
00066,18914589100066,,COMP
00067,68684589100067,,COMP
00068,78664589100068,,COMP
00069,82644589100069,,COMP
00070,53334589100070,,COMP
00071,30304589100071,,COMP
00072,21674589100072,,COMP
00073,72594589100073,,COMP
00074,19084589100074,,COMP
00075,78764589100075,,COMP
00076,61674589100076,,COMP
00077,48964589100077,,COMP
00078,93424589100078,,COMP
00079,47864589100079,,COMP
00080,50434589100080,,COMP
00081,57034589100081,,COMP
00082,78634589100082,,COMP
00083,86454589100083,,COMP
00084,64474589100084,,COMP
00085,97894589100085,,COMP
00086,89574589100086,,COMP
00087,35544589100087,,COMP
00088,23964589100088,,COMP
00089,11704589100089,,COMP
00090,93914589100090,,COMP
00091,87764589100091,,COMP
00092,54084589100092,,COMP
00093,13464589100093,,COMP
00094,14764589100094,,COMP
00095,29444589100095,,COMP
00096,59014589100096,,COMP
00097,81304589100097,,COMP
00098,35794589100098,,COMP
00099,35104589100099,,COMP
00100,38264589100100,,COMP
00101,87304589100101,,COMP
00102,28964589100102,,COMP
00103,44534589100103,,COMP
00104,65634589100104,,COMP
00105,40724589100105,,COMP
00106,84634589100106,,COMP
00107,62284589100107,,COMP
00108,20594589100108,,COMP
00109,83774589100109,,COMP
00110,74224589100110,,COMP
00111,29714589100111,,COMP
00112,62164589100112,,COMP
00113,59974589100113,,COMP
00114,45384589100114,,COMP
00115,79514589100115,,COMP
00116,45394589100116,,COMP
00117,94834589100117,,COMP
00118,99624589100118,,COMP
00119,92764589100119,,COMP
00120,40204589100120,,COMP
00121,29234589100121,,COMP
00122,22514589100122,,COMP
00123,88434589100123,,COMP
00124,62804589100124,,COMP
00125,45124589100125,,COMP
00126,16264589100126,,COMP
00127,95414589100127,,COMP
00128,99624589100128,,COMP
00129,53854589100129,,COMP
00130,14984589100130,,COMP
00131,47074589100131,,COMP
00132,63714589100132,,COMP
00133,96914589100133,,COMP
00134,12264589100134,,COMP
00135,58264589100135,,COMP
00136,43624589100136,,COMP
00137,49304589100137,,COMP
00138,51334589100138,,COMP
00139,94854589100139,,COMP
00140,34824589100140,,COMP
00141,65184589100141,,COMP
00142,57774589100142,,COMP
00143,25824589100143,,COMP
00144,53624589100144,,COMP
00145,56254589100145,,COMP
00146,54604589100146,,COMP
00147,57654589100147,,COMP
00148,93574589100148,,COMP
00149,92504589100149,,COMP
00150,40004589100150,,COMP
00151,21524589100151,,COMP
00152,14374589100152,,COMP
00153,15504589100153,,COMP
00154,67394589100154,,COMP
00155,32704589100155,,COMP
00156,83234589100156,,COMP
00157,64154589100157,,COMP
00158,78164589100158,,COMP
00159,92674589100159,,COMP
00160,98864589100160,,COMP
00161,83014589100161,,COMP
00162,26814589100162,,COMP
00163,73644589100163,,COMP
00164,67824589100164,,COMP
00165,13044589100165,,COMP
00166,28534589100166,,COMP
00167,85544589100167,,COMP
00168,93424589100168,,COMP
00169,44904589100169,,COMP
00170,79484589100170,,COMP
00171,55574589100171,,COMP
00172,17164589100172,,COMP
00173,74734589100173,,COMP
00174,69374589100174,,COMP
00175,50254589100175,,COMP
00176,72604589100176,,COMP
00177,82444589100177,,COMP
00178,86614589100178,,COMP
00179,79934589100179,,COMP
00180,31824589100180,,COMP
00181,82464589100181,,COMP
00182,26014589100182,,COMP
00183,15854589100183,,COMP
00184,84264589100184,,COMP
00185,97064589100185,,COMP
00186,28904589100186,,COMP
00187,69614589100187,,COMP
00188,28194589100188,,COMP
00189,62114589100189,,COMP
00190,45794589100190,,COMP
00191,35304589100191,,COMP
00192,14554589100192,,COMP
00193,25364589100193,,COMP
00194,51574589100194,,COMP
00195,83894589100195,,COMP
00196,53414589100196,,COMP
00197,97224589100197,,COMP
00198,13104589100198,,COMP
00199,50444589100199,,COMP
00200,82874589100200,,COMP
00201,64074589100201,,COMP
00202,59414589100202,,COMP
00203,93464589100203,,COMP
00204,60434589100204,,COMP
00205,14004589100205,,COMP
00206,44344589100206,,COMP
00207,27074589100207,,COMP
00208,76934589100208,,COMP
00209,85094589100209,,COMP
00210,31724589100210,,COMP
00211,25424589100211,,COMP
00212,42964589100212,,COMP
00213,56274589100213,,COMP
00214,82964589100214,,COMP
00215,89834589100215,,COMP
00216,27724589100216,,COMP
00217,40494589100217,,COMP
00218,67324589100218,,COMP
00219,78264589100219,,COMP
00220,80484589100220,,COMP
00221,30574589100221,,COMP
00222,34444589100222,,COMP
00223,27334589100223,,COMP
00224,74484589100224,,COMP
00225,97454589100225,,COMP
00226,69594589100226,,COMP
00227,46894589100227,,COMP
00228,23304589100228,,COMP
00229,71044589100229,,COMP
00230,81274589100230,,COMP
00231,57034589100231,,COMP
00232,59774589100232,,COMP
00233,53384589100233,,COMP
00234,61424589100234,,COMP
00235,87624589100235,,COMP
00236,77444589100236,,COMP
00237,54524589100237,,COMP
00238,98004589100238,,COMP
00239,60334589100239,,COMP
00240,24424589100240,,COMP
00241,10784589100241,,COMP
00242,50234589100242,,COMP
00243,43184589100243,,COMP
00244,39794589100244,,COMP
00245,95484589100245,,COMP
00246,56194589100246,,COMP
00247,77534589100247,,COMP
00248,72524589100248,,COMP
00249,62334589100249,,COMP
00250,72984589100250,,COMP
00251,27694589100251,,COMP
00252,62924589100252,,COMP
00253,51074589100253,,COMP
00254,69434589100254,,COMP
00255,82844589100255,,COMP
00256,56484589100256,,COMP
00257,65874589100257,,COMP
00258,61184589100258,,COMP
00259,21684589100259,,COMP
00260,70274589100260,,COMP
00261,16064589100261,,COMP
00262,78374589100262,,COMP
00263,29364589100263,,COMP
00264,71944589100264,,COMP
00265,49394589100265,,COMP
00266,65824589100266,,COMP
00267,97084589100267,,COMP
00268,71024589100268,,COMP
00269,97884589100269,,COMP
00270,75654589100270,,COMP
00271,74114589100271,,COMP
00272,52884589100272,,COMP
00273,76054589100273,,COMP
00274,32474589100274,,COMP
00275,12274589100275,,COMP
00276,25124589100276,,COMP
00277,11694589100277,,COMP
00278,60984589100278,,COMP
00279,83014589100279,,COMP
00280,86504589100280,,COMP
00281,19154589100281,,COMP
00282,26214589100282,,COMP
00283,66964589100283,,COMP
00284,68334589100284,,COMP
00285,25194589100285,,COMP
00286,86074589100286,,COMP
00287,35904589100287,,COMP
00288,98344589100288,,COMP
00289,57154589100289,,COMP
00290,96644589100290,,COMP
00291,67324589100291,,COMP
00292,17184589100292,,COMP
00293,13824589100293,,COMP
00294,29704589100294,,COMP
00295,71504589100295,,COMP
00296,77194589100296,,COMP
00297,88674589100297,,COMP
00298,52934589100298,,COMP
00299,90934589100299,,COMP
00300,43964589100300,,COMP
00301,45654589100301,,COMP
00302,92614589100302,,COMP
00303,82464589100303,,COMP
00304,30124589100304,,COMP
00305,47484589100305,,COMP
00306,48744589100306,,COMP
00307,81744589100307,,COMP
00308,91784589100308,,COMP
00309,66414589100309,,COMP
00310,32674589100310,,COMP
00311,30334589100311,,COMP
00312,27484589100312,,COMP
00313,37524589100313,,COMP
00314,87284589100314,,COMP
00315,75144589100315,,COMP
00316,99504589100316,,COMP
00317,34494589100317,,COMP
00318,19694589100318,,COMP
00319,80554589100319,,COMP
00320,67904589100320,,COMP
00321,17874589100321,,COMP
00322,66304589100322,,COMP
00323,62904589100323,,COMP
00324,46804589100324,,COMP
00325,55914589100325,,COMP
00326,50564589100326,,COMP
00327,17514589100327,,COMP
00328,33334589100328,,COMP
00329,27784589100329,,COMP
00330,93064589100330,,COMP
00331,38224589100331,,COMP
00332,89074589100332,,COMP
00333,69374589100333,,COMP
00334,84204589100334,,COMP
00335,99444589100335,,COMP
00336,93944589100336,,COMP
00337,51634589100337,,COMP
00338,79364589100338,,COMP
00339,40684589100339,,COMP
00340,62574589100340,,COMP
00341,71244589100341,,COMP
00342,86544589100342,,COMP
00343,23544589100343,,COMP
00344,33244589100344,,COMP
00345,64004589100345,,COMP
00346,56544589100346,,COMP
00347,21304589100347,,COMP
00348,69274589100348,,COMP
00349,70524589100349,,COMP
00350,75574589100350,,COMP
00351,50884589100351,,COMP
00352,12974589100352,,COMP
00353,74594589100353,,COMP
00354,40474589100354,,COMP
00355,67464589100355,,COMP
00356,71964589100356,,COMP
00357,43884589100357,,COMP
00358,76284589100358,,COMP
00359,61444589100359,,COMP
00360,78174589100360,,COMP
00361,83264589100361,,COMP
00362,76524589100362,,COMP
00363,88004589100363,,COMP
00364,29194589100364,,COMP
00365,70624589100365,,COMP
00366,75724589100366,,COMP
00367,49134589100367,,COMP
00368,22194589100368,,COMP
00369,35064589100369,,COMP
00370,14654589100370,,COMP
00371,38134589100371,,COMP
00372,30314589100372,,COMP
00373,17744589100373,,COMP
00374,67944589100374,,COMP
00375,76724589100375,,COMP
00376,61614589100376,,COMP
00377,45154589100377,,COMP
00378,94294589100378,,COMP
00379,54484589100379,,COMP
00380,70434589100380,,COMP
00381,34874589100381,,COMP
00382,99054589100382,,COMP
00383,50934589100383,,COMP
00384,71334589100384,,COMP
00385,83864589100385,,COMP
00386,89444589100386,,COMP
00387,50074589100387,,COMP
00388,95474589100388,,COMP
00389,59294589100389,,COMP
00390,42184589100390,,COMP
00391,37384589100391,,COMP
00392,79534589100392,,COMP
00393,21714589100393,,COMP
00394,73634589100394,,COMP
00395,29364589100395,,COMP
00396,47114589100396,,COMP
00397,40954589100397,,COMP
00398,92484589100398,,COMP
00399,35574589100399,,COMP
00400,42644589100400,,COMP
00401,34334589200401,,EARLY BIRD $350
00402,14914589200402,,EARLY BIRD $350
00403,43174589200403,,EARLY BIRD $350
00404,87804589200404,,EARLY BIRD $350
00405,77464589200405,,EARLY BIRD $350
00406,92164589200406,,EARLY BIRD $350
00407,23934589200407,,EARLY BIRD $350
00408,70404589200408,,EARLY BIRD $350
00409,17534589200409,,EARLY BIRD $350
00410,90834589200410,,EARLY BIRD $350
00411,53764589200411,,EARLY BIRD $350
00412,15814589200412,,EARLY BIRD $350
00413,99074589200413,,EARLY BIRD $350
00414,25444589200414,,EARLY BIRD $350
00415,94784589200415,,EARLY BIRD $350
00416,20844589200416,,EARLY BIRD $350
00417,82274589200417,,EARLY BIRD $350
00418,13564589200418,,EARLY BIRD $350
00419,69794589200419,,EARLY BIRD $350
00420,30164589200420,,EARLY BIRD $350
00421,93704589200421,,EARLY BIRD $350
00422,63554589200422,,EARLY BIRD $350
00423,49374589200423,,EARLY BIRD $350
00424,85214589200424,,EARLY BIRD $350
00425,59674589200425,,EARLY BIRD $350
00426,64704589200426,,EARLY BIRD $350
00427,11344589200427,,EARLY BIRD $350
00428,55644589200428,,EARLY BIRD $350
00429,61934589200429,,EARLY BIRD $350
00430,69814589200430,,EARLY BIRD $350
00431,72834589200431,,EARLY BIRD $350
00432,23144589200432,,EARLY BIRD $350
00433,86004589200433,,EARLY BIRD $350
00434,60444589200434,,EARLY BIRD $350
00435,24854589200435,,EARLY BIRD $350
00436,57874589200436,,EARLY BIRD $350
00437,61974589200437,,EARLY BIRD $350
00438,94514589200438,,EARLY BIRD $350
00439,59224589200439,,EARLY BIRD $350
00440,17444589200440,,EARLY BIRD $350
00441,17714589200441,,EARLY BIRD $350
00442,26504589200442,,EARLY BIRD $350
00443,78204589200443,,EARLY BIRD $350
00444,88214589200444,,EARLY BIRD $350
00445,74714589200445,,EARLY BIRD $350
00446,60034589200446,,EARLY BIRD $350
00447,16484589200447,,EARLY BIRD $350
00448,89264589200448,,EARLY BIRD $350
00449,16364589200449,,EARLY BIRD $350
00450,63104589200450,,EARLY BIRD $350
00451,95694589200451,,EARLY BIRD $350
00452,58814589200452,,EARLY BIRD $350
00453,48694589200453,,EARLY BIRD $350
00454,75724589200454,,EARLY BIRD $350
00455,21484589200455,,EARLY BIRD $350
00456,53044589200456,,EARLY BIRD $350
00457,53704589200457,,EARLY BIRD $350
00458,30034589200458,,EARLY BIRD $350
00459,93004589200459,,EARLY BIRD $350
00460,57614589200460,,EARLY BIRD $350
00461,35124589200461,,EARLY BIRD $350
00462,33014589200462,,EARLY BIRD $350
00463,84984589200463,,EARLY BIRD $350
00464,11474589200464,,EARLY BIRD $350
00465,46654589200465,,EARLY BIRD $350
00466,41584589200466,,EARLY BIRD $350
00467,42234589200467,,EARLY BIRD $350
00468,33324589200468,,EARLY BIRD $350
00469,52834589200469,,EARLY BIRD $350
00470,10334589200470,,EARLY BIRD $350
00471,16674589200471,,EARLY BIRD $350
00472,40524589200472,,EARLY BIRD $350
00473,82244589200473,,EARLY BIRD $350
00474,61594589200474,,EARLY BIRD $350
00475,96864589200475,,EARLY BIRD $350
00476,20454589200476,,EARLY BIRD $350
00477,43344589200477,,EARLY BIRD $350
00478,48154589200478,,EARLY BIRD $350
00479,10104589200479,,EARLY BIRD $350
00480,54454589200480,,EARLY BIRD $350
00481,12704589200481,,EARLY BIRD $350
00482,38414589200482,,EARLY BIRD $350
00483,96824589200483,,EARLY BIRD $350
00484,94254589200484,,EARLY BIRD $350
00485,95814589200485,,EARLY BIRD $350
00486,14004589200486,,EARLY BIRD $350
00487,57774589200487,,EARLY BIRD $350
00488,30834589200488,,EARLY BIRD $350
00489,40384589200489,,EARLY BIRD $350
00490,39954589200490,,EARLY BIRD $350
00491,63424589200491,,EARLY BIRD $350
00492,55824589200492,,EARLY BIRD $350
00493,42074589200493,,EARLY BIRD $350
00494,97384589200494,,EARLY BIRD $350
00495,86084589200495,,EARLY BIRD $350
00496,55464589200496,,EARLY BIRD $350
00497,42824589200497,,EARLY BIRD $350
00498,28634589200498,,EARLY BIRD $350
00499,64384589200499,,EARLY BIRD $350
00500,16974589200500,,EARLY BIRD $350
00501,41604589200501,,EARLY BIRD $350
00502,44904589200502,,EARLY BIRD $350
00503,90324589200503,,EARLY BIRD $350
00504,97454589200504,,EARLY BIRD $350
00505,67694589200505,,EARLY BIRD $350
00506,86414589200506,,EARLY BIRD $350
00507,78814589200507,,EARLY BIRD $350
00508,85324589200508,,EARLY BIRD $350
00509,86514589200509,,EARLY BIRD $350
00510,15124589200510,,EARLY BIRD $350
00511,89694589200511,,EARLY BIRD $350
00512,54204589200512,,EARLY BIRD $350
00513,17854589200513,,EARLY BIRD $350
00514,99784589200514,,EARLY BIRD $350
00515,42264589200515,,EARLY BIRD $350
00516,49304589200516,,EARLY BIRD $350
00517,46624589200517,,EARLY BIRD $350
00518,83684589200518,,EARLY BIRD $350
00519,82314589200519,,EARLY BIRD $350
00520,66374589200520,,EARLY BIRD $350
00521,56264589200521,,EARLY BIRD $350
00522,74764589200522,,EARLY BIRD $350
00523,71664589200523,,EARLY BIRD $350
00524,53084589200524,,EARLY BIRD $350
00525,74364589200525,,EARLY BIRD $350
00526,18274589200526,,EARLY BIRD $350
00527,90194589200527,,EARLY BIRD $350
00528,22924589200528,,EARLY BIRD $350
00529,21094589200529,,EARLY BIRD $350
00530,91904589200530,,EARLY BIRD $350
00531,60364589200531,,EARLY BIRD $350
00532,11634589200532,,EARLY BIRD $350
00533,19844589200533,,EARLY BIRD $350
00534,43544589200534,,EARLY BIRD $350
00535,24264589200535,,EARLY BIRD $350
00536,56064589200536,,EARLY BIRD $350
00537,10644589200537,,EARLY BIRD $350
00538,81294589200538,,EARLY BIRD $350
00539,83104589200539,,EARLY BIRD $350
00540,15684589200540,,EARLY BIRD $350
00541,15824589200541,,EARLY BIRD $350
00542,76234589200542,,EARLY BIRD $350
00543,89334589200543,,EARLY BIRD $350
00544,46334589200544,,EARLY BIRD $350
00545,68364589200545,,EARLY BIRD $350
00546,47544589200546,,EARLY BIRD $350
00547,81054589200547,,EARLY BIRD $350
00548,16774589200548,,EARLY BIRD $350
00549,72694589200549,,EARLY BIRD $350
00550,40114589200550,,EARLY BIRD $350
00551,19164589200551,,EARLY BIRD $350
00552,27504589200552,,EARLY BIRD $350
00553,47904589200553,,EARLY BIRD $350
00554,24794589200554,,EARLY BIRD $350
00555,86774589200555,,EARLY BIRD $350
00556,52214589200556,,EARLY BIRD $350
00557,33564589200557,,EARLY BIRD $350
00558,90944589200558,,EARLY BIRD $350
00559,21374589200559,,EARLY BIRD $350
00560,51664589200560,,EARLY BIRD $350
00561,18014589200561,,EARLY BIRD $350
00562,31724589200562,,EARLY BIRD $350
00563,89234589200563,,EARLY BIRD $350
00564,20104589200564,,EARLY BIRD $350
00565,69124589200565,,EARLY BIRD $350
00566,31574589200566,,EARLY BIRD $350
00567,12534589200567,,EARLY BIRD $350
00568,54164589200568,,EARLY BIRD $350
00569,37624589200569,,EARLY BIRD $350
00570,26544589200570,,EARLY BIRD $350
00571,78804589200571,,EARLY BIRD $350
00572,84294589200572,,EARLY BIRD $350
00573,92784589200573,,EARLY BIRD $350
00574,76814589200574,,EARLY BIRD $350
00575,23074589200575,,EARLY BIRD $350
00576,78644589200576,,EARLY BIRD $350
00577,20824589200577,,EARLY BIRD $350
00578,41984589200578,,EARLY BIRD $350
00579,92274589200579,,EARLY BIRD $350
00580,89454589200580,,EARLY BIRD $350
00581,75584589200581,,EARLY BIRD $350
00582,88574589200582,,EARLY BIRD $350
00583,62374589200583,,EARLY BIRD $350
00584,52024589200584,,EARLY BIRD $350
00585,51864589200585,,EARLY BIRD $350
00586,50334589200586,,EARLY BIRD $350
00587,77834589200587,,EARLY BIRD $350
00588,56024589200588,,EARLY BIRD $350
00589,91204589200589,,EARLY BIRD $350
00590,70754589200590,,EARLY BIRD $350
00591,73684589200591,,EARLY BIRD $350
00592,99494589200592,,EARLY BIRD $350
00593,70144589200593,,EARLY BIRD $350
00594,98374589200594,,EARLY BIRD $350
00595,30074589200595,,EARLY BIRD $350
00596,45204589200596,,EARLY BIRD $350
00597,91004589200597,,EARLY BIRD $350
00598,34304589200598,,EARLY BIRD $350
00599,69194589200599,,EARLY BIRD $350
00600,49554589200600,,EARLY BIRD $350
00601,95204589200601,,EARLY BIRD $350
00602,82454589200602,,EARLY BIRD $350
00603,34984589200603,,EARLY BIRD $350
00604,24004589200604,,EARLY BIRD $350
00605,39004589200605,,EARLY BIRD $350
00606,42184589200606,,EARLY BIRD $350
00607,84974589200607,,EARLY BIRD $350
00608,18964589200608,,EARLY BIRD $350
00609,91774589200609,,EARLY BIRD $350
00610,63434589200610,,EARLY BIRD $350
00611,44984589200611,,EARLY BIRD $350
00612,90184589200612,,EARLY BIRD $350
00613,46854589200613,,EARLY BIRD $350
00614,74404589200614,,EARLY BIRD $350
00615,46024589200615,,EARLY BIRD $350
00616,97734589200616,,EARLY BIRD $350
00617,14724589200617,,EARLY BIRD $350
00618,41704589200618,,EARLY BIRD $350
00619,13894589200619,,EARLY BIRD $350
00620,67324589200620,,EARLY BIRD $350
00621,58874589200621,,EARLY BIRD $350
00622,72994589200622,,EARLY BIRD $350
00623,81204589200623,,EARLY BIRD $350
00624,34244589200624,,EARLY BIRD $350
00625,34064589200625,,EARLY BIRD $350
00626,92184589200626,,EARLY BIRD $350
00627,31914589200627,,EARLY BIRD $350
00628,89754589200628,,EARLY BIRD $350
00629,77054589200629,,EARLY BIRD $350
00630,77044589200630,,EARLY BIRD $350
00631,28344589200631,,EARLY BIRD $350
00632,90054589200632,,EARLY BIRD $350
00633,39974589200633,,EARLY BIRD $350
00634,49364589200634,,EARLY BIRD $350
00635,10694589200635,,EARLY BIRD $350
00636,17614589200636,,EARLY BIRD $350
00637,26024589200637,,EARLY BIRD $350
00638,87624589200638,,EARLY BIRD $350
00639,19124589200639,,EARLY BIRD $350
00640,95074589200640,,EARLY BIRD $350
00641,47804589200641,,EARLY BIRD $350
00642,92194589200642,,EARLY BIRD $350
00643,88234589200643,,EARLY BIRD $350
00644,21774589200644,,EARLY BIRD $350
00645,68064589200645,,EARLY BIRD $350
00646,22894589200646,,EARLY BIRD $350
00647,74154589200647,,EARLY BIRD $350
00648,32484589200648,,EARLY BIRD $350
00649,63034589200649,,EARLY BIRD $350
00650,69214589200650,,EARLY BIRD $350
00651,44014589200651,,EARLY BIRD $350
00652,88934589200652,,EARLY BIRD $350
00653,18134589200653,,EARLY BIRD $350
00654,32994589200654,,EARLY BIRD $350
00655,57974589200655,,EARLY BIRD $350
00656,83704589200656,,EARLY BIRD $350
00657,36324589200657,,EARLY BIRD $350
00658,83484589200658,,EARLY BIRD $350
00659,63844589200659,,EARLY BIRD $350
00660,66574589200660,,EARLY BIRD $350
00661,18834589200661,,EARLY BIRD $350
00662,95104589200662,,EARLY BIRD $350
00663,83994589200663,,EARLY BIRD $350
00664,43484589200664,,EARLY BIRD $350
00665,88464589200665,,EARLY BIRD $350
00666,87564589200666,,EARLY BIRD $350
00667,64984589200667,,EARLY BIRD $350
00668,67924589200668,,EARLY BIRD $350
00669,45404589200669,,EARLY BIRD $350
00670,58484589200670,,EARLY BIRD $350
00671,19554589200671,,EARLY BIRD $350
00672,84834589200672,,EARLY BIRD $350
00673,15444589200673,,EARLY BIRD $350
00674,18594589200674,,EARLY BIRD $350
00675,11114589200675,,EARLY BIRD $350
00676,67014589200676,,EARLY BIRD $350
00677,40784589200677,,EARLY BIRD $350
00678,49364589200678,,EARLY BIRD $350
00679,70854589200679,,EARLY BIRD $350
00680,84044589200680,,EARLY BIRD $350
00681,53354589200681,,EARLY BIRD $350
00682,23204589200682,,EARLY BIRD $350
00683,47264589200683,,EARLY BIRD $350
00684,33664589200684,,EARLY BIRD $350
00685,50534589200685,,EARLY BIRD $350
00686,66034589200686,,EARLY BIRD $350
00687,18084589200687,,EARLY BIRD $350
00688,25704589200688,,EARLY BIRD $350
00689,23484589200689,,EARLY BIRD $350
00690,52564589200690,,EARLY BIRD $350
00691,94914589200691,,EARLY BIRD $350
00692,68454589200692,,EARLY BIRD $350
00693,87884589200693,,EARLY BIRD $350
00694,23824589200694,,EARLY BIRD $350
00695,70244589200695,,EARLY BIRD $350
00696,47644589200696,,EARLY BIRD $350
00697,97254589200697,,EARLY BIRD $350
00698,87384589200698,,EARLY BIRD $350
00699,76944589200699,,EARLY BIRD $350
00700,87764589200700,,EARLY BIRD $350
00701,88714589200701,,EARLY BIRD $350
00702,70054589200702,,EARLY BIRD $350
00703,10334589200703,,EARLY BIRD $350
00704,36024589200704,,EARLY BIRD $350
00705,31264589200705,,EARLY BIRD $350
00706,92924589200706,,EARLY BIRD $350
00707,52644589200707,,EARLY BIRD $350
00708,48744589200708,,EARLY BIRD $350
00709,46574589200709,,EARLY BIRD $350
00710,89124589200710,,EARLY BIRD $350
00711,50174589200711,,EARLY BIRD $350
00712,30254589200712,,EARLY BIRD $350
00713,22254589200713,,EARLY BIRD $350
00714,63944589200714,,EARLY BIRD $350
00715,82694589200715,,EARLY BIRD $350
00716,84314589200716,,EARLY BIRD $350
00717,57644589200717,,EARLY BIRD $350
00718,17454589200718,,EARLY BIRD $350
00719,65554589200719,,EARLY BIRD $350
00720,88034589200720,,EARLY BIRD $350
00721,32114589200721,,EARLY BIRD $350
00722,69734589200722,,EARLY BIRD $350
00723,94184589200723,,EARLY BIRD $350
00724,98214589200724,,EARLY BIRD $350
00725,95784589200725,,EARLY BIRD $350
00726,68464589200726,,EARLY BIRD $350
00727,91144589200727,,EARLY BIRD $350
00728,60354589200728,,EARLY BIRD $350
00729,12914589200729,,EARLY BIRD $350
00730,29144589200730,,EARLY BIRD $350
00731,15634589200731,,EARLY BIRD $350
00732,79934589200732,,EARLY BIRD $350
00733,57514589200733,,EARLY BIRD $350
00734,57654589200734,,EARLY BIRD $350
00735,95524589200735,,EARLY BIRD $350
00736,86464589200736,,EARLY BIRD $350
00737,41844589200737,,EARLY BIRD $350
00738,25524589200738,,EARLY BIRD $350
00739,91924589200739,,EARLY BIRD $350
00740,59754589200740,,EARLY BIRD $350
00741,76984589200741,,EARLY BIRD $350
00742,77494589200742,,EARLY BIRD $350
00743,26174589200743,,EARLY BIRD $350
00744,98914589200744,,EARLY BIRD $350
00745,96284589200745,,EARLY BIRD $350
00746,81764589200746,,EARLY BIRD $350
00747,29394589200747,,EARLY BIRD $350
00748,63724589200748,,EARLY BIRD $350
00749,31034589200749,,EARLY BIRD $350
00750,92554589200750,,EARLY BIRD $350
00751,34494589200751,,EARLY BIRD $350
00752,48534589200752,,EARLY BIRD $350
00753,98764589200753,,EARLY BIRD $350
00754,25324589200754,,EARLY BIRD $350
00755,30744589200755,,EARLY BIRD $350
00756,68684589200756,,EARLY BIRD $350
00757,34114589200757,,EARLY BIRD $350
00758,74384589200758,,EARLY BIRD $350
00759,70764589200759,,EARLY BIRD $350
00760,39424589200760,,EARLY BIRD $350
00761,51974589200761,,EARLY BIRD $350
00762,73124589200762,,EARLY BIRD $350
00763,30104589200763,,EARLY BIRD $350
00764,47264589200764,,EARLY BIRD $350
00765,33374589200765,,EARLY BIRD $350
00766,46584589200766,,EARLY BIRD $350
00767,19204589200767,,EARLY BIRD $350
00768,13974589200768,,EARLY BIRD $350
00769,83724589200769,,EARLY BIRD $350
00770,66674589200770,,EARLY BIRD $350
00771,98004589200771,,EARLY BIRD $350
00772,12874589200772,,EARLY BIRD $350
00773,33604589200773,,EARLY BIRD $350
00774,39794589200774,,EARLY BIRD $350
00775,12924589200775,,EARLY BIRD $350
00776,67844589200776,,EARLY BIRD $350
00777,42034589200777,,EARLY BIRD $350
00778,56994589200778,,EARLY BIRD $350
00779,36394589200779,,EARLY BIRD $350
00780,64674589200780,,EARLY BIRD $350
00781,52244589200781,,EARLY BIRD $350
00782,46654589200782,,EARLY BIRD $350
00783,28934589200783,,EARLY BIRD $350
00784,44994589200784,,EARLY BIRD $350
00785,80024589200785,,EARLY BIRD $350
00786,79624589200786,,EARLY BIRD $350
00787,53614589200787,,EARLY BIRD $350
00788,72654589200788,,EARLY BIRD $350
00789,74404589200789,,EARLY BIRD $350
00790,66874589200790,,EARLY BIRD $350
00791,23154589200791,,EARLY BIRD $350
00792,32664589200792,,EARLY BIRD $350
00793,71024589200793,,EARLY BIRD $350
00794,19664589200794,,EARLY BIRD $350
00795,89404589200795,,EARLY BIRD $350
00796,82554589200796,,EARLY BIRD $350
00797,97844589200797,,EARLY BIRD $350
00798,62174589200798,,EARLY BIRD $350
00799,65424589200799,,EARLY BIRD $350
00800,46344589200800,,EARLY BIRD $350
00801,13494589200801,,EARLY BIRD $350
00802,16714589200802,,EARLY BIRD $350
00803,39944589200803,,EARLY BIRD $350
00804,90894589200804,,EARLY BIRD $350
00805,87974589200805,,EARLY BIRD $350
00806,91304589200806,,EARLY BIRD $350
00807,24474589200807,,EARLY BIRD $350
00808,74844589200808,,EARLY BIRD $350
00809,76034589200809,,EARLY BIRD $350
00810,59924589200810,,EARLY BIRD $350
00811,72774589200811,,EARLY BIRD $350
00812,89994589200812,,EARLY BIRD $350
00813,22864589200813,,EARLY BIRD $350
00814,85064589200814,,EARLY BIRD $350
00815,62944589200815,,EARLY BIRD $350
00816,35244589200816,,EARLY BIRD $350
00817,12434589200817,,EARLY BIRD $350
00818,32974589200818,,EARLY BIRD $350
00819,41884589200819,,EARLY BIRD $350
00820,22954589200820,,EARLY BIRD $350
00821,28244589200821,,EARLY BIRD $350
00822,71254589200822,,EARLY BIRD $350
00823,52384589200823,,EARLY BIRD $350
00824,87874589200824,,EARLY BIRD $350
00825,16624589200825,,EARLY BIRD $350
00826,29064589200826,,EARLY BIRD $350
00827,72624589200827,,EARLY BIRD $350
00828,98604589200828,,EARLY BIRD $350
00829,62494589200829,,EARLY BIRD $350
00830,39734589200830,,EARLY BIRD $350
00831,68244589200831,,EARLY BIRD $350
00832,51414589200832,,EARLY BIRD $350
00833,47684589200833,,EARLY BIRD $350
00834,35944589200834,,EARLY BIRD $350
00835,66804589200835,,EARLY BIRD $350
00836,26654589200836,,EARLY BIRD $350
00837,51664589200837,,EARLY BIRD $350
00838,77374589200838,,EARLY BIRD $350
00839,74894589200839,,EARLY BIRD $350
00840,77744589200840,,EARLY BIRD $350
00841,54864589200841,,EARLY BIRD $350
00842,70874589200842,,EARLY BIRD $350
00843,17604589200843,,EARLY BIRD $350
00844,52504589200844,,EARLY BIRD $350
00845,24444589200845,,EARLY BIRD $350
00846,53094589200846,,EARLY BIRD $350
00847,60594589200847,,EARLY BIRD $350
00848,67074589200848,,EARLY BIRD $350
00849,22564589200849,,EARLY BIRD $350
00850,45664589200850,,EARLY BIRD $350
00851,54604589200851,,EARLY BIRD $350
00852,12374589200852,,EARLY BIRD $350
00853,67174589200853,,EARLY BIRD $350
00854,22834589200854,,EARLY BIRD $350
00855,82504589200855,,EARLY BIRD $350
00856,72904589200856,,EARLY BIRD $350
00857,15334589200857,,EARLY BIRD $350
00858,81644589200858,,EARLY BIRD $350
00859,38824589200859,,EARLY BIRD $350
00860,98254589200860,,EARLY BIRD $350
00861,98884589200861,,EARLY BIRD $350
00862,94564589200862,,EARLY BIRD $350
00863,41734589200863,,EARLY BIRD $350
00864,76974589200864,,EARLY BIRD $350
00865,42874589200865,,EARLY BIRD $350
00866,14684589200866,,EARLY BIRD $350
00867,57654589200867,,EARLY BIRD $350
00868,92944589200868,,EARLY BIRD $350
00869,96224589200869,,EARLY BIRD $350
00870,23294589200870,,EARLY BIRD $350
00871,88244589200871,,EARLY BIRD $350
00872,34344589200872,,EARLY BIRD $350
00873,15084589200873,,EARLY BIRD $350
00874,70154589200874,,EARLY BIRD $350
00875,19934589200875,,EARLY BIRD $350
00876,44994589200876,,EARLY BIRD $350
00877,48534589200877,,EARLY BIRD $350
00878,66054589200878,,EARLY BIRD $350
00879,35934589200879,,EARLY BIRD $350
00880,98324589200880,,EARLY BIRD $350
00881,56964589200881,,EARLY BIRD $350
00882,98014589200882,,EARLY BIRD $350
00883,60844589200883,,EARLY BIRD $350
00884,43744589200884,,EARLY BIRD $350
00885,92764589200885,,EARLY BIRD $350
00886,36924589200886,,EARLY BIRD $350
00887,37604589200887,,EARLY BIRD $350
00888,35534589200888,,EARLY BIRD $350
00889,13704589200889,,EARLY BIRD $350
00890,67704589200890,,EARLY BIRD $350
00891,47044589200891,,EARLY BIRD $350
00892,84304589200892,,EARLY BIRD $350
00893,18584589200893,,EARLY BIRD $350
00894,71984589200894,,EARLY BIRD $350
00895,89954589200895,,EARLY BIRD $350
00896,80854589200896,,EARLY BIRD $350
00897,35634589200897,,EARLY BIRD $350
00898,23234589200898,,EARLY BIRD $350
00899,71554589200899,,EARLY BIRD $350
00900,22604589200900,,EARLY BIRD $350
00901,33244589300901,,3ON1 $900
00902,44384589300902,,3ON1 $900
00903,78594589300903,,3ON1 $900
00904,82454589300904,,3ON1 $900
00905,83244589300905,,3ON1 $900
00906,38084589300906,,3ON1 $900
00907,48814589300907,,3ON1 $900
00908,70294589300908,,3ON1 $900
00909,86714589300909,,3ON1 $900
00910,59274589300910,,3ON1 $900
00911,93034589300911,,3ON1 $900
00912,86794589300912,,3ON1 $900
00913,62204589300913,,3ON1 $900
00914,80344589300914,,3ON1 $900
00915,29674589300915,,3ON1 $900
00916,29874589300916,,3ON1 $900
00917,96594589300917,,3ON1 $900
00918,48844589300918,,3ON1 $900
00919,21724589300919,,3ON1 $900
00920,23594589300920,,3ON1 $900
00921,48304589300921,,3ON1 $900
00922,57574589300922,,3ON1 $900
00923,66364589300923,,3ON1 $900
00924,59564589300924,,3ON1 $900
00925,83134589300925,,3ON1 $900
00926,87314589300926,,3ON1 $900
00927,46964589300927,,3ON1 $900
00928,20864589300928,,3ON1 $900
00929,62514589300929,,3ON1 $900
00930,41904589300930,,3ON1 $900
00931,77564589300931,,3ON1 $900
00932,88404589300932,,3ON1 $900
00933,34264589300933,,3ON1 $900
00934,75954589300934,,3ON1 $900
00935,59994589300935,,3ON1 $900
00936,89904589300936,,3ON1 $900
00937,25944589300937,,3ON1 $900
00938,44974589300938,,3ON1 $900
00939,73334589300939,,3ON1 $900
00940,41214589300940,,3ON1 $900
00941,40544589300941,,3ON1 $900
00942,58034589300942,,3ON1 $900
00943,65974589300943,,3ON1 $900
00944,80284589300944,,3ON1 $900
00945,74854589300945,,3ON1 $900
00946,62954589300946,,3ON1 $900
00947,20144589300947,,3ON1 $900
00948,63564589300948,,3ON1 $900
00949,70204589300949,,3ON1 $900
00950,83884589300950,,3ON1 $900
00951,48934589300951,,3ON1 $900
00952,84874589300952,,3ON1 $900
00953,65714589300953,,3ON1 $900
00954,31564589300954,,3ON1 $900
00955,65844589300955,,3ON1 $900
00956,26854589300956,,3ON1 $900
00957,14134589300957,,3ON1 $900
00958,75854589300958,,3ON1 $900
00959,16834589300959,,3ON1 $900
00960,34804589300960,,3ON1 $900
00961,70074589300961,,3ON1 $900
00962,51024589300962,,3ON1 $900
00963,44754589300963,,3ON1 $900
00964,23204589300964,,3ON1 $900
00965,90854589300965,,3ON1 $900
00966,53314589300966,,3ON1 $900
00967,46524589300967,,3ON1 $900
00968,14494589300968,,3ON1 $900
00969,59694589300969,,3ON1 $900
00970,71124589300970,,3ON1 $900
00971,62544589300971,,3ON1 $900
00972,50564589300972,,3ON1 $900
00973,81574589300973,,3ON1 $900
00974,87674589300974,,3ON1 $900
00975,58784589300975,,3ON1 $900
00976,36634589300976,,3ON1 $900
00977,41484589300977,,3ON1 $900
00978,26164589300978,,3ON1 $900
00979,91304589300979,,3ON1 $900
00980,57654589300980,,3ON1 $900
00981,95154589300981,,3ON1 $900
00982,77394589300982,,3ON1 $900
00983,43294589300983,,3ON1 $900
00984,87214589300984,,3ON1 $900
00985,12474589300985,,3ON1 $900
00986,59964589300986,,3ON1 $900
00987,14554589300987,,3ON1 $900
00988,78964589300988,,3ON1 $900
00989,73104589300989,,3ON1 $900
00990,62924589300990,,3ON1 $900
00991,13614589300991,,3ON1 $900
00992,80494589300992,,3ON1 $900
00993,94884589300993,,3ON1 $900
00994,30904589300994,,3ON1 $900
00995,32184589300995,,3ON1 $900
00996,99774589300996,,3ON1 $900
00997,14574589300997,,3ON1 $900
00998,91784589300998,,3ON1 $900
00999,52234589300999,,3ON1 $900
01000,84024589301000,,3ON1 $900
01001,41104589301001,,3ON1 $900
01002,96864589301002,,3ON1 $900
01003,75504589301003,,3ON1 $900
01004,11154589301004,,3ON1 $900
01005,21394589301005,,3ON1 $900
01006,83504589301006,,3ON1 $900
01007,85544589301007,,3ON1 $900
01008,93624589301008,,3ON1 $900
01009,88624589301009,,3ON1 $900
01010,40284589301010,,3ON1 $900
01011,32254589301011,,3ON1 $900
01012,14934589301012,,3ON1 $900
01013,73034589301013,,3ON1 $900
01014,54654589301014,,3ON1 $900
01015,18864589301015,,3ON1 $900
01016,78404589301016,,3ON1 $900
01017,15154589301017,,3ON1 $900
01018,33114589301018,,3ON1 $900
01019,61534589301019,,3ON1 $900
01020,38734589301020,,3ON1 $900
01021,71634589301021,,3ON1 $900
01022,73834589301022,,3ON1 $900
01023,51364589301023,,3ON1 $900
01024,25754589301024,,3ON1 $900
01025,83514589301025,,3ON1 $900
01026,51844589301026,,3ON1 $900
01027,98894589301027,,3ON1 $900
01028,50964589301028,,3ON1 $900
01029,66984589301029,,3ON1 $900
01030,36674589301030,,3ON1 $900
01031,91174589301031,,3ON1 $900
01032,76334589301032,,3ON1 $900
01033,96694589301033,,3ON1 $900
01034,12504589301034,,3ON1 $900
01035,81274589301035,,3ON1 $900
01036,15804589301036,,3ON1 $900
01037,31534589301037,,3ON1 $900
01038,70824589301038,,3ON1 $900
01039,70324589301039,,3ON1 $900
01040,29104589301040,,3ON1 $900
01041,72864589301041,,3ON1 $900
01042,85624589301042,,3ON1 $900
01043,82014589301043,,3ON1 $900
01044,28224589301044,,3ON1 $900
01045,85374589301045,,3ON1 $900
01046,40994589301046,,3ON1 $900
01047,79704589301047,,3ON1 $900
01048,16284589301048,,3ON1 $900
01049,20324589301049,,3ON1 $900
01050,21314589301050,,3ON1 $900
01051,85864589301051,,3ON1 $900
01052,88954589301052,,3ON1 $900
01053,91284589301053,,3ON1 $900
01054,43894589301054,,3ON1 $900
01055,54164589301055,,3ON1 $900
01056,98384589301056,,3ON1 $900
01057,72514589301057,,3ON1 $900
01058,94164589301058,,3ON1 $900
01059,33984589301059,,3ON1 $900
01060,59554589301060,,3ON1 $900
01061,59654589301061,,3ON1 $900
01062,93284589301062,,3ON1 $900
01063,87434589301063,,3ON1 $900
01064,39224589301064,,3ON1 $900
01065,83064589301065,,3ON1 $900
01066,68344589301066,,3ON1 $900
01067,48934589301067,,3ON1 $900
01068,67314589301068,,3ON1 $900
01069,13584589301069,,3ON1 $900
01070,74954589301070,,3ON1 $900
01071,27174589301071,,3ON1 $900
01072,70844589301072,,3ON1 $900
01073,30764589301073,,3ON1 $900
01074,52504589301074,,3ON1 $900
01075,29684589301075,,3ON1 $900
01076,10334589301076,,3ON1 $900
01077,33764589301077,,3ON1 $900
01078,61724589301078,,3ON1 $900
01079,59894589301079,,3ON1 $900
01080,38634589301080,,3ON1 $900
01081,64524589301081,,3ON1 $900
01082,94874589301082,,3ON1 $900
01083,56604589301083,,3ON1 $900
01084,52464589301084,,3ON1 $900
01085,33614589301085,,3ON1 $900
01086,88424589301086,,3ON1 $900
01087,36074589301087,,3ON1 $900
01088,76204589301088,,3ON1 $900
01089,98444589301089,,3ON1 $900
01090,48184589301090,,3ON1 $900
01091,76494589301091,,3ON1 $900
01092,38384589301092,,3ON1 $900
01093,74144589301093,,3ON1 $900
01094,16954589301094,,3ON1 $900
01095,55074589301095,,3ON1 $900
01096,20494589301096,,3ON1 $900
01097,36764589301097,,3ON1 $900
01098,64704589301098,,3ON1 $900
01099,37524589301099,,3ON1 $900
01100,78504589301100,,3ON1 $900
01101,49074589301101,,3ON1 $900
01102,31214589301102,,3ON1 $900
01103,60144589301103,,3ON1 $900
01104,86684589301104,,3ON1 $900
01105,88874589301105,,3ON1 $900
01106,11234589301106,,3ON1 $900
01107,24304589301107,,3ON1 $900
01108,54064589301108,,3ON1 $900
01109,89744589301109,,3ON1 $900
01110,52144589301110,,3ON1 $900
01111,63474589301111,,3ON1 $900
01112,13284589301112,,3ON1 $900
01113,94344589301113,,3ON1 $900
01114,54114589301114,,3ON1 $900
01115,32824589301115,,3ON1 $900
01116,22054589301116,,3ON1 $900
01117,70174589301117,,3ON1 $900
01118,52734589301118,,3ON1 $900
01119,11154589301119,,3ON1 $900
01120,97024589301120,,3ON1 $900
01121,17884589301121,,3ON1 $900
01122,74194589301122,,3ON1 $900
01123,15494589301123,,3ON1 $900
01124,80234589301124,,3ON1 $900
01125,12024589301125,,3ON1 $900
01126,12974589301126,,3ON1 $900
01127,98124589301127,,3ON1 $900
01128,67974589301128,,3ON1 $900
01129,84344589301129,,3ON1 $900
01130,71894589301130,,3ON1 $900
01131,16124589301131,,3ON1 $900
01132,52194589301132,,3ON1 $900
01133,39604589301133,,3ON1 $900
01134,54894589301134,,3ON1 $900
01135,93324589301135,,3ON1 $900
01136,34444589301136,,3ON1 $900
01137,13774589301137,,3ON1 $900
01138,32124589301138,,3ON1 $900
01139,34944589301139,,3ON1 $900
01140,72254589301140,,3ON1 $900
01141,64894589301141,,3ON1 $900
01142,37584589301142,,3ON1 $900
01143,14534589301143,,3ON1 $900
01144,78044589301144,,3ON1 $900
01145,56334589301145,,3ON1 $900
01146,59334589301146,,3ON1 $900
01147,73564589301147,,3ON1 $900
01148,90534589301148,,3ON1 $900
01149,12544589301149,,3ON1 $900
01150,52124589301150,,3ON1 $900
01151,83444589301151,,3ON1 $900
01152,28664589301152,,3ON1 $900
01153,47374589301153,,3ON1 $900
01154,62534589301154,,3ON1 $900
01155,90034589301155,,3ON1 $900
01156,97944589301156,,3ON1 $900
01157,44834589301157,,3ON1 $900
01158,16664589301158,,3ON1 $900
01159,50684589301159,,3ON1 $900
01160,49464589301160,,3ON1 $900
01161,82374589301161,,3ON1 $900
01162,70234589301162,,3ON1 $900
01163,43784589301163,,3ON1 $900
01164,81184589301164,,3ON1 $900
01165,66704589301165,,3ON1 $900
01166,81324589301166,,3ON1 $900
01167,50764589301167,,3ON1 $900
01168,51914589301168,,3ON1 $900
01169,22014589301169,,3ON1 $900
01170,95474589301170,,3ON1 $900
01171,30654589301171,,3ON1 $900
01172,67694589301172,,3ON1 $900
01173,40774589301173,,3ON1 $900
01174,43344589301174,,3ON1 $900
01175,17114589301175,,3ON1 $900
01176,10734589301176,,3ON1 $900
01177,77054589301177,,3ON1 $900
01178,90864589301178,,3ON1 $900
01179,57904589301179,,3ON1 $900
01180,80734589301180,,3ON1 $900
01181,32284589301181,,3ON1 $900
01182,21934589301182,,3ON1 $900
01183,87034589301183,,3ON1 $900
01184,98914589301184,,3ON1 $900
01185,43494589301185,,3ON1 $900
01186,83494589301186,,3ON1 $900
01187,89184589301187,,3ON1 $900
01188,94324589301188,,3ON1 $900
01189,74154589301189,,3ON1 $900
01190,53324589301190,,3ON1 $900
01191,16804589301191,,3ON1 $900
01192,12794589301192,,3ON1 $900
01193,67424589301193,,3ON1 $900
01194,40034589301194,,3ON1 $900
01195,89564589301195,,3ON1 $900
01196,78294589301196,,3ON1 $900
01197,31964589301197,,3ON1 $900
01198,45824589301198,,3ON1 $900
01199,36524589301199,,3ON1 $900
01200,96914589301200,,3ON1 $900
01201,60144589301201,,3ON1 $900
01202,91624589301202,,3ON1 $900
01203,70514589301203,,3ON1 $900
01204,43214589301204,,3ON1 $900
01205,98924589301205,,3ON1 $900
01206,94744589301206,,3ON1 $900
01207,85264589301207,,3ON1 $900
01208,39144589301208,,3ON1 $900
01209,13074589301209,,3ON1 $900
01210,39014589301210,,3ON1 $900
01211,44904589301211,,3ON1 $900
01212,85454589301212,,3ON1 $900
01213,30944589301213,,3ON1 $900
01214,77434589301214,,3ON1 $900
01215,35984589301215,,3ON1 $900
01216,85614589301216,,3ON1 $900
01217,42794589301217,,3ON1 $900
01218,27414589301218,,3ON1 $900
01219,72014589301219,,3ON1 $900
01220,72184589301220,,3ON1 $900
01221,91534589301221,,3ON1 $900
01222,58284589301222,,3ON1 $900
01223,10534589301223,,3ON1 $900
01224,95754589301224,,3ON1 $900
01225,76054589301225,,3ON1 $900
01226,51594589301226,,3ON1 $900
01227,32554589301227,,3ON1 $900
01228,46334589301228,,3ON1 $900
01229,16924589301229,,3ON1 $900
01230,63684589301230,,3ON1 $900
01231,64674589301231,,3ON1 $900
01232,37264589301232,,3ON1 $900
01233,74754589301233,,3ON1 $900
01234,90874589301234,,3ON1 $900
01235,33584589301235,,3ON1 $900
01236,91604589301236,,3ON1 $900
01237,50934589301237,,3ON1 $900
01238,37094589301238,,3ON1 $900
01239,53084589301239,,3ON1 $900
01240,31114589301240,,3ON1 $900
01241,80944589301241,,3ON1 $900
01242,64074589301242,,3ON1 $900
01243,93624589301243,,3ON1 $900
01244,17524589301244,,3ON1 $900
01245,90094589301245,,3ON1 $900
01246,63984589301246,,3ON1 $900
01247,34344589301247,,3ON1 $900
01248,36564589301248,,3ON1 $900
01249,81844589301249,,3ON1 $900
01250,54564589301250,,3ON1 $900
01251,97584589301251,,3ON1 $900
01252,34334589301252,,3ON1 $900
01253,88554589301253,,3ON1 $900
01254,56854589301254,,3ON1 $900
01255,45944589301255,,3ON1 $900
01256,76174589301256,,3ON1 $900
01257,54814589301257,,3ON1 $900
01258,85244589301258,,3ON1 $900
01259,21784589301259,,3ON1 $900
01260,78114589301260,,3ON1 $900
01261,13164589301261,,3ON1 $900
01262,70234589301262,,3ON1 $900
01263,59264589301263,,3ON1 $900
01264,10764589301264,,3ON1 $900
01265,12394589301265,,3ON1 $900
01266,73524589301266,,3ON1 $900
01267,68914589301267,,3ON1 $900
01268,35704589301268,,3ON1 $900
01269,68354589301269,,3ON1 $900
01270,75704589301270,,3ON1 $900
01271,24614589301271,,3ON1 $900
01272,34434589301272,,3ON1 $900
01273,47244589301273,,3ON1 $900
01274,56384589301274,,3ON1 $900
01275,83124589301275,,3ON1 $900
01276,59724589301276,,3ON1 $900
01277,21304589301277,,3ON1 $900
01278,96864589301278,,3ON1 $900
01279,96184589301279,,3ON1 $900
01280,89574589301280,,3ON1 $900
01281,17214589301281,,3ON1 $900
01282,55294589301282,,3ON1 $900
01283,44954589301283,,3ON1 $900
01284,73584589301284,,3ON1 $900
01285,56774589301285,,3ON1 $900
01286,74334589301286,,3ON1 $900
01287,47104589301287,,3ON1 $900
01288,91854589301288,,3ON1 $900
01289,40284589301289,,3ON1 $900
01290,31294589301290,,3ON1 $900
01291,26324589301291,,3ON1 $900
01292,86454589301292,,3ON1 $900
01293,12234589301293,,3ON1 $900
01294,90774589301294,,3ON1 $900
01295,34374589301295,,3ON1 $900
01296,65234589301296,,3ON1 $900
01297,89614589301297,,3ON1 $900
01298,19914589301298,,3ON1 $900
01299,55584589301299,,3ON1 $900
01300,58314589301300,,3ON1 $900
01301,52754589401301,,400
01302,55894589401302,,400
01303,13924589401303,,400
01304,96924589401304,,400
01305,38524589401305,,400
01306,86244589401306,,400
01307,72484589401307,,400
01308,34894589401308,,400
01309,86124589401309,,400
01310,21404589401310,,400
01311,55574589401311,,400
01312,22464589401312,,400
01313,65444589401313,,400
01314,99904589401314,,400
01315,63184589401315,,400
01316,12744589401316,,400
01317,77744589401317,,400
01318,46054589401318,,400
01319,28074589401319,,400
01320,10624589401320,,400
01321,69014589401321,,400
01322,50044589401322,,400
01323,15254589401323,,400
01324,74154589401324,,400
01325,95694589401325,,400
01326,60634589401326,,400
01327,94044589401327,,400
01328,68484589401328,,400
01329,73004589401329,,400
01330,90314589401330,,400
01331,52644589401331,,400
01332,72234589401332,,400
01333,85694589401333,,400
01334,92964589401334,,400
01335,35064589401335,,400
01336,86414589401336,,400
01337,91334589401337,,400
01338,43964589401338,,400
01339,30744589401339,,400
01340,35844589401340,,400
01341,96124589401341,,400
01342,42904589401342,,400
01343,16564589401343,,400
01344,63034589401344,,400
01345,83114589401345,,400
01346,78704589401346,,400
01347,31334589401347,,400
01348,34634589401348,,400
01349,53034589401349,,400
01350,87304589401350,,400
01351,92894589401351,,400
01352,60274589401352,,400
01353,87564589401353,,400
01354,31814589401354,,400
01355,47604589401355,,400
01356,44044589401356,,400
01357,75114589401357,,400
01358,95104589401358,,400
01359,72354589401359,,400
01360,68334589401360,,400
01361,89104589401361,,400
01362,85084589401362,,400
01363,29154589401363,,400
01364,80284589401364,,400
01365,68724589401365,,400
01366,32244589401366,,400
01367,12104589401367,,400
01368,50694589401368,,400
01369,62274589401369,,400
01370,89864589401370,,400
01371,16974589401371,,400
01372,65374589401372,,400
01373,42874589401373,,400
01374,96674589401374,,400
01375,83204589401375,,400
01376,79104589401376,,400
01377,16794589401377,,400
01378,62004589401378,,400
01379,98474589401379,,400
01380,52064589401380,,400
01381,64204589401381,,400
01382,43424589401382,,400
01383,75664589401383,,400
01384,18644589401384,,400
01385,42514589401385,,400
01386,46914589401386,,400
01387,92464589401387,,400
01388,88914589401388,,400
01389,32074589401389,,400
01390,39524589401390,,400
01391,73364589401391,,400
01392,22594589401392,,400
01393,84484589401393,,400
01394,74504589401394,,400
01395,44184589401395,,400
01396,85294589401396,,400
01397,83424589401397,,400
01398,79024589401398,,400
01399,49114589401399,,400
01400,37584589401400,,400
01401,77874589401401,,400
01402,24254589401402,,400
01403,90234589401403,,400
01404,36304589401404,,400
01405,97914589401405,,400
01406,28054589401406,,400
01407,89594589401407,,400
01408,28504589401408,,400
01409,83014589401409,,400
01410,30134589401410,,400
01411,53664589401411,,400
01412,67844589401412,,400
01413,12824589401413,,400
01414,29714589401414,,400
01415,80424589401415,,400
01416,23514589401416,,400
01417,60414589401417,,400
01418,75664589401418,,400
01419,28904589401419,,400
01420,31604589401420,,400
01421,48104589401421,,400
01422,99174589401422,,400
01423,21144589401423,,400
01424,69064589401424,,400
01425,95704589401425,,400
01426,38904589401426,,400
01427,66794589401427,,400
01428,90054589401428,,400
01429,31354589401429,,400
01430,78634589401430,,400
01431,70144589401431,,400
01432,94884589401432,,400
01433,84704589401433,,400
01434,97434589401434,,400
01435,39604589401435,,400
01436,41444589401436,,400
01437,72824589401437,,400
01438,42324589401438,,400
01439,49764589401439,,400
01440,49014589401440,,400
01441,48374589401441,,400
01442,53374589401442,,400
01443,45964589401443,,400
01444,84784589401444,,400
01445,70444589401445,,400
01446,71474589401446,,400
01447,31254589401447,,400
01448,32714589401448,,400
01449,87824589401449,,400
01450,98364589401450,,400
01451,95954589401451,,400
01452,54904589401452,,400
01453,24784589401453,,400
01454,29394589401454,,400
01455,19734589401455,,400
01456,75564589401456,,400
01457,69334589401457,,400
01458,48584589401458,,400
01459,66054589401459,,400
01460,97384589401460,,400
01461,84054589401461,,400
01462,56384589401462,,400
01463,89264589401463,,400
01464,90434589401464,,400
01465,29344589401465,,400
01466,19744589401466,,400
01467,14124589401467,,400
01468,83604589401468,,400
01469,49164589401469,,400
01470,74804589401470,,400
01471,67794589401471,,400
01472,98454589401472,,400
01473,39414589401473,,400
01474,22074589401474,,400
01475,44444589401475,,400
01476,15714589401476,,400
01477,48634589401477,,400
01478,14034589401478,,400
01479,32194589401479,,400
01480,94054589401480,,400
01481,71314589401481,,400
01482,95344589401482,,400
01483,82704589401483,,400
01484,71634589401484,,400
01485,43674589401485,,400
01486,35474589401486,,400
01487,83204589401487,,400
01488,89914589401488,,400
01489,41934589401489,,400
01490,83864589401490,,400
01491,11014589401491,,400
01492,20104589401492,,400
01493,53124589401493,,400
01494,37584589401494,,400
01495,30534589401495,,400
01496,72034589401496,,400
01497,38324589401497,,400
01498,41474589401498,,400
01499,72854589401499,,400
01500,75604589401500,,400
01501,18494589401501,,400
01502,60814589401502,,400
01503,67734589401503,,400
01504,44664589401504,,400
01505,92704589401505,,400
01506,96514589401506,,400
01507,18154589401507,,400
01508,43424589401508,,400
01509,28964589401509,,400
01510,62694589401510,,400
01511,97304589401511,,400
01512,75354589401512,,400
01513,47444589401513,,400
01514,46904589401514,,400
01515,48204589401515,,400
01516,84604589401516,,400
01517,96324589401517,,400
01518,52744589401518,,400
01519,45644589401519,,400
01520,69924589401520,,400
01521,50054589401521,,400
01522,35064589401522,,400
01523,50744589401523,,400
01524,41014589401524,,400
01525,20094589401525,,400
01526,47544589401526,,400
01527,88014589401527,,400
01528,87484589401528,,400
01529,58234589401529,,400
01530,52934589401530,,400
01531,94874589401531,,400
01532,20254589401532,,400
01533,62374589401533,,400
01534,25674589401534,,400
01535,63664589401535,,400
01536,25434589401536,,400
01537,64804589401537,,400
01538,77024589401538,,400
01539,26164589401539,,400
01540,80734589401540,,400
01541,92964589401541,,400
01542,62774589401542,,400
01543,60674589401543,,400
01544,24424589401544,,400
01545,52774589401545,,400
01546,23364589401546,,400
01547,51524589401547,,400
01548,96634589401548,,400
01549,84324589401549,,400
01550,16514589401550,,400
01551,11084589401551,,400
01552,63404589401552,,400
01553,40274589401553,,400
01554,62474589401554,,400
01555,64304589401555,,400
01556,72934589401556,,400
01557,66544589401557,,400
01558,21574589401558,,400
01559,95774589401559,,400
01560,94614589401560,,400
01561,35624589401561,,400
01562,34454589401562,,400
01563,49254589401563,,400
01564,10374589401564,,400
01565,82374589401565,,400
01566,84674589401566,,400
01567,69624589401567,,400
01568,88564589401568,,400
01569,82274589401569,,400
01570,33924589401570,,400
01571,37534589401571,,400
01572,40464589401572,,400
01573,52244589401573,,400
01574,39594589401574,,400
01575,26354589401575,,400
01576,79054589401576,,400
01577,33864589401577,,400
01578,95014589401578,,400
01579,61714589401579,,400
01580,20544589401580,,400
01581,89214589401581,,400
01582,42094589401582,,400
01583,83584589401583,,400
01584,28164589401584,,400
01585,49144589401585,,400
01586,56424589401586,,400
01587,20754589401587,,400
01588,28674589401588,,400
01589,94024589401589,,400
01590,74994589401590,,400
01591,67884589401591,,400
01592,51224589401592,,400
01593,97054589401593,,400
01594,56334589401594,,400
01595,85034589401595,,400
01596,48754589401596,,400
01597,70054589401597,,400
01598,83154589401598,,400
01599,99694589401599,,400
01600,11904589401600,,400
01601,91684589401601,,400
01602,37504589401602,,400
01603,21334589401603,,400
01604,15424589401604,,400
01605,78334589401605,,400
01606,18454589401606,,400
01607,98384589401607,,400
01608,17094589401608,,400
01609,27284589401609,,400
01610,62194589401610,,400
01611,47844589401611,,400
01612,39114589401612,,400
01613,12574589401613,,400
01614,64784589401614,,400
01615,97224589401615,,400
01616,12014589401616,,400
01617,23244589401617,,400
01618,87214589401618,,400
01619,69164589401619,,400
01620,91044589401620,,400
01621,94114589401621,,400
01622,53114589401622,,400
01623,18384589401623,,400
01624,95124589401624,,400
01625,99104589401625,,400
01626,98894589401626,,400
01627,81284589401627,,400
01628,48224589401628,,400
01629,16974589401629,,400
01630,46404589401630,,400
01631,77934589401631,,400
01632,23224589401632,,400
01633,39604589401633,,400
01634,68094589401634,,400
01635,36624589401635,,400
01636,98404589401636,,400
01637,72804589401637,,400
01638,24664589401638,,400
01639,20874589401639,,400
01640,66324589401640,,400
01641,69594589401641,,400
01642,85214589401642,,400
01643,68974589401643,,400
01644,65184589401644,,400
01645,25944589401645,,400
01646,19924589401646,,400
01647,66074589401647,,400
01648,62764589401648,,400
01649,89104589401649,,400
01650,45174589401650,,400
01651,88584589401651,,400
01652,82864589401652,,400
01653,58364589401653,,400
01654,71244589401654,,400
01655,51344589401655,,400
01656,94144589401656,,400
01657,78314589401657,,400
01658,52444589401658,,400
01659,97064589401659,,400
01660,11594589401660,,400
01661,94684589401661,,400
01662,89744589401662,,400
01663,18404589401663,,400
01664,80364589401664,,400
01665,52574589401665,,400
01666,16004589401666,,400
01667,52454589401667,,400
01668,22264589401668,,400
01669,27224589401669,,400
01670,83544589401670,,400
01671,77834589401671,,400
01672,94574589401672,,400
01673,17354589401673,,400
01674,54374589401674,,400
01675,94174589401675,,400
01676,11564589401676,,400
01677,30904589401677,,400
01678,22804589401678,,400
01679,94174589401679,,400
01680,48244589401680,,400
01681,13324589401681,,400
01682,90604589401682,,400
01683,48094589401683,,400
01684,96944589401684,,400
01685,68334589401685,,400
01686,64704589401686,,400
01687,90834589401687,,400
01688,96084589401688,,400
01689,71264589401689,,400
01690,77284589401690,,400
01691,11454589401691,,400
01692,31674589401692,,400
01693,24784589401693,,400
01694,58494589401694,,400
01695,25154589401695,,400
01696,51134589401696,,400
01697,77164589401697,,400
01698,41534589401698,,400
01699,37904589401699,,400
01700,59774589401700,,400
01701,23144589401701,,400
01702,40404589401702,,400
01703,13364589401703,,400
01704,59664589401704,,400
01705,87124589401705,,400
01706,39994589401706,,400
01707,92504589401707,,400
01708,61044589401708,,400
01709,19014589401709,,400
01710,98734589401710,,400
01711,15604589401711,,400
01712,16264589401712,,400
01713,12444589401713,,400
01714,23824589401714,,400
01715,96744589401715,,400
01716,46094589401716,,400
01717,25604589401717,,400
01718,58804589401718,,400
01719,60914589401719,,400
01720,58764589401720,,400
01721,24514589401721,,400
01722,63754589401722,,400
01723,63484589401723,,400
01724,21284589401724,,400
01725,68794589401725,,400
01726,67944589401726,,400
01727,22264589401727,,400
01728,73334589401728,,400
01729,59944589401729,,400
01730,35014589401730,,400
01731,52014589401731,,400
01732,33764589401732,,400
01733,52134589401733,,400
01734,10564589401734,,400
01735,21514589401735,,400
01736,99384589401736,,400
01737,45484589401737,,400
01738,22374589401738,,400
01739,33024589401739,,400
01740,36474589401740,,400
01741,71824589401741,,400
01742,93044589401742,,400
01743,24414589401743,,400
01744,14614589401744,,400
01745,33024589401745,,400
01746,95134589401746,,400
01747,23604589401747,,400
01748,23134589401748,,400
01749,11714589401749,,400
01750,78844589401750,,400
01751,65644589401751,,400
01752,29994589401752,,400
01753,64614589401753,,400
01754,82134589401754,,400
01755,42244589401755,,400
01756,73224589401756,,400
01757,38304589401757,,400
01758,53434589401758,,400
01759,23794589401759,,400
01760,14794589401760,,400
01761,37474589401761,,400
01762,66744589401762,,400
01763,63874589401763,,400
01764,37044589401764,,400
01765,15764589401765,,400
01766,19324589401766,,400
01767,26334589401767,,400
01768,81554589401768,,400
01769,18974589401769,,400
01770,71844589401770,,400
01771,64794589401771,,400
01772,30634589401772,,400
01773,90904589401773,,400
01774,31044589401774,,400
01775,44664589401775,,400
01776,91114589401776,,400
01777,21634589401777,,400
01778,14874589401778,,400
01779,67724589401779,,400
01780,30854589401780,,400
01781,18234589401781,,400
01782,60154589401782,,400
01783,29094589401783,,400
01784,57574589401784,,400
01785,48134589401785,,400
01786,22774589401786,,400
01787,96784589401787,,400
01788,10314589401788,,400
01789,14864589401789,,400
01790,40264589401790,,400
01791,43794589401791,,400
01792,13314589401792,,400
01793,46314589401793,,400
01794,27044589401794,,400
01795,42534589401795,,400
01796,72414589401796,,400
01797,85574589401797,,400
01798,92004589401798,,400
01799,41904589401799,,400
01800,54004589401800,,400
01801,44164589401801,,400
01802,78704589401802,,400
01803,66874589401803,,400
01804,46354589401804,,400
01805,67834589401805,,400
01806,28034589401806,,400
01807,90434589401807,,400
01808,23604589401808,,400
01809,14844589401809,,400
01810,33314589401810,,400
01811,18184589401811,,400
01812,72084589401812,,400
01813,36734589401813,,400
01814,28034589401814,,400
01815,55304589401815,,400
01816,99324589401816,,400
01817,11644589401817,,400
01818,45944589401818,,400
01819,16184589401819,,400
01820,15374589401820,,400
01821,80024589401821,,400
01822,53744589401822,,400
01823,96344589401823,,400
01824,26704589401824,,400
01825,33024589401825,,400
01826,76214589401826,,400
01827,47044589401827,,400
01828,52714589401828,,400
01829,73144589401829,,400
01830,73914589401830,,400
01831,82284589401831,,400
01832,64524589401832,,400
01833,67624589401833,,400
01834,23284589401834,,400
01835,98334589401835,,400
01836,86444589401836,,400
01837,84144589401837,,400
01838,19334589401838,,400
01839,85774589401839,,400
01840,39864589401840,,400
01841,49194589401841,,400
01842,40804589401842,,400
01843,24024589401843,,400
01844,59644589401844,,400
01845,58764589401845,,400
01846,97804589401846,,400
01847,68364589401847,,400
01848,23074589401848,,400
01849,81684589401849,,400
01850,41994589401850,,400
01851,39484589401851,,400
01852,91184589401852,,400
01853,45384589401853,,400
01854,29194589401854,,400
01855,15504589401855,,400
01856,12794589401856,,400
01857,34174589401857,,400
01858,14594589401858,,400
01859,46494589401859,,400
01860,70734589401860,,400
01861,60034589401861,,400
01862,80364589401862,,400
01863,71534589401863,,400
01864,70934589401864,,400
01865,35904589401865,,400
01866,65864589401866,,400
01867,38244589401867,,400
01868,63714589401868,,400
01869,41434589401869,,400
01870,30254589401870,,400
01871,44754589401871,,400
01872,97714589401872,,400
01873,71274589401873,,400
01874,17634589401874,,400
01875,54324589401875,,400
01876,86334589401876,,400
01877,75904589401877,,400
01878,24774589401878,,400
01879,82314589401879,,400
01880,56604589401880,,400
01881,24844589401881,,400
01882,81204589401882,,400
01883,45754589401883,,400
01884,60604589401884,,400
01885,82474589401885,,400
01886,81914589401886,,400
01887,85304589401887,,400
01888,19374589401888,,400
01889,86314589401889,,400
01890,92464589401890,,400
01891,99914589401891,,400
01892,39304589401892,,400
01893,37814589401893,,400
01894,46684589401894,,400
01895,23724589401895,,400
01896,31054589401896,,400
01897,75574589401897,,400
01898,96794589401898,,400
01899,35644589401899,,400
01900,70974589401900,,400
01901,21234589401901,,400
01902,86104589401902,,400
01903,71424589401903,,400
01904,64974589401904,,400
01905,27634589401905,,400
01906,34124589401906,,400
01907,78144589401907,,400
01908,64974589401908,,400
01909,79704589401909,,400
01910,14254589401910,,400
01911,21244589401911,,400
01912,67754589401912,,400
01913,57674589401913,,400
01914,53914589401914,,400
01915,94044589401915,,400
01916,16424589401916,,400
01917,92874589401917,,400
01918,57224589401918,,400
01919,49864589401919,,400
01920,94264589401920,,400
01921,46034589401921,,400
01922,20154589401922,,400
01923,86394589401923,,400
01924,51214589401924,,400
01925,88024589401925,,400
01926,88154589401926,,400
01927,42894589401927,,400
01928,82684589401928,,400
01929,43204589401929,,400
01930,96354589401930,,400
01931,59614589401931,,400
01932,21044589401932,,400
01933,15114589401933,,400
01934,32204589401934,,400
01935,89854589401935,,400
01936,79454589401936,,400
01937,44834589401937,,400
01938,70594589401938,,400
01939,64544589401939,,400
01940,88364589401940,,400
01941,61724589401941,,400
01942,91554589401942,,400
01943,79184589401943,,400
01944,14324589401944,,400
01945,36734589401945,,400
01946,30424589401946,,400
01947,63454589401947,,400
01948,51444589401948,,400
01949,68134589401949,,400
01950,70444589401950,,400
01951,13204589401951,,400
01952,15294589401952,,400
01953,39864589401953,,400
01954,47974589401954,,400
01955,64984589401955,,400
01956,19294589401956,,400
01957,22254589401957,,400
01958,50124589401958,,400
01959,53124589401959,,400
01960,93644589401960,,400
01961,65334589401961,,400
01962,44894589401962,,400
01963,79204589401963,,400
01964,96714589401964,,400
01965,14644589401965,,400
01966,73864589401966,,400
01967,24124589401967,,400
01968,98964589401968,,400
01969,69434589401969,,400
01970,17344589401970,,400
01971,72594589401971,,400
01972,69334589401972,,400
01973,13544589401973,,400
01974,12004589401974,,400
01975,90214589401975,,400
01976,34134589401976,,400
01977,88584589401977,,400
01978,81044589401978,,400
01979,13014589401979,,400
01980,78484589401980,,400
01981,89824589401981,,400
01982,56874589401982,,400
01983,79384589401983,,400
01984,10254589401984,,400
01985,14384589401985,,400
01986,66234589401986,,400
01987,94744589401987,,400
01988,36344589401988,,400
01989,12044589401989,,400
01990,47874589401990,,400
01991,68474589401991,,400
01992,21754589401992,,400
01993,88554589401993,,400
01994,12694589401994,,400
01995,63494589401995,,400
01996,30834589401996,,400
01997,11394589401997,,400
01998,56394589401998,,400
01999,68264589401999,,400
02000,81324589402000,,400
02001,48014589402001,,400
02002,34694589402002,,400
02003,71344589402003,,400
02004,10684589402004,,400
02005,16704589402005,,400
02006,70894589402006,,400
02007,68404589402007,,400
02008,84974589402008,,400
02009,69804589402009,,400
02010,96094589402010,,400
02011,91784589402011,,400
02012,10374589402012,,400
02013,59504589402013,,400
02014,41834589402014,,400
02015,82494589402015,,400
02016,36954589402016,,400
02017,96144589402017,,400
02018,55254589402018,,400
02019,54754589402019,,400
02020,15194589402020,,400
02021,48964589402021,,400
02022,16734589402022,,400
02023,13024589402023,,400
02024,94794589402024,,400
02025,59404589402025,,400
02026,70064589402026,,400
02027,71534589402027,,400
02028,96184589402028,,400
02029,86894589402029,,400
02030,95104589402030,,400
02031,56354589402031,,400
02032,74344589402032,,400
02033,17114589402033,,400
02034,12964589402034,,400
02035,29864589402035,,400
02036,95214589402036,,400
02037,62774589402037,,400
02038,23554589402038,,400
02039,27814589402039,,400
02040,34694589402040,,400
02041,16944589402041,,400
02042,55884589402042,,400
02043,88854589402043,,400
02044,29904589402044,,400
02045,58744589402045,,400
02046,50634589402046,,400
02047,36584589402047,,400
02048,53224589402048,,400
02049,51724589402049,,400
02050,85334589402050,,400
02051,94044589402051,,400
02052,48634589402052,,400
02053,34584589402053,,400
02054,72004589402054,,400
02055,80794589402055,,400
02056,90614589402056,,400
02057,14474589402057,,400
02058,17344589402058,,400
02059,72384589402059,,400
02060,25604589402060,,400
02061,52744589402061,,400
02062,35324589402062,,400
02063,92454589402063,,400
02064,35834589402064,,400
02065,13314589402065,,400
02066,22444589402066,,400
02067,97204589402067,,400
02068,55774589402068,,400
02069,53324589402069,,400
02070,75274589402070,,400
02071,72484589402071,,400
02072,21074589402072,,400
02073,56554589402073,,400
02074,30724589402074,,400
02075,63264589402075,,400
02076,49894589402076,,400
02077,79094589402077,,400
02078,18594589402078,,400
02079,45714589402079,,400
02080,16874589402080,,400
02081,97674589402081,,400
02082,46804589402082,,400
02083,91704589402083,,400
02084,49494589402084,,400
02085,50454589402085,,400
02086,59014589402086,,400
02087,15884589402087,,400
02088,57024589402088,,400
02089,80284589402089,,400
02090,14824589402090,,400
02091,35124589402091,,400
02092,91884589402092,,400
02093,80484589402093,,400
02094,82344589402094,,400
02095,10634589402095,,400
02096,13594589402096,,400
02097,73154589402097,,400
02098,43464589402098,,400
02099,62444589402099,,400
02100,75144589402100,,400
02101,69914589502101,,450
02102,71394589502102,,450
02103,36504589502103,,450
02104,91934589502104,,450
02105,45224589502105,,450
02106,90924589502106,,450
02107,74084589502107,,450
02108,73164589502108,,450
02109,22124589502109,,450
02110,61004589502110,,450
02111,33954589502111,,450
02112,65704589502112,,450
02113,90564589502113,,450
02114,99954589502114,,450
02115,16804589502115,,450
02116,20584589502116,,450
02117,88144589502117,,450
02118,93064589502118,,450
02119,12344589502119,,450
02120,41814589502120,,450
02121,23434589502121,,450
02122,42824589502122,,450
02123,18794589502123,,450
02124,27844589502124,,450
02125,71694589502125,,450
02126,81484589502126,,450
02127,94934589502127,,450
02128,55454589502128,,450
02129,53224589502129,,450
02130,56324589502130,,450
02131,74644589502131,,450
02132,66154589502132,,450
02133,14104589502133,,450
02134,37214589502134,,450
02135,23914589502135,,450
02136,25114589502136,,450
02137,19494589502137,,450
02138,36804589502138,,450
02139,90364589502139,,450
02140,12524589502140,,450
02141,59394589502141,,450
02142,23204589502142,,450
02143,15354589502143,,450
02144,67544589502144,,450
02145,66944589502145,,450
02146,45114589502146,,450
02147,18374589502147,,450
02148,54714589502148,,450
02149,49224589502149,,450
02150,19484589502150,,450
02151,84224589502151,,450
02152,92804589502152,,450
02153,60464589502153,,450
02154,81654589502154,,450
02155,82464589502155,,450
02156,16304589502156,,450
02157,17924589502157,,450
02158,58064589502158,,450
02159,89434589502159,,450
02160,29224589502160,,450
02161,80064589502161,,450
02162,41354589502162,,450
02163,12864589502163,,450
02164,31614589502164,,450
02165,57454589502165,,450
02166,88034589502166,,450
02167,48794589502167,,450
02168,48384589502168,,450
02169,15934589502169,,450
02170,28674589502170,,450
02171,81194589502171,,450
02172,50774589502172,,450
02173,92464589502173,,450
02174,20494589502174,,450
02175,93974589502175,,450
02176,70194589502176,,450
02177,63394589502177,,450
02178,42594589502178,,450
02179,65494589502179,,450
02180,64694589502180,,450
02181,15244589502181,,450
02182,43554589502182,,450
02183,65604589502183,,450
02184,77814589502184,,450
02185,47954589502185,,450
02186,21644589502186,,450
02187,15204589502187,,450
02188,60054589502188,,450
02189,90724589502189,,450
02190,37394589502190,,450
02191,98204589502191,,450
02192,72704589502192,,450
02193,10264589502193,,450
02194,68854589502194,,450
02195,26164589502195,,450
02196,64314589502196,,450
02197,11534589502197,,450
02198,69194589502198,,450
02199,35194589502199,,450
02200,29584589502200,,450
02201,71104589502201,,450
02202,46844589502202,,450
02203,15614589502203,,450
02204,10744589502204,,450
02205,22904589502205,,450
02206,78174589502206,,450
02207,13904589502207,,450
02208,31474589502208,,450
02209,26474589502209,,450
02210,72694589502210,,450
02211,37234589502211,,450
02212,53334589502212,,450
02213,67764589502213,,450
02214,10614589502214,,450
02215,60554589502215,,450
02216,44654589502216,,450
02217,22464589502217,,450
02218,23074589502218,,450
02219,56064589502219,,450
02220,71924589502220,,450
02221,11684589502221,,450
02222,44774589502222,,450
02223,45294589502223,,450
02224,53724589502224,,450
02225,60344589502225,,450
02226,29144589502226,,450
02227,83594589502227,,450
02228,77094589502228,,450
02229,47894589502229,,450
02230,95974589502230,,450
02231,87184589502231,,450
02232,16524589502232,,450
02233,41574589502233,,450
02234,71624589502234,,450
02235,42694589502235,,450
02236,75224589502236,,450
02237,22274589502237,,450
02238,41584589502238,,450
02239,59174589502239,,450
02240,89184589502240,,450
02241,82724589502241,,450
02242,25744589502242,,450
02243,82634589502243,,450
02244,23464589502244,,450
02245,18364589502245,,450
02246,35964589502246,,450
02247,83104589502247,,450
02248,41144589502248,,450
02249,20534589502249,,450
02250,66274589502250,,450
02251,84124589502251,,450
02252,54734589502252,,450
02253,42354589502253,,450
02254,15534589502254,,450
02255,34774589502255,,450
02256,20084589502256,,450
02257,86904589502257,,450
02258,82524589502258,,450
02259,64244589502259,,450
02260,72764589502260,,450
02261,68104589502261,,450
02262,13724589502262,,450
02263,38834589502263,,450
02264,56994589502264,,450
02265,53904589502265,,450
02266,83324589502266,,450
02267,41494589502267,,450
02268,67054589502268,,450
02269,82124589502269,,450
02270,26024589502270,,450
02271,63864589502271,,450
02272,21154589502272,,450
02273,88724589502273,,450
02274,62044589502274,,450
02275,80784589502275,,450
02276,67864589502276,,450
02277,38584589502277,,450
02278,54924589502278,,450
02279,57354589502279,,450
02280,25074589502280,,450
02281,78754589502281,,450
02282,41574589502282,,450
02283,68434589502283,,450
02284,11284589502284,,450
02285,84284589502285,,450
02286,64964589502286,,450
02287,80694589502287,,450
02288,19604589502288,,450
02289,36504589502289,,450
02290,29334589502290,,450
02291,27154589502291,,450
02292,54124589502292,,450
02293,63724589502293,,450
02294,27724589502294,,450
02295,84184589502295,,450
02296,18844589502296,,450
02297,54654589502297,,450
02298,62274589502298,,450
02299,71074589502299,,450
02300,79024589502300,,450
02301,14044589502301,,450
02302,56794589502302,,450
02303,42034589502303,,450
02304,55174589502304,,450
02305,81044589502305,,450
02306,71914589502306,,450
02307,90724589502307,,450
02308,99374589502308,,450
02309,30004589502309,,450
02310,92794589502310,,450
02311,87334589502311,,450
02312,44274589502312,,450
02313,53674589502313,,450
02314,19254589502314,,450
02315,68054589502315,,450
02316,34384589502316,,450
02317,39064589502317,,450
02318,38404589502318,,450
02319,17134589502319,,450
02320,10094589502320,,450
02321,35684589502321,,450
02322,29844589502322,,450
02323,31394589502323,,450
02324,23994589502324,,450
02325,26334589502325,,450
02326,73304589502326,,450
02327,57314589502327,,450
02328,39854589502328,,450
02329,80374589502329,,450
02330,78774589502330,,450
02331,10504589502331,,450
02332,23964589502332,,450
02333,79564589502333,,450
02334,69214589502334,,450
02335,97734589502335,,450
02336,59074589502336,,450
02337,96224589502337,,450
02338,35664589502338,,450
02339,81534589502339,,450
02340,30814589502340,,450
02341,74174589502341,,450
02342,84904589502342,,450
02343,97124589502343,,450
02344,56554589502344,,450
02345,71854589502345,,450
02346,69644589502346,,450
02347,52054589502347,,450
02348,36854589502348,,450
02349,78234589502349,,450
02350,51144589502350,,450
02351,38134589502351,,450
02352,39364589502352,,450
02353,31024589502353,,450
02354,64404589502354,,450
02355,46034589502355,,450
02356,75184589502356,,450
02357,37474589502357,,450
02358,85764589502358,,450
02359,62284589502359,,450
02360,77844589502360,,450
02361,77654589502361,,450
02362,23144589502362,,450
02363,98834589502363,,450
02364,84664589502364,,450
02365,90264589502365,,450
02366,88604589502366,,450
02367,65054589502367,,450
02368,80664589502368,,450
02369,80854589502369,,450
02370,23604589502370,,450
02371,22274589502371,,450
02372,44964589502372,,450
02373,72664589502373,,450
02374,56554589502374,,450
02375,10804589502375,,450
02376,19724589502376,,450
02377,79864589502377,,450
02378,83054589502378,,450
02379,79494589502379,,450
02380,21514589502380,,450
02381,13364589502381,,450
02382,38514589502382,,450
02383,67774589502383,,450
02384,65224589502384,,450
02385,59074589502385,,450
02386,23304589502386,,450
02387,40124589502387,,450
02388,30504589502388,,450
02389,88704589502389,,450
02390,90424589502390,,450
02391,23164589502391,,450
02392,90644589502392,,450
02393,83034589502393,,450
02394,55674589502394,,450
02395,35154589502395,,450
02396,83964589502396,,450
02397,37714589502397,,450
02398,50274589502398,,450
02399,48044589502399,,450
02400,77754589502400,,450
