0001,0001520190954793,$230 Female
0002,0002944793832228,$230 Female
0003,0003045147938733,$230 Female
0004,0004907878447931,$230 Female
0005,0005014477447935,$230 Female
0006,0006286852847931,$230 Female
0007,0007147446479311,$230 Female
0008,0008356424793486,$230 Female
0009,0009196787247936,$230 Female
0010,0010847939992749,$230 Female
0011,0011441747934406,$230 Female
0012,0012292654793526,$230 Female
0013,0013406948847937,$230 Female
0014,0014575452479322,$230 Female
0015,0015358210479347,$230 Female
0016,0016644294324793,$230 Female
0017,0017926374793031,$230 Female
0018,0018034793214411,$230 Female
0019,0019479396968623,$230 Female
0020,0020069134793898,$230 Female
0021,0021516887479344,$230 Female
0022,0022084793853503,$230 Female
0023,0023392747937820,$230 Female
0024,0024547934627198,$230 Female
0025,0025523847931892,$230 Female
0026,0026462479346209,$230 Female
0027,0027928147934012,$230 Female
0028,0028758479305044,$230 Female
0029,0029014793661182,$230 Female
0030,0030385479370244,$230 Female
0031,0031254347930651,$230 Female
0032,0032589624479332,$230 Female
0033,0033138165104793,$230 Female
0034,0034444009447936,$230 Female
0035,0035840047932847,$230 Female
0036,0036479331580782,$230 Female
0037,0037544947930402,$230 Female
0038,0038373253047930,$230 Female
0039,0039570464793721,$230 Female
0040,0040144888447937,$230 Female
0041,0041488874793786,$230 Female
0042,0042137485914793,$230 Female
0043,0043747935537458,$230 Female
0044,0044644793832644,$230 Female
0045,0045532015444793,$230 Female
0046,0046329047930479,$230 Female
0047,0047346479378427,$230 Female
0048,0048789569634793,$230 Female
0049,0049331479317502,$230 Female
0050,0050447935338699,$230 Female
0051,0051621697479351,$230 Female
0052,0052986094447933,$230 Female
0053,0053589448479343,$230 Female
0054,0054661974793111,$230 Female
0055,0055292852479318,$230 Female
0056,0056696673414793,$230 Female
0057,0057479352988268,$230 Female
0058,0058292013747932,$230 Female
0059,0059946434793427,$230 Female
0060,0060606742247937,$230 Female
0061,0061797365479393,$230 Female
0062,0062356983479373,$230 Female
0063,0063287387574793,$230 Female
0064,0064287479343281,$230 Female
0065,0065225625847933,$230 Female
0066,0066640247939459,$230 Female
0067,0067207991479374,$230 Female
0068,0068434793493035,$230 Female
0069,0069479331521104,$230 Female
0070,0070419074793265,$230 Female
0071,0071944479312189,$230 Female
0072,0072865499274793,$230 Female
0073,0073505974793446,$230 Female
0074,0074953708479383,$230 Female
0075,0075547934754335,$230 Female
0076,0076012584793218,$230 Female
0077,0077326147930994,$230 Female
0078,0078418774793449,$230 Female
0079,0079447935520364,$230 Female
0080,0080479366144517,$230 Female
0081,0081479374875178,$260 Male
0082,0082244793124577,$260 Male
0083,0083947939307829,$260 Male
0084,0084544047937931,$260 Male
0085,0085748587479335,$260 Male
0086,0086384793525593,$260 Male
0087,0087594244793784,$260 Male
0088,0088832479345166,$260 Male
0089,0089327747930445,$260 Male
0090,0090843365364793,$260 Male
0091,0091134793736810,$260 Male
0092,0092058380479343,$260 Male
0093,0093316479329911,$260 Male
0094,0094198479326729,$260 Male
0095,0095479323854995,$260 Male
0096,0096547933174474,$260 Male
0097,0097955434793297,$260 Male
0098,0098103347930587,$260 Male
0099,0099421947939060,$260 Male
0100,0100047932408942,$260 Male
0101,0101027614594793,$260 Male
0102,0102484793936110,$260 Male
0103,0103183055479365,$260 Male
0104,0104847932474423,$260 Male
0105,0105479330086819,$260 Male
0106,0106705788447938,$260 Male
0107,0107295456444793,$260 Male
0108,0108254793707592,$260 Male
0109,0109266626854793,$260 Male
0110,0110947931352438,$260 Male
0111,0111479358702618,$260 Male
0112,0112818479351705,$260 Male
0113,0113311069247931,$260 Male
0114,0114479306653186,$260 Male
0115,0115551931544793,$260 Male
0116,0116404793308606,$260 Male
0117,0117602347932960,$260 Male
0118,0118924793354224,$260 Male
0119,0119147931167208,$260 Male
0120,0120479047930043,$260 Male
0121,0121081343174793,$260 Male
0122,0122724793501634,$260 Male
0123,0123479386681798,$260 Male
0124,0124555716547935,$260 Male
0125,0125590618047934,$260 Male
0126,0126892884793966,$260 Male
0127,0127137414793725,$260 Male
0128,0128756747933699,$260 Male
0129,0129453264793534,$260 Male
0130,0130442147933273,$260 Male
0131,0131079479380801,$260 Male
0132,0132055194479368,$260 Male
0133,0133378427244793,$260 Male
0134,0134373374793554,$260 Male
0135,0135106694793811,$260 Male
0136,0136458199447936,$260 Male
0137,0137479314849068,$260 Male
0138,0138010821974793,$260 Male
0139,0139285975094793,$260 Male
0140,0140479303189739,$260 Male
0141,0141479315269244,$260 Male
0142,0142824793869804,$260 Male
0143,0143573880479340,$260 Male
0144,0144533247934225,$260 Male
0145,0145393778447934,$260 Male
0146,0146347934583269,$260 Male
0147,0147581479344041,$260 Male
0148,0148534866124793,$260 Male
0149,0149040274793073,$260 Male
0150,0150597274793662,$260 Male
0151,0151047939459432,$260 Male
0152,0152743007479301,$260 Male
0153,0153763447937175,$260 Male
0154,0154494793388697,$260 Male
0155,0155647932008495,$260 Male
0156,0156187942994793,$260 Male
0157,0157939638479390,$260 Male
0158,0158447936372284,$260 Male
0159,0159806547934229,$260 Male
0160,0160058074793346,$260 Male
0161,0161738479356652,Male
0162,0162132164793028,Male
0163,0163947934492268,Male
0164,0164518318944793,Male
0165,0165920389479330,Male
0166,0166479320124526,Male
0167,0167712479304660,Male
0168,0168141479376155,Male
0169,0169890254793937,Male
0170,0170498474793795,Male
0171,0171479303463460,Male
0172,0172862479391534,Male
0173,0173747934319829,Male
0174,0174896247938829,Male
0175,0175091023479373,Male
0176,0176964793689858,Male
0177,0177106947932082,Male
0178,0178928479353089,Male
0179,0179654793846619,Male
0180,0180529547933013,Male
0181,0181021804793237,Male
0182,0182800479394305,Male
0183,0183340506354793,Male
0184,0184266479340115,Male
0185,0185479399245966,Male
0186,0186453093147930,Male
0187,0187479317508076,Male
0188,0188174479360951,Male
0189,0189835625447938,Male
0190,0190858479329842,Male
0191,0191874793344331,Male
0192,0192479369012883,Male
0193,0193310479333937,Male
0194,0194213947930643,Male
0195,0195613479398409,Male
0196,0196447930279256,Male
0197,0197906650474793,Male
0198,0198181647938901,Male
0199,0199139479341563,Male
0200,0200489480479389,Male
0201,0201479345746117,Male
0202,0202937178347936,Male
0203,0203512479389317,Male
0204,0204001801479311,Male
0205,0205411569479325,Male
0206,0206356034793661,Male
0207,0207047938918237,Male
0208,0208459479393864,Male
0209,0209479322513180,Male
0210,0210366479384301,Male
0211,0211884793445143,Male
0212,0212479361592604,Male
0213,0213495750479377,Male
0214,0214479395788556,Male
0215,0215479350771386,Male
0216,0216396273479342,Female
0217,0217570301479331,Female
0218,0218747931832835,Female
0219,0219479397275693,Female
0220,0220479374569777,Female
0221,0221452273824793,Female
0222,0222819504793668,Female
0223,0223004793548629,Female
0224,0224647932303120,Female
0225,0225997297479308,Female
0226,0226644793309277,Female
0227,0227080485874793,Female
0228,0228867479327099,Female
0229,0229754793219154,Female
0230,0230677396147933,Female
0231,0231094370479339,Female
0232,0232004736147934,Female
0233,0233204793157320,Female
0234,0234884793758580,Female
0235,0235547934679287,Female
0236,0236447931210342,Female
0237,0237103642844793,Female
0238,0238201595479368,Female
0239,0239647933424267,Female
0240,0240736174793627,Female
0241,0241736609479308,Female
0242,0242647938057425,Female
0243,0243644308004793,Female
0244,0244980101647936,Female
0245,0245479326226562,Female
0246,0246500180447930,Female
0247,0247547936387199,Female
0248,0248479385277814,Female
0249,0249094793087908,Female
0250,0250474793789291,Female
0251,0251704793583074,Female
0252,0252641479305922,Female
0253,0253084793156389,Female
0254,0254688347936109,Female
0255,0255479358753235,Female
0256,0256625479342480,Female
0257,0257276574034793,Female
0258,0258216673047935,Female
0259,0259008074793483,Female
0260,0260047931731001,Female
0261,0261533574754793,Female
0262,0262329847936655,Female
0263,0263086714793384,Female
0264,0264983647932195,Female
0265,0265741124793113,Female
0266,0266479312275595,Female
0267,0267147936667961,Female
0268,0268202117464793,Female
0269,0269975387084793,Female
0270,0270147938846641,Female
0271,0271286347936839,Unisex LT $350.00
0272,0272621671247930,Unisex LT $350.00
0273,0273945834793291,Unisex LT $350.00
0274,0274095471247939,Unisex LT $350.00
0275,0275533879534793,Unisex LT $350.00
0276,0276463937479384,Unisex LT $350.00
0277,0277047932413030,Unisex LT $350.00
0278,0278247934736910,Unisex LT $350.00
0279,0279991947931516,Unisex LT $350.00
0280,0280220133547934,Unisex LT $350.00
0281,0281644793605250,Unisex LT $350.00
0282,0282479384345346,Unisex LT $350.00
0283,0283227747930421,Unisex LT $350.00
0284,0284255372474793,Unisex LT $350.00
0285,0285528043479314,Unisex LT $350.00
0286,0286479334076007,Unisex LT $350.00
0287,0287974055479378,Unisex LT $350.00
0288,0288869547938587,Unisex LT $350.00
0289,0289479362950267,Unisex LT $350.00
0290,0290750227734793,Unisex LT $350.00
0291,0291051087794793,Unisex LT $350.00
0292,0292254614574793,Unisex LT $350.00
0293,0293673479312465,Unisex LT $350.00
0294,0294764647937047,Unisex LT $350.00
0295,0295479314058277,Unisex LT $350.00
0296,0296847935330638,Unisex LT $350.00
0297,0297947936192125,Unisex LT $350.00
0298,0298537880479351,Unisex LT $350.00
0299,0299223112479356,Unisex LT $350.00
0300,0300916479375951,Unisex LT $350.00
0301,0301198747933384,Unisex LT $350.00
0302,0302647930885945,Unisex LT $350.00
0303,0303524793148131,Unisex LT $350.00
0304,0304081310684793,Unisex LT $350.00
0305,0305914004347931,Unisex LT $350.00
0306,0306092346547939,Unisex LT $350.00
0307,0307573204479313,Unisex LT $350.00
0308,0308728785047931,Unisex LT $350.00
0309,0309465352084793,Unisex LT $350.00
0310,0310469577479314,Unisex LT $350.00
0311,0311257221804793,Unisex LT $350.00
0312,0312479329089888,Unisex LT $350.00
0313,0313712467247933,Unisex LT $350.00
0314,0314335683104793,Unisex LT $350.00
0315,0315880479386962,Unisex LT $350.00
0316,0316666847931183,Unisex LT $350.00
0317,0317447938532522,Unisex LT $350.00
0318,0318389944793200,Unisex LT $350.00
0319,0319574464744793,Unisex LT $350.00
0320,0320443315247932,Unisex LT $350.00
0321,0321543516074793,Unisex LT $350.00
0322,0322659808394793,Unisex LT $350.00
0323,0323479353383516,Unisex LT $350.00
0324,0324705553479306,Unisex LT $350.00
0325,0325734477479350,Unisex LT $350.00
0326,0326596747936187,Unisex LT $350.00
0327,0327749855214793,Unisex LT $350.00
0328,0328333901479393,Unisex LT $350.00
0329,0329071347937743,Unisex LT $350.00
0330,0330611963747935,Unisex LT $350.00
0331,0331547938278814,Unisex LT $350.00
0332,0332849479313462,Unisex LT $350.00
0333,0333147930529854,Unisex LT $350.00
0334,0334154680947931,Unisex LT $350.00
0335,0335503479332389,Unisex LT $350.00
0336,0336147936493017,Unisex LT $350.00
0337,0337742152847930,Unisex LT $350.00
0338,0338479370018558,Unisex LT $350.00
0339,0339085439147932,Unisex LT $350.00
0340,0340465547937431,Unisex LT $350.00
0341,0341376479357724,Unisex LT $350.00
0342,0342332065664793,Unisex LT $350.00
0343,0343547933800006,Unisex LT $350.00
0344,0344986175479393,Unisex LT $350.00
0345,0345066599479318,Unisex LT $350.00
0346,0346159393347932,Unisex LT $350.00
0347,0347447934400443,Unisex LT $350.00
0348,0348244247932452,Unisex LT $350.00
0349,0349105145479301,Unisex LT $350.00
0350,0350105479307989,Unisex LT $350.00
0351,0351700411184793,Unisex LT $350.00
0352,0352479396686038,Unisex LT $350.00
0353,0353099498194793,Unisex LT $350.00
0354,0354747933570452,Unisex LT $350.00
0355,0355994793766517,Unisex LT $350.00
0356,0356247938241931,Unisex LT $350.00
0357,0357479327105868,Unisex LT $350.00
0358,0358574793662464,Unisex LT $350.00
0359,0359896066647933,Unisex LT $350.00
0360,0360297457347932,Unisex LT $350.00
0361,0361407085024793,Unisex LT $350.00
0362,0362867447934089,Unisex LT $350.00
0363,0363705122714793,Unisex LT $350.00
0364,0364851047930445,Unisex LT $350.00
0365,0365555081344793,Unisex LT $350.00
0366,0366547934051478,Unisex LT $350.00
0367,0367289634847937,Unisex LT $350.00
0368,0368401920084793,Unisex LT $350.00
0369,0369947939509163,Unisex LT $350.00
0370,0370074793960281,Unisex LT $350.00
0371,0371668508047930,Unisex LT $350.00
0372,0372865359447930,Unisex LT $350.00
0373,0373647938043250,Unisex LT $350.00
0374,0374147935001856,Unisex LT $350.00
0375,0375099479311355,Unisex LT $350.00
0376,0376744793580308,Unisex LT $350.00
0377,0377964793634062,Unisex LT $350.00
0378,0378076414793356,Unisex LT $350.00
0379,0379817733479313,Unisex LT $350.00
0380,0380479399364540,Unisex LT $350.00
0381,0381634793915220,Unisex LT $350.00
0382,0382925547934754,Unisex LT $350.00
0383,0383706889847933,Unisex LT $350.00
0384,0384865644793947,Unisex LT $350.00
0385,0385562479314226,Unisex LT $350.00
0386,0386647937894866,Unisex LT $350.00
0387,0387824793147210,Unisex LT $350.00
0388,0388947935053737,Unisex LT $350.00
0389,0389134793658272,Unisex LT $350.00
0390,0390124793982709,Unisex LT $350.00
0391,0391745095479366,Unisex LT $350.00
0392,0392147930353309,Unisex LT $350.00
0393,0393637069147937,Unisex LT $350.00
0394,0394147479333315,Unisex LT $350.00
0395,0395482674793896,Unisex LT $350.00
0396,0396036547932385,Unisex LT $350.00
0397,0397050824793885,Unisex LT $350.00
0398,0398192828479386,Unisex LT $350.00
0399,0399921386479317,Unisex LT $350.00
0400,0400457199434793,Unisex LT $350.00
0401,0401479385889393,Unisex LT $350.00
0402,0402680479393602,Unisex LT $350.00
0403,0403111479390713,Unisex LT $350.00
0404,0404721482047934,Unisex LT $350.00
0405,0405324793748556,Unisex LT $350.00
0406,0406050084479302,Unisex LT $350.00
0407,0407875429147932,Unisex LT $350.00
0408,0408347930537056,Unisex LT $350.00
0409,0409479370798370,Unisex LT $350.00
0410,0410479385686544,Unisex LT $350.00
0411,0411508172479399,Unisex LT $350.00
0412,0412947931623614,Unisex LT $350.00
0413,0413777792504793,Unisex LT $350.00
0414,0414253647933225,Unisex LT $350.00
0415,0415735416947932,Unisex LT $350.00
0416,0416847930936280,Unisex LT $350.00
0417,0417421769479324,Unisex LT $350.00
0418,0418328271354793,Unisex LT $350.00
0419,0419825774793263,Unisex LT $350.00
0420,0420632971747933,Unisex LT $350.00
0421,0421244793142940,Unisex LT $350.00
0422,0422541745947939,Unisex LT $350.00
0423,0423550493324793,Unisex LT $350.00
0424,0424547938806814,Unisex LT $350.00
0425,0425937247937294,Unisex LT $350.00
0426,0426124793058530,Unisex LT $350.00
0427,0427479332353296,Unisex LT $350.00
0428,0428565734793549,Unisex LT $350.00
0429,0429854793197977,Unisex LT $350.00
0430,0430315187479354,Unisex LT $350.00
0431,0431563479395773,Unisex LT $350.00
0432,0432752154793583,Unisex LT $350.00
0433,0433479398054988,Unisex LT $350.00
0434,0434479330481146,Unisex LT $350.00
0435,0435147935296189,Unisex LT $350.00
0436,0436218479301800,Unisex LT $350.00
0437,0437129145479302,Unisex LT $350.00
0438,0438435379144793,Unisex LT $350.00
0439,0439148494793988,Unisex LT $350.00
0440,0440247930358659,Unisex LT $350.00
0441,0441964793722156,Unisex LT $350.00
0442,0442279482324793,Unisex LT $350.00
0443,0443307544793730,Unisex LT $350.00
0444,0444196153479350,Unisex LT $350.00
0445,0445573479360542,Unisex LT $350.00
0446,0446125847931289,Unisex LT $350.00
0447,0447479395299428,Unisex LT $350.00
0448,0448247930480789,Unisex LT $350.00
0449,0449254793023459,Unisex LT $350.00
0450,0450447936561524,Unisex LT $350.00
0451,0451717790934793,Unisex LT $350.00
0452,0452447930889643,Unisex LT $350.00
0453,0453479351630633,Unisex LT $350.00
0454,0454967676454793,Unisex LT $350.00
0455,0455365147934154,Unisex LT $350.00
0456,0456072479334299,Unisex LT $350.00
0457,0457883647933667,Unisex LT $350.00
0458,0458667896954793,Unisex LT $350.00
0459,0459145129347939,Unisex LT $350.00
0460,0460243894479304,Unisex LT $350.00
0461,0461569050479361,Unisex LT $350.00
0462,0462324793568950,Unisex LT $350.00
0463,0463561498479347,Unisex LT $350.00
0464,0464843647939849,Unisex LT $350.00
0465,0465586047935453,Unisex LT $350.00
0466,0466479388926685,Unisex LT $350.00
0467,0467262707547937,Unisex LT $350.00
0468,0468356181147934,Unisex LT $350.00
0469,0469104793907858,Unisex LT $350.00
0470,0470512459814793,Unisex LT $350.00
0471,0471195974793080,Unisex 2ON1 $560.00
0472,0472479351493464,Unisex 2ON1 $560.00
0473,0473931685547933,Unisex 2ON1 $560.00
0474,0474479381476111,Unisex 2ON1 $560.00
0475,0475394793783433,Unisex 2ON1 $560.00
0476,0476970824793350,Unisex 2ON1 $560.00
0477,0477247930959412,Unisex 2ON1 $560.00
0478,0478645479360362,Unisex 2ON1 $560.00
0479,0479244793968012,Unisex 2ON1 $560.00
0480,0480447937735756,Unisex 2ON1 $560.00
0481,0481088047939068,Unisex 2ON1 $560.00
0482,0482064793631514,Unisex 2ON1 $560.00
0483,0483669515984793,Unisex 2ON1 $560.00
0484,0484847934599011,Unisex 2ON1 $560.00
0485,0485044793984020,Unisex 2ON1 $560.00
0486,0486784525479321,Unisex 2ON1 $560.00
0487,0487925947938765,Unisex 2ON1 $560.00
0488,0488653479318658,Unisex 2ON1 $560.00
0489,0489000216494793,Unisex 2ON1 $560.00
0490,0490647934002031,Unisex 2ON1 $560.00
0491,0491753147934004,Unisex 2ON1 $560.00
0492,0492306747932119,Unisex 2ON1 $560.00
0493,0493137624479333,Unisex 2ON1 $560.00
0494,0494586537474793,Unisex 2ON1 $560.00
0495,0495493529334793,Unisex 2ON1 $560.00
0496,0496147932370441,Unisex 2ON1 $560.00
0497,0497280479343278,Unisex 2ON1 $560.00
0498,0498769024793610,Unisex 2ON1 $560.00
0499,0499306479310915,Unisex 2ON1 $560.00
0500,0500125047934364,Unisex 2ON1 $560.00
0501,TK6a8a19e99914c6.25863237,Comps
0502,TK6a8a19e9cd9d91.94216913,Comps
0503,TK6a8a19ea038427.13110748,Comps
0504,TK6a8a19ea2d5718.78069485,Comps
0505,TK6a8a19ea577f49.71617492,Comps
0506,TK6a8a19ea810bd8.31814977,Comps
0507,TK6a8a19eaa9ce40.70209678,Comps
0508,TK6a8a19ead1dcc1.56890632,Comps
0509,TK6a8a19eb0d3e30.03074024,Comps
0510,TK6a8a19eb3b8af8.12735951,Comps
0511,TK6a8a19eb6b9fd3.49075210,Comps
0512,TK6a8a19eb9c5a27.89138525,Comps
0513,TK6a8a19ebcaa014.28858514,Comps
0514,TK6a8a19ec065f85.62975129,Comps
0515,TK6a8a19ec353093.95278356,Comps
0516,TK6a8a1a0eeec5e9.55777193,Comps
0517,TK6a8a1a0f242102.80322263,Comps
0518,TK6a8a1a0f555378.65219079,Comps
0519,TK6a8a1a0f877732.03105488,Comps
0520,TK6a8a1a0fb7b149.25526494,Comps
0521,TK6a8a1a0fe70437.66033137,Comps
0522,TK6a8a1a1021df38.41371995,Comps
0523,TK6a8a1a10522ef1.32419451,Comps
0524,TK6a8a1a1081c526.29071519,Comps
0525,TK6a8a1a10b0f540.99316259,Comps
0526,TK6a8a1a10e06f13.82280724,Comps
0527,TK6a8a1a111b5671.05830966,Comps
0528,TK6a8a1a114b41b4.83862444,Comps
0529,TK6a8a1a117a4bf4.25154873,Comps
0530,TK6a8a1a11aa3b98.57490531,Comps
0531,TK6a8a1a2ece1c98.97047717,Comps
0532,TK6a8a1a2f0b3859.23130367,Comps
0533,TK6a8a1a2f352c82.29197822,Comps
0534,TK6a8a1a2f5dc307.49872643,Comps
0535,TK6a8a1a2f85f707.89615947,Comps
0536,TK6a8a1a2faeec90.32084516,Comps
0537,TK6a8a1a2fd86d71.38727644,Comps
0538,TK6a8a1a300f5746.88332656,Comps
0539,TK6a8a1a3039cc03.80098408,Comps
0540,TK6a8a1a30632f82.01544265,Comps
0541,TK6a8a1a308c8d80.80734228,Comps
0542,TK6a8a1a30be3462.02778372,Comps
0543,TK6a8a1a30ee40b5.42400894,Comps
0544,TK6a8a1a312aa4a6.92733708,Comps
0545,TK6a8a1a315a1227.84750393,Comps
0546,TK6a8e4a35dc0547.80360493,Comps
0547,TK6a8e4a36206cf2.84583811,Comps
0548,TK6a8e4a3651f1d1.37040276,Comps
0549,TK6a8e4a3681d7a2.64053402,Comps
0550,TK6a8e4a36b1c7c0.35485499,Comps
0551,TK6a8e4a36e1f130.86596264,Comps
0552,TK6a8e4a37172942.92701335,Comps
0553,TK6a8e4a3740ac73.42991291,Comps
0554,TK6a8e4a376afc00.38023219,Comps
0555,TK6a8e4a37945c90.47607289,Comps
0556,TK6a8e4a37bd06e0.83550579,Comps
0557,TK6a8e4a5ca2c527.38953132,Comps
0558,TK6a8e4a5cd2c054.25258335,Comps
0559,TK6a8e4a5d0e9433.03353026,Comps
0560,TK6a8e4a5d3dfcf6.64372914,Comps
0561,TK6a8e4a5d6d6024.24794236,Comps
0562,TK6a8e4a5d9f1529.26611054,Comps
0563,TK6a8e4a5dc87e71.87671477,Comps
0564,TK6a8e4a5df28987.07207995,Comps
0565,TK6a8e4a5e283c33.46136807,Comps
0566,TK6a8e4a5e520224.06593684,Comps
0567,TK6a8e4a5e7bbcb2.24421142,Comps
0568,TK6a8e4a5ea4f848.35118262,Comps
0569,TK6a8e4a5ecea344.12735573,Comps
0570,TK6a8e4a5f027783.16440542,Comps
0571,TK6a8e4a5f2ae465.74608107,Comps
0572,TK6a8e4a5f53d534.50321759,Comps
0573,TK6a8e4a5f7cd9d2.70800110,Comps
0574,TK6a8e4a5fa68f83.23417147,Comps
0575,TK6a8e4a5fcf6593.07813317,Comps
0576,TK6a8e4a60055632.34567226,Comps
0577,TK6a8e4a602f5f25.40989177,Comps
0578,TK6a8e4a605fb9e5.52905033,Comps
0579,TK6a8e4a60918c04.60520116,Comps
0580,TK6a8e4a60c1d211.67707738,Comps
0581,TK6a8e4a60f1c9e2.75442787,Comps
0582,TK6a8e4a612df7d0.41523985,Comps
0583,TK6a8e4a615d34b8.68309582,Comps
0584,TK6a8e4a618dc912.57155664,Comps
0585,TK6a8e4a61bd3888.83105709,Comps
0586,TK6a8e4a61e6ebc2.49985568,Comps
0587,TK6a8e4a86a6ea28.78637695,Comps
0588,TK6a8e4a86d72e21.44684560,Comps
0589,TK6a8e4a870e0f62.68408377,Comps
0590,TK6a8e4a87389321.61573285,Comps
0591,TK6a8e4a8768e2b9.69116203,Comps
0592,TK6a8e53cb89e1d6.28650760,Comps
0593,TK6a8e53cbb8eaa3.18176810,Comps
0594,TK6a8e53cbe20498.88789249,Comps
0595,TK6a8e53cc17a435.77542702,Comps
0596,TK6a8e53cc409784.87749095,Comps
0597,TK6a8f883015aed3.84918023,Comps
0598,TK6a8f88303eec39.27122766,Comps
0599,TK6a8f883069b356.40762519,Comps
0600,TK6a8f8830937653.71617476,Comps
0601,TK6a8f8830bb65b1.38342668,Comps
0602,TK6a90a561031186.95633722,Comps
0603,TK6a90a56133ebe0.47287678,Comps
0604,TK6a90a5615f3208.67171157,Comps
0605,TK6a90a5618a9a34.34185248,Comps
0606,TK6a90a561b461f4.51768150,Comps
0607,TK6a90dccd1caca5.19322538,Comps
0608,TK6a90dccd475f22.53113471,Comps
0609,TK6a90dccd72d656.36746516,Comps
0610,TK6a90dccd9cd015.04405632,Comps
0611,TK6a90dccdc7be37.59273050,Comps
0612,IET6a908869bdba13.99508712,Female Tokyo Crew
0613,IET6a91139e4f7138.76991870,Female Tokyo Crew
0614,IET6a921637a3e733.71377992,Female Tokyo Crew
0615,IET6a62b1e0675d39.85965911,Tokyo Baddies(3 on 1)
0616,IET6a6bd4d1a01552.29950959,Tokyo Baddies(3 on 1)
0617,IET6a70dfa326a509.45502011,Tokyo Baddies(3 on 1)
0618,IET6a75323b0308c4.55754199,Tokyo Baddies(3 on 1)
0619,IET6a75ec533221d1.42853283,Tokyo Baddies(3 on 1)
0620,IET6a793934b39174.08776577,Tokyo Baddies(3 on 1)
0621,IET6a7bc344107080.24291481,Tokyo Baddies(3 on 1)
0622,IET6a7c81225ee162.81564849,Tokyo Baddies(3 on 1)
0623,IET6a80b74595b229.43935707,Tokyo Baddies(3 on 1)
0624,IET6a5971cfc2f711.93132848,Tokyo Doll
0625,IET6a5971cfc34411.03780760,Tokyo Doll
0626,IET6a5971cfc38511.40126552,Tokyo Doll
0627,IET6a5971cfc3c6a4.05315888,Tokyo Doll
0628,IET6a597e5db89f76.15188253,Tokyo Doll
0629,IET6a5a0c12bc18d2.39387220,Tokyo Doll
0630,IET6a5a1f697ab418.76244825,Tokyo Doll
0631,IET6a635160606367.78530610,Tokyo Doll
0632,IET6a63c56b9fe610.74048181,Tokyo Doll
0633,IET6a640ba3750276.97283054,Tokyo Doll
0634,IET6a6534cdd43ab7.36433764,Tokyo Doll
0635,IET6a6534cdd4a922.37371042,Tokyo Doll
0636,IET6a67a304ea54c2.66210152,Tokyo Doll
0637,IET6a697974ccbe93.94170614,Tokyo Doll
0638,IET6a6c6e8411cd62.52501007,Tokyo Doll
0639,IET6a6cae091f2184.38805786,Tokyo Doll
0640,IET6a6caf0bd072f3.81283527,Tokyo Doll
0641,IET6a6d2712e8b599.57477201,Tokyo Doll
0642,IET6a6dfabd7e93b7.89385398,Tokyo Doll
0643,IET6a6f5485ef51a9.12987934,Tokyo Doll
0644,IET6a70cbeea8cea1.58864170,Tokyo Doll
0645,IET6a70e9944cb2e9.58056022,Tokyo Doll
0646,IET6a7127545dbd57.87296384,Tokyo Doll
0647,IET6a73760793f7c2.58779029,Tokyo Doll
0648,IET6a2c9a966c50a5.56907381,Tokyo EB Unisex
0649,IET6a2ca7a5516cc3.42474852,Tokyo EB Unisex
0650,IET6a2cab24700a23.20797685,Tokyo EB Unisex
0651,IET6a2cac98817918.21665417,Tokyo EB Unisex
0652,IET6a2cac9881bf42.82799766,Tokyo EB Unisex
0653,IET6a2cbe66bd8920.14624017,Tokyo EB Unisex
0654,IET6a2cbe66bde6f8.89630572,Tokyo EB Unisex
0655,IET6a2d4765c9ab31.23638549,Tokyo EB Unisex
0656,IET6a2d4765c9f238.66395802,Tokyo EB Unisex
0657,IET6a2d98938199b5.92703244,Tokyo EB Unisex
0658,IET6a2d989381ef84.90603050,Tokyo EB Unisex
0659,IET6a2da2e7a05ff0.43211465,Tokyo EB Unisex
0660,IET6a2dc30b4f2e23.49196950,Tokyo EB Unisex
0661,IET6a2dfe9ca82992.11046669,Tokyo EB Unisex
0662,IET6a2dfe9ca883a1.88489865,Tokyo EB Unisex
0663,IET6a2dffe800c032.47965566,Tokyo EB Unisex
0664,IET6a2e3a3c6c1bd3.52045089,Tokyo EB Unisex
0665,IET6a2e9aa5d55505.20807056,Tokyo EB Unisex
0666,IET6a2eabe46f6f35.08394805,Tokyo EB Unisex
0667,IET6a2ead59227b09.14115890,Tokyo EB Unisex
0668,IET6a2ead5922c418.97534810,Tokyo EB Unisex
0669,IET6a300969108526.02316306,Tokyo EB Unisex
0670,IET6a302bd3e7c0d4.50065622,Tokyo EB Unisex
0671,IET6a30b98481edd9.44323049,Tokyo EB Unisex
0672,IET6a30b984823601.36995516,Tokyo EB Unisex
0673,IET6a3292007bf564.54920103,Tokyo EB Unisex
0674,IET6a3363bcb1ccf6.94894068,Tokyo EB Unisex
0675,IET6a34067db6c5d7.18799609,Tokyo EB Unisex
0676,IET6a348eb098b604.75714228,Tokyo EB Unisex
0677,IET6a348eb0990d85.60019780,Tokyo EB Unisex
0678,IET6a36f9736e47c6.29071009,Tokyo EB Unisex
0679,IET6a3734e57cea62.14770454,Tokyo EB Unisex
0680,IET6a394dcd90b9e5.10191254,Tokyo EB Unisex
0681,IET6a39fc71166ec8.81875322,Tokyo EB Unisex
0682,IET6a39fc7116da75.83545277,Tokyo EB Unisex
0683,IET6a3c2715dd0577.76049640,Tokyo EB Unisex
0684,IET6a3c57309ffb68.01443822,Tokyo EB Unisex
0685,IET6a427cfa607075.28654243,Tokyo EB Unisex
0686,IET6a43d2f7c44292.34604698,Tokyo EB Unisex
0687,IET6a4421ca7ed4b5.35051074,Tokyo EB Unisex
0688,IET6a4424a7d7b486.11920743,Tokyo EB Unisex
0689,IET6a444ad6b955a7.64097435,Tokyo EB Unisex
0690,IET6a4564865f2a33.35490363,Tokyo EB Unisex
0691,IET6a465674d35500.84438875,Tokyo EB Unisex
0692,IET6a46b02fdf1524.16456517,Tokyo EB Unisex
0693,IET6a46ec2a032187.35713406,Tokyo EB Unisex
0694,IET6a46ec2a036d94.72630696,Tokyo EB Unisex
0695,IET6a46fcf4d03132.82734416,Tokyo EB Unisex
0696,IET6a47184f2307a0.64640073,Tokyo EB Unisex
0697,IET6a4731c78c62f7.10248662,Tokyo EB Unisex
0698,IET6a4732dc97d637.78558853,Tokyo EB Unisex
0699,IET6a47f27e17e058.46282114,Tokyo EB Unisex
0700,IET6a47f27e184f87.40867043,Tokyo EB Unisex
0701,IET6a4829d1450327.62558599,Tokyo EB Unisex
0702,IET6a482f70c14d10.72197305,Tokyo EB Unisex
0703,IET6a49451962c233.95884862,Tokyo EB Unisex
0704,IET6a4a9324d919c7.78556774,Tokyo EB Unisex
0705,IET6a4b0bf0896c95.19008747,Tokyo EB Unisex
0706,IET6a4b0bf089d638.56765836,Tokyo EB Unisex
0707,IET6a4c012888fab5.30182426,Tokyo EB Unisex
0708,TK6a566750560f01.94098841,Tokyo EB Unisex
0709,TK6a566750836363.98376580,Tokyo EB Unisex
0710,TK6a566750b801e3.90944893,Tokyo EB Unisex
0711,IET6a769800603778.65508337,Tokyo Empress(Female late)
0712,IET6a7a8cca9b1c20.28146068,Tokyo Empress(Female late)
0713,IET6a7bc344102268.39761957,Tokyo Empress(Female late)
0714,IET6a7be7c66e91f3.58033176,Tokyo Empress(Female late)
0715,IET6a7e3658b7af55.80284656,Tokyo Empress(Female late)
0716,IET6a7e4a5cb8f3c6.27848567,Tokyo Empress(Female late)
0717,IET6a7f84c0cb3af4.25958213,Tokyo Empress(Female late)
0718,IET6a7f87095e1501.38967972,Tokyo Empress(Female late)
0719,IET6a81300a732456.46096287,Tokyo Empress(Female late)
0720,IET6a83af0ed60030.07540532,Tokyo Empress(Female late)
0721,IET6a8450bb9458b7.90992474,Tokyo Empress(Female late)
0722,IET6a8451ddd7b9a2.45088584,Tokyo Empress(Female late)
0723,IET6a847589b754f2.84622732,Tokyo Empress(Female late)
0724,IET6a848884049574.60038687,Tokyo Empress(Female late)
0725,IET6a84bf424db4b1.24727280,Tokyo Empress(Female late)
0726,IET6a84bf424e0778.29565315,Tokyo Empress(Female late)
0727,IET6a84bf424e4f85.65665349,Tokyo Empress(Female late)
0728,IET6a85e8fe793b31.15554047,Tokyo Empress(Female late)
0729,IET6a85f5b6daad77.81922426,Tokyo Empress(Female late)
0730,IET6a85f94629de20.27837884,Tokyo Empress(Female late)
0731,IET6a860ace5afe16.25339887,Tokyo Empress(Female late)
0732,IET6a8647c6ed70d5.95234570,Tokyo Empress(Female late)
0733,IET6a8651d959ce71.93428594,Tokyo Empress(Female late)
0734,IET6a8653299f58e1.43957132,Tokyo Empress(Female late)
0735,IET6a86518ee472c7.43019625,Tokyo End games
0736,IET6a867f49a7c090.37830279,Tokyo End games
0737,IET6a8687c7621651.44143871,Tokyo End games
0738,IET6a86c54b24d7c4.39272772,Tokyo End games
0739,IET6a8735cb9afb17.15430755,Tokyo End games
0740,IET6a875ff6ad72c9.26254469,Tokyo End games
0741,IET6a8788e3ea8ea0.35335491,Tokyo End games
0742,IET6a878bf658c2e4.84145690,Tokyo End games
0743,IET6a879d0b20ceb7.33054472,Tokyo End games
0744,IET6a87ae3ef11f98.18428547,Tokyo End games
0745,IET6a886e3266ff32.83241653,Tokyo End games
0746,IET6a886e32677336.15665723,Tokyo End games
0747,IET6a8874030d6ea9.52702730,Tokyo End games
0748,IET6a88a1dc15d144.29284847,Tokyo End games
0749,IET6a88a1dc162b92.95709961,Tokyo End games
0750,IET6a88a1dc167600.30299312,Tokyo End games
0751,IET6a89ea7276abe0.49715234,Tokyo End games
0752,IET6a8a306d977186.46430404,Tokyo End games
0753,IET6a8a306d97bef4.94803912,Tokyo End games
0754,IET6a8a306d97ff34.69247765,Tokyo End games
0755,IET6a8a7e4b8f5777.58091315,Tokyo End games
0756,IET6a8b19e79f0324.76923737,Tokyo End games
0757,IET6a8b26fd6b7a30.34761759,Tokyo End games
0758,IET6a8b398bc888f3.40328166,Tokyo End games
0759,IET6a8b429f249c26.99051296,Tokyo End games
0760,IET6a8b45eaeeb665.54348709,Tokyo End games
0761,IET6a8b7bac8a0cb4.84983472,Tokyo End games
0762,IET6a8b90a3dff119.34625936,Tokyo End games
0763,IET6a8b941ce9a211.74944615,Tokyo End games
0764,IET6a8ba428892c10.13735542,Tokyo End games
0765,IET6a8ba4288977b4.54850571,Tokyo End games
0766,IET6a8ba908e0bc10.62879941,Tokyo End games
0767,IET6a8bac5bbc1f02.36244873,Tokyo End games
0768,IET6a8bad47244326.09782456,Tokyo End games
0769,IET6a8c552a72eeb9.01190030,Tokyo End games
0770,IET6a8c6fd32b8329.69010677,Tokyo End games
0771,IET6a8c865de4e4a7.33261168,Tokyo End games
0772,IET6a8c8a5e478fc5.15467042,Tokyo End games
0773,IET6a8c917f255614.32858846,Tokyo End games
0774,IET6a8cb0ad54e589.92465991,Tokyo End games
0775,IET6a8ccbc65a33e6.47878800,Tokyo End games
0776,IET6a8ccbc65a96e4.40850804,Tokyo End games
0777,IET6a8ccbc65adf52.60629031,Tokyo End games
0778,IET6a8cde00111b61.34961718,Tokyo End games
0779,IET6a8d2666750cf5.26038492,Tokyo End games
0780,IET6a8dc4ca421451.10417344,Tokyo End games
0781,IET6a8dcbc02985b2.14461925,Tokyo End games
0782,IET6a8df8f639fa51.86181034,Tokyo End games
0783,IET6a8e012a125a30.03272323,Tokyo End games
0784,IET6a8e144b6b9b35.94165511,Tokyo End games
0785,IET6a8e144b6c0e58.25523859,Tokyo End games
0786,IET6a8e163313a383.23914944,Tokyo End games
0787,IET6a8e54c3315b67.47875964,Tokyo End games
0788,IET6a8e63da824b07.64147630,Tokyo End games
0789,IET6a8e63da82a320.86027584,Tokyo End games
0790,IET6a8e63da82edf7.78094610,Tokyo End games
0791,IET6a8f6a87b78e44.59252370,Tokyo End games
0792,IET6a8f7424deaaf3.45284341,Tokyo End games
0793,IET6a8f80db7dbc91.36912251,Tokyo End games
0794,IET6a8f88b0b5fdb2.55875001,Tokyo End games
0795,IET6a8f9791aa0ac7.70458334,Tokyo End games
0796,IET6a9010458da6c9.58620778,Tokyo End games
0797,IET6a9071617e7940.94629167,Tokyo End games
0798,IET6a907fdb67e207.83374003,Tokyo End games
0799,IET6a90831f2e3cb6.10326731,Tokyo End games
0800,IET6a90a6c498a3f7.80747142,Tokyo End games
0801,IET6a90ae12c27259.61454976,Tokyo End games
0802,IET6a90b2a9552249.26112475,Tokyo End games
0803,IET6a90e68f577838.21017931,Tokyo End games
0804,IET6a90f51b602082.76738379,Tokyo End games
0805,IET6a9111449e94e7.60209382,Tokyo End games
0806,IET6a9111449ee1e1.14036726,Tokyo End games
0807,IET6a9111449f2b82.04514316,Tokyo End games
0808,IET6a9111449f6ee8.80971425,Tokyo End games
0809,IET6a91bc88ed9a03.12915188,Tokyo End games
0810,IET6a91cfce77d268.64303564,Tokyo End games
0811,IET6a91cfce7842b1.49476875,Tokyo End games
0812,IET6a91cfce78a9e3.20980452,Tokyo End games
0813,IET6a91ead0b898b3.93916014,Tokyo End games
0814,IET6a91ead0b8fff2.84343174,Tokyo End games
0815,IET6a91faaca1a0f9.52809893,Tokyo End games
0816,IET6a92060992c901.68439772,Tokyo End games
0817,IET6a920609932e13.83699836,Tokyo End games
0818,IET6a924586c5ba77.39015985,Tokyo End games
0819,IET6a926797c6a265.71994942,Tokyo End games
0820,IET6a9272d2d855d1.05139677,Tokyo End games
0821,IET6a9272d2daf1d2.15682834,Tokyo End games
0822,IET6a92b22899f665.68378530,Tokyo End games
0823,IET6a92c0d5ed37a8.72724074,Tokyo End games
0824,IET6a92ea7b5f94e5.26144017,Tokyo End games
0825,IET6a92fdc2413aa6.81628307,Tokyo End games
0826,IET6a930f98d07b99.52082917,Tokyo End games
0827,IET6a931471ee4d26.68148380,Tokyo End games
0828,IET6a9329c87875b6.57676074,Tokyo End games
0829,IET6a933a73769737.86189709,Tokyo End games
0830,IET6a933ef46efe28.65390572,Tokyo End games
0831,IET6a9346d6c99776.66880576,Tokyo End games
0832,IET6a93477c031135.68946470,Tokyo End games
0833,IET6a935731d6a737.80834679,Tokyo End games
0834,IET6a935731d6fa87.77895976,Tokyo End games
0835,IET6a935ff4dcd764.05846773,Tokyo End games
0836,IET6a9368d8a2cff0.98230363,Tokyo End games
0837,IET6a9368d8a31d10.62964104,Tokyo End games
0838,IET6a936ad4e1eb99.32460043,Tokyo End games
0839,IET6a936c82eea518.71678797,Tokyo End games
0840,IET6a936c82eef1f3.74040281,Tokyo End games
0841,IET6a936d954436c9.18003449,Tokyo End games
0842,IET6a936d95448722.22472906,Tokyo End games
0843,IET6a937231c7ae32.25834587,Tokyo End games
0844,IET6a93750575ab84.44401793,Tokyo End games
0845,IET6a9375934e0486.12278032,Tokyo End games
0846,IET6a93805b32c6a7.04860691,Tokyo End games
0847,IET6a886da3edfc13.85283913,Tokyo End games 2
0848,IET6a88c02fb4b757.56162777,Tokyo End games 2
0849,IET6a88e67478db76.09351464,Tokyo End games 2
0850,IET6a8a2d799f74f2.99360921,Tokyo End games 2
0851,IET6a8b7579951e28.97722678,Tokyo End games 2
0852,IET6a8b76cf2ce415.39454764,Tokyo End games 2
0853,IET6a8ba1308dde58.26645217,Tokyo End games 2
0854,IET6a8baee9d5f4e1.44892290,Tokyo End games 2
0855,IET6a8c53eeb837c2.94320849,Tokyo End games 2
0856,IET6a8cd27749fcd4.49747678,Tokyo End games 2
0857,IET6a8d14b108ba59.13207556,Tokyo End games 2
0858,IET6a8dc46966c8d1.48119827,Tokyo End games 2
0859,IET6a8e1c51b81191.14278287,Tokyo End games 2
0860,IET6a8f37649eb645.47651052,Tokyo End games 2
0861,IET6a8f490aece439.47447974,Tokyo End games 2
0862,IET6a8f4bbb9375c9.07412503,Tokyo End games 2
0863,IET6a8f5b8b7ddad0.50646611,Tokyo End games 2
0864,IET6a8f9709a1be10.39845942,Tokyo End games 2
0865,IET6a8f9ea836bc27.62585789,Tokyo End games 2
0866,IET6a905350d3f4d2.42799382,Tokyo End games 2
0867,IET6a90d65123e2e9.07530196,Tokyo End games 2
0868,IET6a91e8a967fee2.92849696,Tokyo End games 2
0869,IET6a921acda84415.20695532,Tokyo End games 2
0870,IET6a926797c6f6a9.81772974,Tokyo End games 2
0871,IET6a930b44ef96b9.08702972,Tokyo End games 2
0872,IET6a93126da83b23.76059953,Tokyo End games 2
0873,IET6a932fcf08bea5.58467358,Tokyo End games 2
0874,IET6a933e314caeb2.50413508,Tokyo End games 2
0875,IET6a597e5db8eeb7.72573690,Tokyo King
0876,IET6a59a591f41953.29542339,Tokyo King
0877,IET6a5ac75565ed31.78476558,Tokyo King
0878,IET6a5ac755665408.82923797,Tokyo King
0879,IET6a5ac755669de9.14024455,Tokyo King
0880,IET6a5bcf4e4c1667.31809651,Tokyo King
0881,IET6a62bce14223c1.08726788,Tokyo King
0882,IET6a67a304eab2e7.66448740,Tokyo King
0883,IET6a696cd0d27b54.97450416,Tokyo King
0884,IET6a6cbd9a6b7fd5.87328879,Tokyo King
0885,IET6a6cd7dd20aca3.72012901,Tokyo King
0886,IET6a6dfabd7ed6d1.22172519,Tokyo King
0887,IET6a6f5485ef9b48.01255299,Tokyo King
0888,IET6a708fde888747.67078994,Tokyo King
0889,IET6a71275ad7d786.47461191,Tokyo King
0890,IET6a71371e882356.42183010,Tokyo King
0891,IET6a7137c4208cd3.32437969,Tokyo King
0892,IET6a75ee43b5c198.93094406,Tokyo Shogun(late male)
0893,IET6a75f0386cc694.86087327,Tokyo Shogun(late male)
0894,IET6a75f598230223.20519342,Tokyo Shogun(late male)
0895,IET6a791ce974ce00.51120165,Tokyo Shogun(late male)
0896,IET6a7a12f5b3ec53.58183939,Tokyo Shogun(late male)
0897,IET6a7b04e8b30ae3.93287617,Tokyo Shogun(late male)
0898,IET6a7b1e11e26f60.49832317,Tokyo Shogun(late male)
0899,IET6a7d1156017e41.80385795,Tokyo Shogun(late male)
0900,IET6a7d31ce697536.54586890,Tokyo Shogun(late male)
0901,IET6a7d32a45fff75.05522378,Tokyo Shogun(late male)
0902,IET6a7f771a94db72.66680048,Tokyo Shogun(late male)
0903,IET6a81300a73aa20.98219351,Tokyo Shogun(late male)
0904,IET6a824a9458ad63.71554375,Tokyo Shogun(late male)
0905,IET6a8381af0995b7.66367983,Tokyo Shogun(late male)
0906,IET6a83ace5941454.55951630,Tokyo Shogun(late male)
0907,IET6a83af0ed65f11.30781032,Tokyo Shogun(late male)
0908,IET6a83ba48c80f32.62150224,Tokyo Shogun(late male)
0909,IET6a843a805626f0.53763207,Tokyo Shogun(late male)
0910,IET6a847589b7a263.07259956,Tokyo Shogun(late male)
0911,IET6a84774a4e45d8.44222084,Tokyo Shogun(late male)
0912,IET6a84888404eef9.27128486,Tokyo Shogun(late male)
0913,IET6a84ed5c5682b7.76592944,Tokyo Shogun(late male)
0914,IET6a850a8b879296.91748935,Tokyo Shogun(late male)
0915,IET6a852954a36309.11777272,Tokyo Shogun(late male)
0916,IET6a85bbd25126d8.49285096,Tokyo Shogun(late male)
0917,IET6a85cb68d62689.74961760,Tokyo Shogun(late male)
0918,IET6a85e0922c69c5.77709224,Tokyo Shogun(late male)
0919,IET6a85f4b2591a49.18408237,Tokyo Shogun(late male)
0920,IET6a85f4b2596d57.06555749,Tokyo Shogun(late male)
0921,IET6a862bcb4ca4a7.91212282,Tokyo Shogun(late male)
0922,IET6a864b882ca842.03844732,Tokyo Shogun(late male)
0923,IET6a8651d95a1b76.68809865,Tokyo Shogun(late male)
0924,IET6a2c8b325c2271.06420311,Unisex
0925,IET6a2c8d47839687.13685916,Unisex
0926,IET6a2c8d98ab2372.83894928,Unisex
0927,IET6a2c90191e6fc9.10887371,Unisex
0928,IET6a2c93b9bf9e74.72857145,Unisex
0929,IET6a2c941ef27047.61488972,Unisex
0930,IET6a2c941ef2c843.48615266,Unisex
0931,IET6a2c941ef310d8.69447183,Unisex