0001,IET6aa591db982874.46999259,Covered Stands
0002,IET6aa591db987b92.89228809,Covered Stands
0003,IET6aa5e59f19f288.95060130,Covered Stands
0004,IET6aa5e59f1a4600.14955440,Covered Stands
0005,IET6aaac339bf04c6.38737609,Covered Stands
0006,IET6aaac339bf5d89.24842015,Covered Stands
0007,IET6aaae0c976b052.81922178,Covered Stands
0008,IET6aaae0c9770249.06527902,Covered Stands
0009,IET6aaae0c97744c9.82048852,Covered Stands
0010,IET6aac9afe87dd64.97947929,Covered Stands
0011,IET6aac9afe882e27.22499243,Covered Stands
0012,IET6aaf3137a529b9.28572981,Covered Stands
0013,IET6aaf3137a57820.01577440,Covered Stands
0014,IET6ab6c3a7c45a84.63318992,Covered Stands
0015,IET6ab6c3a7c4a9d8.04088346,Covered Stands
0016,IET6ab6c792b2ce37.48376416,Covered Stands
0017,IET6ab712a4c23238.03393386,Covered Stands
0018,IET6ab712a4c29198.83513403,Covered Stands
0019,IET6ab7bbfe76d289.67002319,Covered Stands
0020,IET6ab7dd6cb82506.29623558,Covered Stands
0021,IET6ab7dd6cb87076.28272318,Covered Stands
0022,IET6ab7e4c8cf9825.45560805,Covered Stands
0023,IET6ab7f9756ed525.33170541,Covered Stands
0024,IET6ab7f9756f3266.96950409,Covered Stands
0025,IET6ab80bcd22aab2.97407165,Covered Stands
0026,IET6ab80bcd2308d9.79744194,Covered Stands
0027,IET6ab80bcd235bb8.71053839,Covered Stands
0028,IET6ab8175735ef52.70765571,Covered Stands
0029,IET6ab81bb756a455.01086336,Covered Stands
0030,IET6ab86f8124e3b9.48829796,Covered Stands
0031,IET6ab8841c82cc21.26783425,Covered Stands
0032,IET6ab8fd96eccfd9.03803365,Covered Stands
0033,IET6ab8fd96ed1e27.04497430,Covered Stands
0034,IET6ab90703a793e7.29904863,Covered Stands
0035,IET6ab92f940e0978.23219542,Covered Stands
0036,IET6ab93329f41cf4.27806680,Covered Stands
0037,IET6ab936e83167f4.35517321,Covered Stands
0038,IET6ab936e831bc23.83843349,Covered Stands
0039,IET6ab941c3b299f4.81379362,Covered Stands
0040,IET6ab94404c32256.33583233,Covered Stands
0041,IET6ab94404c38b95.56436447,Covered Stands
0042,IET6ab94404c3ce40.58879106,Covered Stands
0043,IET6ab94717453ee6.46356551,Covered Stands
0044,IET6ab94717459272.43601421,Covered Stands
0045,IET6ab94f9f715a70.54872593,Covered Stands
0046,IET6ab960658fd7e5.38389424,Covered Stands
0047,IET6ab962697d6b52.63261389,Covered Stands
0048,IET6ab975793af566.11698242,Covered Stands
0049,IET6ab979b997ee40.62585822,Covered Stands
0050,IET6ab97c471a1d76.71234212,Covered Stands
0051,IET6ab97c471a8be6.77923870,Covered Stands
0052,IET6ab9864d3cd111.89460810,Covered Stands
0053,IET6ab9864d404a86.96010666,Covered Stands
0054,IET6ab9864d409b96.72996056,Covered Stands
0055,IET6aa9959279d418.38725047,Uncovered Stands
0056,IET6aa995927a2808.81861840,Uncovered Stands
0057,IET6aabf828c5ac52.26247195,Uncovered Stands
0058,IET6aac8d6f457782.57014003,Uncovered Stands
0059,IET6aada2195c7020.88358412,Uncovered Stands
0060,IET6aada2195cd2b7.91234631,Uncovered Stands
0061,IET6aada2195d2a72.59934361,Uncovered Stands
0062,IET6aae9c8f8dfab8.40633224,Uncovered Stands
0063,IET6aaefceb1c7e64.67476965,Uncovered Stands
0064,IET6aaefceb1cd5d6.13636104,Uncovered Stands
0065,IET6ab049fa6b6833.85619971,Uncovered Stands
0066,IET6ab05d0c17de20.27771552,Uncovered Stands
0067,IET6ab19bf02aa581.54252961,Uncovered Stands
0068,IET6ab19bf02b0fe9.17083888,Uncovered Stands
0069,IET6ab19bf02b57c1.77610277,Uncovered Stands
0070,IET6ab1b14f0f5645.45396418,Uncovered Stands
0071,IET6ab1b14f0faab4.96347189,Uncovered Stands
0072,IET6ab1b14f100304.17283044,Uncovered Stands
0073,IET6ab284703ae3f0.95426794,Uncovered Stands
0074,IET6ab284703b40b9.82739466,Uncovered Stands
0075,IET6ab2e72e19cca1.66976208,Uncovered Stands
0076,IET6ab2e72e1a2843.57458523,Uncovered Stands
0077,IET6ab3cb6d585ef1.75905508,Uncovered Stands
0078,IET6ab3cb6d58b6f3.75866390,Uncovered Stands
0079,IET6ab47858c5a333.75048241,Uncovered Stands
0080,IET6ab56bc82debd1.63095534,Uncovered Stands
0081,IET6ab56bc82e5a96.04452104,Uncovered Stands
0082,IET6ab5b757428807.43141212,Uncovered Stands
0083,IET6ab5b75742d672.11707311,Uncovered Stands
0084,IET6ab6536174ffc1.78259173,Uncovered Stands
0085,IET6ab67dc631dc89.31875181,Uncovered Stands
0086,IET6ab67dc6322e45.15529994,Uncovered Stands
0087,IET6ab691d7ecaec1.66000061,Uncovered Stands
0088,IET6ab6aebd0df2d7.02522980,Uncovered Stands
0089,IET6ab6aebd0e4392.48181827,Uncovered Stands
0090,IET6ab6aebd0e8880.17551984,Uncovered Stands
0091,IET6ab6c3fe2cb8f2.20724275,Uncovered Stands
0092,IET6ab710571add23.96200847,Uncovered Stands
0093,IET6ab724596a6808.79306768,Uncovered Stands
0094,IET6ab724596ac456.84667228,Uncovered Stands
0095,IET6ab72d478da8f1.68476312,Uncovered Stands
0096,IET6ab731e1305a59.23524008,Uncovered Stands
0097,IET6ab7d76dec2723.14672440,Uncovered Stands
0098,IET6ab7d76dec7333.59258729,Uncovered Stands
0099,IET6ab7d76decb739.59205860,Uncovered Stands
0100,IET6ab7e5d7950b48.00272546,Uncovered Stands
0101,IET6ab7f01a412d46.43656805,Uncovered Stands
0102,IET6ab7f01a419e49.00556500,Uncovered Stands
0103,IET6ab7f01a41f590.57538632,Uncovered Stands
0104,IET6ab7f1e92e9ba9.83031894,Uncovered Stands
0105,IET6ab7f1e92efa79.99421842,Uncovered Stands
0106,IET6ab7f55ea17202.65142660,Uncovered Stands
0107,IET6ab7f55ea1c3c2.85102318,Uncovered Stands
0108,IET6ab7f55ea211c6.48368913,Uncovered Stands
0109,IET6ab80c1013e776.31096477,Uncovered Stands
0110,IET6ab80c10144778.28423077,Uncovered Stands
0111,IET6ab815e973c878.34430908,Uncovered Stands
0112,IET6ab815e9741af1.11897156,Uncovered Stands
0113,IET6ab816e9da20b9.29002810,Uncovered Stands
0114,IET6ab81cf0e518a9.15147935,Uncovered Stands
0115,IET6ab82c1b556c40.26508442,Uncovered Stands
0116,IET6ab82c1b55c290.61697792,Uncovered Stands
0117,IET6ab83045a27c30.50040241,Uncovered Stands
0118,IET6ab83045a2d2d5.85840058,Uncovered Stands
0119,IET6ab83045a32576.31448628,Uncovered Stands
0120,IET6ab830aa79f2f5.77598511,Uncovered Stands
0121,IET6ab8367f926889.40380618,Uncovered Stands
0122,IET6ab8367f92ba50.03152019,Uncovered Stands
0123,IET6ab839959dceb0.78260206,Uncovered Stands
0124,IET6ab839959e2723.56213560,Uncovered Stands
0125,IET6ab839959e6e35.40802284,Uncovered Stands
0126,IET6ab83c847b9ef9.74828183,Uncovered Stands
0127,IET6ab83c847beb66.15652952,Uncovered Stands
0128,IET6ab83c847c30e0.32957697,Uncovered Stands
0129,IET6ab854ba262aa9.56675116,Uncovered Stands
0130,IET6ab854ba267cb3.11638224,Uncovered Stands
0131,IET6ab85658e35c64.48971801,Uncovered Stands
0132,IET6ab85658e3b3e5.80377827,Uncovered Stands
0133,IET6ab85bcdddc293.64949034,Uncovered Stands
0134,IET6ab85e8b0e0cb8.96127166,Uncovered Stands
0135,IET6ab85e8b0e5c20.51483654,Uncovered Stands
0136,IET6ab85e8b0e9cc9.55500160,Uncovered Stands
0137,IET6ab86af80d8d69.30084759,Uncovered Stands
0138,IET6ab87076b4ba53.98789104,Uncovered Stands
0139,IET6ab8836439d156.35425238,Uncovered Stands
0140,IET6ab883643a67c7.96382718,Uncovered Stands
0141,IET6ab8969dafacc2.06259318,Uncovered Stands
0142,IET6ab8969db005a3.33068939,Uncovered Stands
0143,IET6ab8969db05370.55377106,Uncovered Stands
0144,IET6ab8fcad3d2208.64680152,Uncovered Stands
0145,IET6ab8fcad3d6fb3.89287993,Uncovered Stands
0146,IET6ab917bcf25135.83726870,Uncovered Stands
0147,IET6ab917bcf2a0d3.91999124,Uncovered Stands
0148,IET6ab917bcf2e794.29827016,Uncovered Stands
0149,IET6ab92339553674.66708458,Uncovered Stands
0150,IET6ab92f72e7e5e7.85873144,Uncovered Stands
0151,IET6ab92f72e85b00.81917914,Uncovered Stands
0152,IET6ab92f72e8b8b6.09889645,Uncovered Stands
0153,IET6ab93ace514112.87042665,Uncovered Stands
0154,IET6ab93ace519bf9.54291903,Uncovered Stands
0155,IET6ab93f967bec38.41067801,Uncovered Stands
0156,IET6ab941c3b1fec4.57365686,Uncovered Stands
0157,IET6ab941c3b25107.79764277,Uncovered Stands
0158,IET6ab94579d2bf48.79734080,Uncovered Stands
0159,IET6ab94fa4172fa6.07872170,Uncovered Stands
0160,IET6ab95326350078.28610447,Uncovered Stands
0161,IET6ab9581c199da0.17073680,Uncovered Stands
0162,IET6ab9582cd318a2.06490275,Uncovered Stands
0163,IET6ab9582cd3c487.66750182,Uncovered Stands
0164,IET6ab9583479b382.27162964,Uncovered Stands
0165,IET6ab9583479fb09.36700737,Uncovered Stands
0166,IET6ab958c3c12705.10089785,Uncovered Stands
0167,IET6ab95bf2dba903.40372484,Uncovered Stands
0168,IET6ab95bf2dbefc7.61969534,Uncovered Stands
0169,IET6ab95e5c8b7666.80699187,Uncovered Stands
0170,IET6ab95ebd22af48.73779438,Uncovered Stands
0171,IET6ab960fe738e16.36144169,Uncovered Stands
0172,IET6ab960fe73e849.00966962,Uncovered Stands
0173,IET6ab9626db47c98.23558895,Uncovered Stands
0174,IET6ab962f8c07451.07209556,Uncovered Stands
0175,IET6ab962f8c0cc06.79783231,Uncovered Stands
0176,IET6ab969831eb123.95868401,Uncovered Stands
0177,IET6ab969831f0c19.06778410,Uncovered Stands
0178,IET6ab96a254ec071.40533554,Uncovered Stands
0179,IET6ab96a254f0d54.83870745,Uncovered Stands
0180,IET6ab96c22391757.09744010,Uncovered Stands
0181,IET6ab96c22396632.26874475,Uncovered Stands
0182,IET6ab970df404a77.18456624,Uncovered Stands
0183,IET6ab97413381504.77421714,Uncovered Stands
0184,IET6ab9769f1dbeb1.05965890,Uncovered Stands
0185,IET6ab9769f1e18a2.24350968,Uncovered Stands
0186,IET6ab977a7809d78.83048507,Uncovered Stands
0187,IET6ab977a780f1e6.47186050,Uncovered Stands
0188,IET6ab97a28e64ad1.26263521,Uncovered Stands
0189,IET6ab97a28e69e10.14547850,Uncovered Stands
0190,IET6ab97d9038d9c0.16009835,Uncovered Stands
0191,IET6ab97f3c0051c9.11684474,Uncovered Stands
0192,IET6ab9848b569ed1.37075963,Uncovered Stands
0193,IET6ab984bbeda8e4.58435567,Uncovered Stands
0194,IET6ab9867b621533.08132020,Uncovered Stands
0195,IET6ab9867b6273a6.85257817,Uncovered Stands
0196,IET6ab987133bb808.24852502,Uncovered Stands
0197,IET6ab988a27ad899.33242585,Uncovered Stands
0198,IET6ab988a27b51c6.22988874,Uncovered Stands
0199,IET6ab988eeeec135.92057341,Uncovered Stands
