00001,53144926100001,275
00002,79804926100002,275
00003,80674926100003,275
00004,99894926100004,275
00005,83654926100005,275
00006,47444926100006,275
00007,22774926100007,275
00008,41164926100008,275
00009,79704926100009,275
00010,82274926100010,275
00011,51884926100011,275
00012,25484926100012,275
00013,24294926100013,275
00014,38374926100014,275
00015,26444926100015,275
00016,55664926100016,275
00017,94604926100017,275
00018,87354926100018,275
00019,22254926100019,275
00020,22474926100020,275
00021,83984926100021,275
00022,22294926100022,275
00023,80724926100023,275
00024,99754926100024,275
00025,16514926100025,275
00026,24094926100026,275
00027,69704926100027,275
00028,82124926100028,275
00029,63974926100029,275
00030,10474926100030,275
00031,16734926100031,275
00032,95084926100032,275
00033,35484926100033,275
00034,87284926100034,275
00035,14814926100035,275
00036,67724926100036,275
00037,59404926100037,275
00038,32504926100038,275
00039,60734926100039,275
00040,37844926100040,275
00041,27984926100041,275
00042,62534926100042,275
00043,95794926100043,275
00044,29604926100044,275
00045,54314926100045,275
00046,91224926100046,275
00047,69164926100047,275
00048,43714926100048,275
00049,51894926100049,275
00050,91204926100050,275
00051,23554926100051,275
00052,70074926100052,275
00053,56664926100053,275
00054,27794926100054,275
00055,23604926100055,275
00056,32944926100056,275
00057,31514926100057,275
00058,85444926100058,275
00059,16614926100059,275
00060,28554926100060,275
00061,53314926100061,275
00062,16624926100062,275
00063,75804926100063,275
00064,45314926100064,275
00065,72494926100065,275
00066,43204926100066,275
00067,36164926100067,275
00068,66434926100068,275
00069,55034926100069,275
00070,70404926100070,275
00071,52664926100071,275
00072,15114926100072,275
00073,56964926100073,275
00074,93174926100074,275
00075,11074926100075,275
00076,82154926100076,275
00077,51484926100077,275
00078,85124926100078,275
00079,41234926100079,275
00080,86174926100080,275
00081,48414926100081,275
00082,89884926100082,275
00083,62844926100083,275
00084,26214926100084,275
00085,56254926100085,275
00086,65054926100086,275
00087,73724926100087,275
00088,26884926100088,275
00089,66744926100089,275
00090,18594926100090,275
00091,10644926100091,275
00092,36084926100092,275
00093,61834926100093,275
00094,77724926100094,275
00095,82514926100095,275
00096,85104926100096,275
00097,43274926100097,275
00098,40354926100098,275
00099,46284926100099,275
00100,31324926100100,275
00101,84604926100101,275
00102,28964926100102,275
00103,35124926100103,275
00104,43294926100104,275
00105,45724926100105,275
00106,87014926100106,275
00107,59254926100107,275
00108,28494926100108,275
00109,29874926100109,275
00110,67884926100110,275
00111,69224926100111,275
00112,73384926100112,275
00113,53214926100113,275
00114,86214926100114,275
00115,41684926100115,275
00116,96174926100116,275
00117,96824926100117,275
00118,91864926100118,275
00119,87664926100119,275
00120,61884926100120,275
00121,91274926100121,275
00122,96324926100122,275
00123,43364926100123,275
00124,40034926100124,275
00125,13604926100125,275
00126,61594926100126,275
00127,73434926100127,275
00128,14814926100128,275
00129,96854926100129,275
00130,81564926100130,275
00131,36744926100131,275
00132,77704926100132,275
00133,72184926100133,275
00134,45994926100134,275
00135,44684926100135,275
00136,12704926100136,275
00137,53304926100137,275
00138,46874926100138,275
00139,51914926100139,275
00140,73884926100140,275
00141,93524926100141,275
00142,87314926100142,275
00143,99704926100143,275
00144,75644926100144,275
00145,35354926100145,275
00146,83004926100146,275
00147,41644926100147,275
00148,35304926100148,275
00149,12444926100149,275
00150,66064926100150,275
00151,11984926100151,275
00152,28274926100152,275
00153,74174926100153,275
00154,51494926100154,275
00155,16354926100155,275
00156,65714926100156,275
00157,12674926100157,275
00158,16044926100158,275
00159,85114926100159,275
00160,84704926100160,275
00161,22324926100161,275
00162,79634926100162,275
00163,89094926100163,275
00164,50904926100164,275
00165,31854926100165,275
00166,79304926100166,275
00167,27894926100167,275
00168,83634926100168,275
00169,48774926100169,275
00170,65544926100170,275
00171,70614926100171,275
00172,63674926100172,275
00173,76524926100173,275
00174,11234926100174,275
00175,79224926100175,275
00176,73274926100176,275
00177,53904926100177,275
00178,83064926100178,275
00179,54284926100179,275
00180,48894926100180,275
00181,87154926100181,275
00182,35454926100182,275
00183,63224926100183,275
00184,86344926100184,275
00185,74494926100185,275
00186,66874926100186,275
00187,11154926100187,275
00188,48444926100188,275
00189,73104926100189,275
00190,78874926100190,275
00191,64114926100191,275
00192,95134926100192,275
00193,58734926100193,275
00194,37394926100194,275
00195,14914926100195,275
00196,66214926100196,275
00197,67634926100197,275
00198,86714926100198,275
00199,21314926100199,275
00200,56434926100200,275
00201,91204926100201,275
00202,55844926100202,275
00203,16914926100203,275
00204,23164926100204,275
00205,82924926100205,275
00206,67444926100206,275
00207,44364926100207,275
00208,46574926100208,275
00209,77924926100209,275
00210,89214926100210,275
00211,71164926100211,275
00212,72264926100212,275
00213,65044926100213,275
00214,47834926100214,275
00215,97964926100215,275
00216,36434926100216,275
00217,61304926100217,275
00218,55304926100218,275
00219,19334926100219,275
00220,13524926100220,275
00221,28984926100221,275
00222,27924926100222,275
00223,47014926100223,275
00224,26394926100224,275
00225,85134926100225,275
00226,47644926100226,275
00227,75744926100227,275
00228,58964926100228,275
00229,13634926100229,275
00230,26034926100230,275
00231,61514926100231,275
00232,91374926100232,275
00233,59654926100233,275
00234,20594926100234,275
00235,62364926100235,275
00236,67664926100236,275
00237,36794926100237,275
00238,33774926100238,275
00239,31664926100239,275
00240,65864926100240,275
00241,76484926100241,275
00242,14274926100242,275
00243,83844926100243,275
00244,40724926100244,275
00245,50154926100245,275
00246,61024926100246,275
00247,62774926100247,275
00248,38834926100248,275
00249,93654926100249,275
00250,19584926100250,275
00251,32464926100251,275
00252,76264926100252,275
00253,74344926100253,275
00254,90974926100254,275
00255,70364926100255,275
00256,38794926100256,275
00257,70604926100257,275
00258,23204926100258,275
00259,83164926100259,275
00260,54464926100260,275
00261,63884926100261,275
00262,35064926100262,275
00263,95064926100263,275
00264,78804926100264,275
00265,13194926100265,275
00266,52604926100266,275
00267,18554926100267,275
00268,42494926100268,275
00269,42174926100269,275
00270,48014926100270,275
00271,77694926100271,275
00272,21464926100272,275
00273,18644926100273,275
00274,41034926100274,275
00275,83894926100275,275
00276,69584926100276,275
00277,56564926100277,275
00278,32854926100278,275
00279,84204926100279,275
00280,73854926100280,275
00281,50624926100281,275
00282,52514926100282,275
00283,42094926100283,275
00284,81994926100284,275
00285,43274926100285,275
00286,45864926100286,275
00287,80724926100287,275
00288,22654926100288,275
00289,74204926100289,275
00290,56874926100290,275
00291,28734926100291,275
00292,78014926100292,275
00293,52454926100293,275
00294,71624926100294,275
00295,68514926100295,275
00296,89014926100296,275
00297,10864926100297,275
00298,64674926100298,275
00299,57024926100299,275
00300,62954926100300,275
00301,23154926100301,275
00302,67994926100302,275
00303,39024926100303,275
00304,73654926100304,275
00305,53454926100305,275
00306,82314926100306,275
00307,62864926100307,275
00308,94154926100308,275
00309,98314926100309,275
00310,11114926100310,275
00311,18824926100311,275
00312,31824926100312,275
00313,81264926100313,275
00314,66934926100314,275
00315,39794926100315,275
00316,56024926100316,275
00317,39824926100317,275
00318,30394926100318,275
00319,24664926100319,275
00320,48274926100320,275
00321,65004926100321,275
00322,61474926100322,275
00323,84004926100323,275
00324,64944926100324,275
00325,83414926100325,275
00326,93524926100326,275
00327,18444926100327,275
00328,12324926100328,275
00329,21744926100329,275
00330,59644926100330,275
00331,79344926100331,275
00332,64364926100332,275
00333,83774926100333,275
00334,51524926100334,275
00335,42214926100335,275
00336,22794926100336,275
00337,59984926100337,275
00338,50944926100338,275
00339,12344926100339,275
00340,49764926100340,275
00341,99494926100341,275
00342,43624926100342,275
00343,83184926100343,275
00344,73044926100344,275
00345,64654926100345,275
00346,65644926100346,275
00347,17134926100347,275
00348,23654926100348,275
00349,78044926100349,275
00350,92364926100350,275
00351,28744926100351,275
00352,95984926100352,275
00353,12044926100353,275
00354,39824926100354,275
00355,60554926100355,275
00356,40554926100356,275
00357,80814926100357,275
00358,58594926100358,275
00359,71384926100359,275
00360,99034926100360,275
00361,14894926100361,275
00362,40304926100362,275
00363,77084926100363,275
00364,72034926100364,275
00365,58124926100365,275
00366,46414926100366,275
00367,33814926100367,275
00368,29164926100368,275
00369,97304926100369,275
00370,39714926100370,275
00371,13864926100371,275
00372,51714926100372,275
00373,74144926100373,275
00374,88184926100374,275
00375,43864926100375,275
00376,87834926100376,275
00377,59834926100377,275
00378,51454926100378,275
00379,55654926100379,275
00380,10204926100380,275
00381,82014926100381,275
00382,99614926100382,275
00383,39514926100383,275
00384,56094926100384,275
00385,64404926100385,275
00386,84714926100386,275
00387,39934926100387,275
00388,30164926100388,275
00389,58734926100389,275
00390,14634926100390,275
00391,83924926100391,275
00392,59484926100392,275
00393,49364926100393,275
00394,99464926100394,275
00395,41794926100395,275
00396,21294926100396,275
00397,50234926100397,275
00398,10474926100398,275
00399,50404926100399,275
00400,73084926100400,275
00401,44464926100401,275
00402,51444926100402,275
00403,58994926100403,275
00404,35314926100404,275
00405,36344926100405,275
00406,12644926100406,275
00407,27414926100407,275
00408,56504926100408,275
00409,35874926100409,275
00410,27184926100410,275
00411,56944926100411,275
00412,40974926100412,275
00413,65794926100413,275
00414,99934926100414,275
00415,93554926100415,275
00416,88904926100416,275
00417,11144926100417,275
00418,18994926100418,275
00419,13724926100419,275
00420,59074926100420,275
00421,31234926100421,275
00422,99444926100422,275
00423,92624926100423,275
00424,53954926100424,275
00425,94234926100425,275
00426,59954926100426,275
00427,55044926100427,275
00428,27424926100428,275
00429,74194926100429,275
00430,81514926100430,275
00431,38544926100431,275
00432,44864926100432,275
00433,50544926100433,275
00434,88944926100434,275
00435,49304926100435,275
00436,25874926100436,275
00437,90144926100437,275
00438,44774926100438,275
00439,70394926100439,275
00440,49374926100440,275
00441,51834926100441,275
00442,85624926100442,275
00443,12544926100443,275
00444,51294926100444,275
00445,43444926100445,275
00446,51154926100446,275
00447,47424926100447,275
00448,84734926100448,275
00449,91304926100449,275
00450,25434926100450,275
00451,63454926100451,275
00452,62614926100452,275
00453,12354926100453,275
00454,90854926100454,275
00455,44044926100455,275
00456,62784926100456,275
00457,28564926100457,275
00458,14574926100458,275
00459,18394926100459,275
00460,25764926100460,275
00461,54044926100461,275
00462,37354926100462,275
00463,34784926100463,275
00464,14834926100464,275
00465,84584926100465,275
00466,65044926100466,275
00467,66354926100467,275
00468,48714926100468,275
00469,69604926100469,275
00470,52414926100470,275
00471,29384926100471,275
00472,46734926100472,275
00473,76784926100473,275
00474,49624926100474,275
00475,94024926100475,275
00476,66474926100476,275
00477,29024926100477,275
00478,91074926100478,275
00479,27684926100479,275
00480,23914926100480,275
00481,93984926100481,275
00482,16874926100482,275
00483,90714926100483,275
00484,66084926100484,275
00485,16184926100485,275
00486,36674926100486,275
00487,64734926100487,275
00488,66264926100488,275
00489,91404926100489,275
00490,56134926100490,275
00491,13404926100491,275
00492,41604926100492,275
00493,93864926100493,275
00494,15814926100494,275
00495,75694926100495,275
00496,53274926100496,275
00497,25664926100497,275
00498,72534926100498,275
00499,11724926100499,275
00500,39144926100500,275
00501,78804926100501,275
00502,83364926100502,275
00503,30924926100503,275
00504,28924926100504,275
00505,79784926100505,275
00506,11974926100506,275
00507,22954926100507,275
00508,21824926100508,275
00509,36594926100509,275
00510,87514926100510,275
00511,70894926100511,275
00512,66714926100512,275
00513,78224926100513,275
00514,86114926100514,275
00515,87054926100515,275
00516,94794926100516,275
00517,56754926100517,275
00518,74704926100518,275
00519,11274926100519,275
00520,44724926100520,275
00521,71824926100521,275
00522,97454926100522,275
00523,31634926100523,275
00524,10284926100524,275
00525,27714926100525,275
00526,64684926100526,275
00527,17854926100527,275
00528,50524926100528,275
00529,22834926100529,275
00530,24234926100530,275
00531,56934926100531,275
00532,22484926100532,275
00533,41794926100533,275
00534,95434926100534,275
00535,21594926100535,275
00536,66234926100536,275
00537,29904926100537,275
00538,65474926100538,275
00539,60884926100539,275
00540,32654926100540,275
00541,80224926100541,275
00542,88274926100542,275
00543,33624926100543,275
00544,13494926100544,275
00545,13104926100545,275
00546,55984926100546,275
00547,44054926100547,275
00548,84074926100548,275
00549,58164926100549,275
00550,72774926100550,275
00551,10214926200551,Guest
00552,68474926200552,Guest
00553,28904926200553,Guest
00554,51354926200554,Guest
00555,64654926200555,Guest
00556,47094926200556,Guest
00557,49644926200557,Guest
00558,51794926200558,Guest
00559,77784926200559,Guest
00560,76884926200560,Guest
00561,45164926200561,Guest
00562,12964926200562,Guest
00563,13594926200563,Guest
00564,24034926200564,Guest
00565,62634926200565,Guest
00566,46454926200566,Guest
00567,37944926200567,Guest
00568,48984926200568,Guest
00569,76184926200569,Guest
00570,32964926200570,Guest
00571,19394926200571,Guest
00572,34274926200572,Guest
00573,83974926200573,Guest
00574,51184926200574,Guest
00575,42424926200575,Guest
00576,24534926200576,Guest
00577,47664926200577,Guest
00578,19284926200578,Guest
00579,43254926200579,Guest
00580,59224926200580,Guest
00581,34454926200581,Guest
00582,78684926200582,Guest
00583,98114926200583,Guest
00584,27814926200584,Guest
00585,21674926200585,Guest
00586,10634926200586,Guest
00587,14034926200587,Guest
00588,87344926200588,Guest
00589,83724926200589,Guest
00590,24954926200590,Guest
00591,22094926200591,Guest
00592,22684926200592,Guest
00593,61714926200593,Guest
00594,41524926200594,Guest
00595,53234926200595,Guest
00596,69104926200596,Guest
00597,65384926200597,Guest
00598,74214926200598,Guest
00599,26554926200599,Guest
00600,47494926200600,Guest
00601,TK6a8c43484c2130.56396422,Comps
00602,TK6a8c434890fd75.80085072,Comps
00603,TK6a8c4348c0c8f3.04867301,Comps
00604,TK6a8c4348efce62.93419576,Comps
00605,TK6a8c4349251c16.12461567,Comps
00606,TK6a8c43494e67e8.06450981,Comps
00607,TK6a8c4349773250.36720673,Comps
00608,TK6a8c43499fddc0.83851014,Comps
00609,TK6a8c4349c954d5.84974376,Comps
00610,TK6a8c4349f382c2.74453109,Comps
00611,TK6a8c434a29ce85.22783145,Comps
00612,TK6a8c434a55d431.25543559,Comps
00613,TK6a8c434a80e318.21253637,Comps
00614,TK6a8c434aabb307.30053931,Comps
00615,TK6a8c434ad67937.46999538,Comps
00616,TK6a8c434b0c0572.82978150,Comps
00617,TK6a8c434b36eb73.15436905,Comps
00618,TK6a8c434b614986.41641187,Comps
00619,TK6a8c434b8b6b38.45246682,Comps
00620,TK6a8c434bbcfd01.19216989,Comps
00621,TK6a8c434bee0104.98323518,Comps
00622,TK6a8c434c293033.41703895,Comps
00623,TK6a8c434c596631.95955502,Comps
00624,TK6a8c434c890004.89157437,Comps
00625,TK6a8c434cb9dff7.82731103,Comps
00626,TK6a8c434ceac645.65027235,Comps
00627,TK6a8c434d265cf9.03809601,Comps
00628,TK6a8c434d574f27.44261781,Comps
00629,TK6a8c434d87e118.10273634,Comps
00630,TK6a8c434db79e46.45605488,Comps
00631,TK6a8c4356275336.63015252,Comps
00632,TK6a8c435657d862.69882496,Comps
00633,TK6a8c4356890593.45325491,Comps
00634,TK6a8c4356b96511.43318288,Comps
00635,TK6a8c4356e93999.99451291,Comps
00636,TK6a8c435725e7a2.96366684,Comps
00637,TK6a8c435756d7f5.24222241,Comps
00638,TK6a8c4357870ab1.05115814,Comps
00639,TK6a8c4357b75e30.10903916,Comps
00640,TK6a8c4357e77054.36529902,Comps
00641,TK6a8c4358245c60.60285154,Comps
00642,TK6a8c435855f6b0.25892101,Comps
00643,TK6a8c43588563b5.17753139,Comps
00644,TK6a8c4358b58d77.76395862,Comps
00645,TK6a8c4358e62573.19720921,Comps
00646,TK6a8c43591e98f9.52328919,Comps
00647,TK6a8c43594840c5.69928696,Comps
00648,TK6a8c435973dc49.62674762,Comps
00649,TK6a8c43599d0f26.28706945,Comps
00650,TK6a8c4359c67956.84828330,Comps
00651,TK6a95bf2b49b8c1.36490984,Comps
00652,TK6a95bf2b8e9807.91298307,Comps
00653,TK6a95bf2bbfdb51.03195050,Comps
00654,TK6a95bf2bf01f06.24785437,Comps
00655,TK6a95bf2c2d1ff1.53915744,Comps
00656,TK6a95bf2c5f27c0.07019771,Comps
00657,TK6a95bf2c8f3bf3.56318247,Comps
00658,TK6a95bf2cbec573.71132624,Comps
00659,TK6a95bf2ceef468.09532621,Comps
00660,TK6a95bf2d2e10a1.00973600,Comps
00661,IET6a67ae37a17d03.04377065,Inhale2026
00662,IET6a67ae37a1d046.32866074,Inhale2026
00663,IET6a6e583825cbe3.48699867,Inhale2026
00664,IET6a6e5838262424.89634313,Inhale2026
00665,IET6a7239818ec7a7.04950877,Inhale2026
00666,IET6a7239818f1aa4.88478283,Inhale2026
00667,IET6a7239818f5e80.31648729,Inhale2026
00668,IET6a74c446ea51d4.29137206,Inhale2026
00669,IET6a74c446eaa779.57698712,Inhale2026
00670,IET6a7e577fdb1261.54672629,Inhale2026
00671,IET6a7e577fdb66d1.31835603,Inhale2026
00672,IET6a8e1fcb9228d8.88135093,Inhale2026
00673,IET6a8e2b593dd002.66777741,Inhale2026
00674,IET6a8f2fa0e64810.14459093,Inhale2026
00675,IET6a8f2fa0e6b046.00258210,Inhale2026
00676,IET6a8f49fa7a75e0.30072040,Inhale2026
00677,IET6a8f7d17579f96.50921749,Inhale2026
00678,IET6a8f7d1757ee48.54513241,Inhale2026
00679,IET6a8f7d17583917.72358619,Inhale2026
00680,IET6a8f7d175888d3.83482637,Inhale2026
00681,IET6a9056c55fb412.69663012,Inhale2026
00682,IET6a9056c56023d8.03957551,Inhale2026
00683,IET6a9238a3c9e544.37622602,Inhale2026
00684,IET6a9238a3cb3d85.36681125,Inhale2026
00685,IET6a9238a3cb87f5.60332398,Inhale2026
00686,IET6a92a2c348abc2.02217169,Inhale2026
00687,IET6a92a2c34914e0.38497451,Inhale2026
00688,IET6a92e66503cc24.11685405,Inhale2026
00689,IET6a92e6650427f5.91709448,Inhale2026
00690,IET6a93048c8875e5.85896350,Inhale2026
00691,IET6a93048c88c641.19166192,Inhale2026
00692,IET6a9394e914da39.98898288,Inhale2026
00693,IET6a9394e9152ba7.10495073,Inhale2026
00694,IET6a9394e91570d0.45238651,Inhale2026
00695,IET6a9433a6cff6e7.31550501,Inhale2026
00696,IET6a9433a6d04654.51884712,Inhale2026
00697,IET6a9433a6d08f80.80102098,Inhale2026
00698,IET6a946a34afda91.90057100,Inhale2026
00699,IET6a946a34b03310.39046398,Inhale2026
00700,IET6a946a34b07cd0.01095352,Inhale2026
00701,IET6a9484bd62ea28.03798029,Inhale2026
00702,IET6a9490251f3c39.60351273,Inhale2026
00703,IET6a94a0a1af2146.23398000,Inhale2026
00704,IET6a94a0a1af8cf8.88914118,Inhale2026
00705,IET6a94a742b61548.46817658,Inhale2026
00706,IET6a94b166b438a9.66977124,Inhale2026
00707,IET6a953a0aa7b167.32067729,Inhale2026
00708,IET6a957d67b837a0.40063612,Inhale2026
00709,IET6a957d67b8af97.98934615,Inhale2026
00710,IET6a958f1c343243.12966861,Inhale2026
00711,IET6a958f1c347986.09187643,Inhale2026
00712,IET6a959744588d50.90649170,Inhale2026
00713,IET6a95974458dc10.18520177,Inhale2026
00714,IET6a95a03137e250.96205010,Inhale2026
00715,IET6a95a031383515.21665173,Inhale2026
00716,IET6a95ad178668d9.91124963,Inhale2026
00717,IET6a95be8951a029.98208360,Inhale2026
00718,IET6a95be8951f136.05548483,Inhale2026
00719,IET6a95c33a6f5bb8.16296214,Inhale2026
00720,IET6a95d1e5cc66e1.72813410,Inhale2026
