0001,0001978716894795,$150.00
0002,0002479546939465,$150.00
0003,0003898381547951,$150.00
0004,0004274864795745,$150.00
0005,0005547958002672,$150.00
0006,0006814157247958,$150.00
0007,0007856110244795,$150.00
0008,0008323654795480,$150.00
0009,0009479543228501,$150.00
0010,0010479514431458,$150.00
0011,0011620827747953,$150.00
0012,0012479537921949,$150.00
0013,0013247952138756,$150.00
0014,0014779571804795,$150.00
0015,0015948184795133,$150.00
0016,0016126484795326,$150.00
0017,0017747959872770,$150.00
0018,0018037184795096,$150.00
0019,0019190347953258,$150.00
0020,0020497641774795,$150.00
0021,0021454795850570,$150.00
0022,0022084795684679,$150.00
0023,0023793747955001,$150.00
0024,0024368127447950,$150.00
0025,0025621836479543,$150.00
0026,0026447957693771,$150.00
0027,0027355647951859,$150.00
0028,0028647950644380,$150.00
0029,0029200364347957,$150.00
0030,0030971247958503,$150.00
0031,0031851479596013,$150.00
0032,0032064795028856,$150.00
0033,0033479511984267,$150.00
0034,0034595214795780,$150.00
0035,0035161479509087,$150.00
0036,0036114795357532,$150.00
0037,0037954795809191,$150.00
0038,0038694566547957,$150.00
0039,0039204600974795,$150.00
0040,0040028874795012,$150.00
0041,0041479543473477,$150.00
0042,0042875047950457,$150.00
0043,0043942047958964,$150.00
0044,0044563247958989,$150.00
0045,0045381390247958,$150.00
0046,0046060147952758,$150.00
0047,0047582975747954,$150.00
0048,0048476040479593,$150.00
0049,0049747959739011,$150.00
0050,0050479550373032,$150.00
0051,0051392624795924,$150.00
0052,0052554795254749,$150.00
0053,0053430211479547,$150.00
0054,0054064795935959,$150.00
0055,0055670828647958,$150.00
0056,0056479503234115,$150.00
0057,0057497996479541,$150.00
0058,0058325861447953,$150.00
0059,0059443040047950,$150.00
0060,0060008605647956,$150.00
0061,0061066580794795,$150.00
0062,0062094795562024,$150.00
0063,0063492884795997,$150.00
0064,0064680554795013,$150.00
0065,0065054795179615,$150.00
0066,0066654795387032,$150.00
0067,0067137479596578,$150.00
0068,0068479518569952,$150.00
0069,0069880147957877,$150.00
0070,0070647513244795,$150.00
0071,0071716964347951,$150.00
0072,0072079585479585,$150.00
0073,0073482547953376,$150.00
0074,0074247951698209,$150.00
0075,0075974004479594,$150.00
0076,0076090986147956,$150.00
0077,0077479521155325,$150.00
0078,0078927011479591,$150.00
0079,0079359847955895,$150.00
0080,0080047959764026,$150.00
0081,0081111479507678,$150.00
0082,0082770130147951,$150.00
0083,0083525728634795,$150.00
0084,0084479558967566,$150.00
0085,0085821734795731,$150.00
0086,0086205934254795,$150.00
0087,0087347957161136,$150.00
0088,0088479512437485,$150.00
0089,0089288127479573,$150.00
0090,0090198847953939,$150.00
0091,0091925426634795,$150.00
0092,0092024795893696,$150.00
0093,0093992479519951,$150.00
0094,0094221370479583,$150.00
0095,0095382104795125,$150.00
0096,0096198479555736,$150.00
0097,0097940119479537,$150.00
0098,0098191674795323,$150.00
0099,0099347958417831,$150.00
0100,0100851071604795,$150.00
0101,0101884479556449,lost
0102,0102854364354795,lost
0103,0103415712479515,lost
0104,0104547950113607,lost
0105,0105330434795200,lost
0106,0106805647953857,lost
0107,0107147958598498,lost
0108,0108628314795375,lost
0109,0109629347957176,lost
0110,0110414304795856,lost
0111,0111482479535756,$150.00
0112,0112947950465905,$150.00
0113,0113923507454795,$150.00
0114,0114285278479554,$150.00
0115,0115176501747951,$150.00
0116,0116130479597693,$150.00
0117,0117320479527898,$150.00
0118,0118479570784462,$150.00
0119,0119534795058575,$150.00
0120,0120847954940049,$150.00
0121,0121266397224795,$150.00
0122,0122423428479581,$150.00
0123,0123378479567852,$150.00
0124,0124624795537846,$150.00
0125,0125706415114795,$150.00
0126,0126534510747958,$150.00
0127,0127333479536288,$150.00
0128,0128680547134795,$150.00
0129,0129758874795205,$150.00
0130,0130744795642493,$150.00
0131,0131047958662381,$150.00
0132,0132080547952309,$150.00
0133,0133841647958234,$150.00
0134,0134347950006246,$150.00
0135,0135131547950001,$150.00
0136,0136819479502958,$150.00
0137,0137553114795142,$150.00
0138,0138479537177111,$150.00
0139,0139840812614795,$150.00
0140,0140119222247951,$150.00
0141,0141116060347958,$150.00
0142,0142647954324239,$150.00
0143,0143702147951036,$150.00
0144,0144612354594795,$150.00
0145,0145366771144795,$150.00
0146,0146598664734795,$150.00
0147,0147412274795383,$150.00
0148,0148185464847953,$150.00
0149,0149455050447957,$150.00
0150,0150449324479549,$150.00
0151,0151264795726946,$150.00
0152,0152404047950806,$150.00
0153,0153485364795781,$150.00
0154,0154978260247950,$150.00
0155,0155070479585062,$150.00
0156,0156480479565159,$150.00
0157,0157947950877605,$150.00
0158,0158025474479564,$150.00
0159,0159597011479537,$150.00
0160,0160691147951545,$150.00
0161,0161479581045322,$150.00
0162,0162857734795266,$150.00
0163,0163812402347952,$150.00
0164,0164543176479533,$150.00
0165,0165289659479500,$150.00
0166,0166006747956135,$150.00
0167,0167797777547959,$150.00
0168,0168120647953266,$150.00
0169,0169176447953195,$150.00
0170,0170070479500024,$150.00
0171,0171557674795128,$150.00
0172,0172247954252317,$150.00
0173,0173480734795549,$150.00
0174,0174497994795718,$150.00
0175,0175930684795578,$150.00
0176,0176479545721056,$150.00
0177,0177696324795079,$150.00
0178,0178124795480729,$150.00
0179,0179929715479505,$150.00
0180,0180447950496891,$150.00
0181,0181896388479546,$150.00
0182,0182447951344741,$150.00
0183,0183204190147958,$150.00
0184,0184324547955365,$150.00
0185,0185181719447951,$150.00
0186,0186971147953169,$150.00
0187,0187305047957531,$150.00
0188,0188352894795889,$150.00
0189,0189386374647952,$150.00
0190,0190794795811749,$150.00
0191,0191675774795641,$150.00
0192,0192234795754950,$150.00
0193,0193394795100470,$150.00
0194,0194064795238761,$150.00
0195,0195958604795701,$150.00
0196,0196204795176118,$150.00
0197,0197997947958094,$150.00
0198,0198035736947957,$150.00
0199,0199223960494795,$150.00
0200,0200857421314795,$150.00
0201,0201260254795231,$150.00
0202,0202750024164795,$150.00
0203,0203570447956496,$150.00
0204,0204779147955898,$150.00
0205,0205251914795238,$150.00
0206,0206969498479558,$150.00
0207,0207208489479550,$150.00
0208,0208415847953627,$150.00
0209,0209479586524322,$150.00
0210,0210647951460614,$150.00
0211,0211085020479542,$150.00
0212,0212748479532070,$150.00
0213,0213371479559823,$150.00
0214,0214479571134755,$150.00
0215,0215479568280763,$150.00
0216,0216713479532226,$150.00
0217,0217426402947957,$150.00
0218,0218047955955258,$150.00
0219,0219647953121561,$150.00
0220,0220903820479581,$150.00
0221,0221451479543721,$150.00
0222,0222515791479579,$150.00
0223,0223618014624795,$150.00
0224,0224702215479518,$150.00
0225,0225344795310553,$150.00
0226,0226917708479522,$150.00
0227,0227870113479503,$150.00
0228,0228479571321186,$150.00
0229,0229375699479525,$150.00
0230,0230471047950090,$150.00
0231,0231561747952732,$150.00
0232,0232227682447952,$150.00
0233,0233082154654795,$150.00
0234,0234630479553200,$150.00
0235,0235347959827498,$150.00
0236,0236469947954027,$150.00
0237,0237206847951540,$150.00
0238,0238242004795846,$150.00
0239,0239247071479544,$150.00
0240,0240030364795678,$150.00
0241,0241129047958236,$150.00
0242,0242479542375070,$150.00
0243,0243175371479539,$150.00
0244,0244479577654375,$150.00
0245,0245470884247955,$150.00
0246,0246437179347958,$150.00
0247,0247234856479531,$150.00
0248,0248807479591107,$150.00
0249,0249565294795621,$150.00
0250,0250770247951200,$150.00
0251,0251555464795380,$150.00
0252,0252202479557908,$150.00
0253,0253029379479528,$150.00
0254,0254799552447950,$150.00
0255,0255449343479579,$150.00
0256,0256443699564795,$150.00
0257,0257912479560744,$150.00
0258,0258932774795368,$150.00
0259,0259964121447952,$150.00
0260,0260069457479502,$150.00
0261,0261240193479560,$150.00
0262,0262234795603819,$150.00
0263,0263424647957687,$150.00
0264,0264434847958228,$150.00
0265,0265665987479577,$150.00
0266,0266674795715327,$150.00
0267,0267387004324795,$150.00
0268,0268283919584795,$150.00
0269,0269856650247956,$150.00
0270,0270214795888169,$150.00
0271,0271080094795899,$150.00
0272,0272518208847951,$150.00
0273,0273479574171604,$150.00
0274,0274270678479538,$150.00
0275,0275666479558272,$150.00
0276,0276347956957750,$150.00
0277,0277802647957291,$150.00
0278,0278647955419685,$150.00
0279,0279970777147951,$150.00
0280,0280002688847957,$150.00
0281,0281553847955136,lost
0282,0282763829554795,lost
0283,0283232747952292,lost
0284,0284801479587605,lost
0285,0285784795240621,lost
0286,0286103663294795,lost
0287,0287088324795242,lost
0288,0288754479526875,lost
0289,0289451384795955,lost
0290,0290684795300233,lost
0291,0291479560852455,$150.00
0292,0292479569240029,$150.00
0293,0293393647951728,$150.00
0294,0294494795258322,$150.00
0295,0295842175754795,$150.00
0296,0296914795541768,$150.00
0297,0297347957361342,$150.00
0298,0298999466194795,$150.00
0299,0299947952202521,$150.00
0300,0300690097479536,$150.00
0301,0301909479573212,$150.00
0302,0302070981844795,$150.00
0303,0303479555787796,$150.00
0304,0304174795402974,$150.00
0305,0305656906347958,$150.00
0306,0306523479505029,$150.00
0307,0307944624864795,$150.00
0308,0308274795713469,$150.00
0309,0309247957609867,$150.00
0310,0310174795446365,$150.00
0311,0311624795391654,$150.00
0312,0312479561281876,$150.00
0313,0313642147955904,$150.00
0314,0314479536409335,$150.00
0315,0315250085124795,$150.00
0316,0316698644795335,$150.00
0317,0317138853447958,$150.00
0318,0318850169047952,$150.00
0319,0319158397479533,$150.00
0320,0320847954120964,$150.00
0321,0321934795409159,$150.00
0322,0322589479510337,$150.00
0323,0323479546840656,$150.00
0324,0324589902047953,$150.00
0325,0325133479554665,$150.00
0326,0326053047951014,$150.00
0327,0327747747955156,$150.00
0328,0328874747954460,$150.00
0329,0329154795071181,$150.00
0330,0330479525418086,$150.00
0331,0331494795203281,$150.00
0332,0332773914795625,$150.00
0333,0333144397479555,$150.00
0334,0334612479564386,$150.00
0335,0335647957005885,$150.00
0336,0336134795390435,$150.00
0337,0337479522641202,$150.00
0338,0338799703847956,$150.00
0339,0339477890874795,$150.00
0340,0340247958235756,$150.00
0341,0341280479543682,$150.00
0342,0342184795912353,$150.00
0343,0343233002247951,$150.00
0344,0344774795308992,$150.00
0345,0345997850247958,$150.00
0346,0346214795241353,$150.00
0347,0347995547952476,$150.00
0348,0348325721479543,$150.00
0349,0349479509591538,$150.00
0350,0350832203479547,$150.00
0351,0351800087947951,$150.00
0352,0352959298479531,$150.00
0353,0353686479541548,$150.00
0354,0354288747958612,$150.00
0355,0355547952085832,$150.00
0356,0356492975964795,$150.00
0357,0357564795702520,$150.00
0358,0358479518255364,$150.00
0359,0359061479506301,$150.00
0360,0360534795614035,$150.00
0361,0361270479514169,$150.00
0362,0362147958090571,$150.00
0363,0363362237479538,$150.00
0364,0364074795980779,$150.00
0365,0365191747952085,$150.00
0366,0366126930447952,$150.00
0367,0367171197447957,$150.00
0368,0368479591152185,$150.00
0369,0369598104147958,$150.00
0370,0370437479512810,$150.00
0371,0371550974795488,$150.00
0372,0372242965747955,$150.00
0373,0373435022947954,$150.00
0374,0374574342454795,$150.00
0375,0375623684795282,$150.00
0376,0376881577479525,$150.00
0377,0377643714795382,$150.00
0378,0378954795579769,$150.00
0379,0379734254795279,$150.00
0380,0380762224795393,$150.00
0381,0381964924795737,$150.00
0382,0382212047955940,$150.00
0383,0383946040164795,$150.00
0384,0384347957350285,$150.00
0385,0385547956030117,$150.00
0386,0386137420994795,$150.00
0387,0387552865479536,$150.00
0388,0388479518244044,$150.00
0389,0389997469347951,$150.00
0390,0390891176364795,$150.00
0391,0391647952443880,$150.00
0392,0392398111804795,$150.00
0393,0393877747957487,$150.00
0394,0394034449479506,$150.00
0395,0395138603947956,$150.00
0396,0396561447958131,$150.00
0397,0397459479525639,$150.00
0398,0398484795409740,$150.00
0399,0399091713314795,$150.00
0400,0400479561325522,$150.00
0401,0401623479575340,$150.00
0402,0402293114479562,$150.00
0403,0403741264795907,$150.00
0404,0404818982894795,$150.00
0405,0405734795928120,$150.00
0406,0406531347955209,$150.00
0407,0407814795319417,$150.00
0408,0408160868479573,$150.00
0409,0409847956360987,$150.00
0410,0410930647953575,$150.00
0411,0411033033479537,$150.00
0412,0412778998294795,$150.00
0413,0413479553328575,$150.00
0414,0414047951484376,$150.00
0415,0415316603594795,$150.00
0416,0416430627264795,$150.00
0417,0417930528479556,$150.00
0418,0418954147954491,$150.00
0419,0419747954833855,$150.00
0420,0420479534825809,$150.00
0421,0421009947956545,$150.00
0422,0422974795302228,$150.00
0423,0423479534070443,$150.00
0424,0424494014964795,$150.00
0425,0425015171494795,$150.00
0426,0426434795529201,$150.00
0427,0427479505923262,$150.00
0428,0428947951879156,$150.00
0429,0429479581600064,$150.00
0430,0430700294795865,$150.00
0431,0431244795235229,$150.00
0432,0432755247957544,$150.00
0433,0433877029947959,$150.00
0434,0434597479538953,$150.00
0435,0435247953655668,$150.00
0436,0436984795125834,$150.00
0437,0437547957021929,$150.00
0438,0438142328014795,$150.00
0439,0439637286664795,$150.00
0440,0440827324795956,$150.00
0441,0441881479529818,$150.00
0442,0442795647954722,$150.00
0443,0443479510918964,$150.00
0444,0444936754795004,$150.00
0445,0445647952001517,$150.00
0446,0446390656044795,$150.00
0447,0447034524479561,$150.00
0448,0448544795382053,$150.00
0449,0449944795275850,$150.00
0450,0450006234795758,$150.00
0451,0451577440247954,$150.00
0452,0452910214795237,$150.00
0453,0453479562506790,$150.00
0454,0454601456947956,$150.00
0455,0455279129479571,$150.00
0456,0456139479543591,$150.00
0457,0457949104795016,$150.00
0458,0458029479515208,$150.00
0459,0459629017647950,$150.00
0460,0460479599055898,$150.00
0461,0461847959167898,$150.00
0462,0462956576744795,$150.00
0463,0463666474804795,$150.00
0464,0464261147957553,$150.00
0465,0465284795477248,$150.00
0466,0466096332147957,$150.00
0467,0467791939479566,$150.00
0468,0468201684795583,$150.00
0469,0469579479534128,$150.00
0470,0470214795020437,$150.00
0471,0471014247959610,$150.00
0472,0472395334795663,$150.00
0473,0473682351479556,$150.00
0474,0474868520447952,$150.00
0475,0475479579848297,$150.00
0476,0476294479562074,$150.00
0477,0477616647953183,$150.00
0478,0478072615479519,$150.00
0479,0479847953922121,$150.00
0480,0480728479558775,$150.00
0481,0481757940014795,$150.00
0482,0482913418479503,$150.00
0483,0483414795528548,$150.00
0484,0484760354795291,$150.00
0485,0485354795275014,$150.00
0486,0486988512274795,$150.00
0487,0487024795242134,$150.00
0488,0488620447954074,$150.00
0489,0489912624934795,$150.00
0490,0490155747954840,$150.00
0491,0491106144795216,$150.00
0492,0492459993147951,$150.00
0493,0493395479509680,$150.00
0494,0494145479508664,$150.00
0495,0495174594795664,$150.00
0496,0496647347951465,$150.00
0497,0497927773914795,$150.00
0498,0498127764795373,$150.00
0499,0499303594795137,$150.00
0500,0500638224795480,$150.00
0501,0501524479588284,$150.00
0502,0502928444795474,$150.00
0503,0503897961479519,$150.00
0504,0504479587138712,$150.00
0505,0505479549983805,$150.00
0506,0506479598796548,$150.00
0507,0507994795701620,$150.00
0508,0508323449014795,$150.00
0509,0509439268479520,$150.00
0510,0510214094795288,$150.00
0511,0511747954425290,$150.00
0512,0512381284795590,$150.00
0513,0513502775924795,$150.00
0514,0514320547957656,$150.00
0515,0515748654447952,$150.00
0516,0516377511479515,$150.00
0517,0517770574795065,$150.00
0518,0518896479536517,$150.00
0519,0519822047956772,$150.00
0520,0520490727479535,$150.00
0521,0521989302824795,$150.00
0522,0522561479565137,$150.00
0523,0523196514795935,$150.00
0524,0524173479564959,$150.00
0525,0525705479577767,$150.00
0526,0526350181914795,$150.00
0527,0527617347957543,$150.00
0528,0528218196647951,$150.00
0529,0529222782214795,$150.00
0530,0530447953838064,$150.00
0531,0531748479531496,$150.00
0532,0532754795379870,$150.00
0533,0533479502505827,$150.00
0534,0534360992947959,$150.00
0535,0535987624795043,$150.00
0536,0536684795074794,$150.00
0537,0537486409479556,$150.00
0538,0538409594795979,$150.00
0539,0539479528298489,$150.00
0540,0540147959303821,$150.00
0541,0541579204795376,$150.00
0542,0542938047953207,$150.00
0543,0543691054479548,$150.00
0544,0544834795839108,$150.00
0545,0545354795999226,$150.00
0546,0546688479502050,$150.00
0547,0547843742334795,$150.00
0548,0548792620747953,$150.00
0549,0549518623647951,$150.00
0550,0550439479516714,$150.00
0551,0551314795056585,$150.00
0552,0552656479565272,$150.00
0553,0553103014479565,$150.00
0554,0554584795558701,$150.00
0555,0555956479520032,$150.00
0556,0556905647953676,$150.00
0557,0557931929479576,$150.00
0558,0558674734795762,$150.00
0559,0559047950713086,$150.00
0560,0560181064795969,$150.00
0561,0561150547958940,$150.00
0562,0562454795868301,$150.00
0563,0563004479530249,$150.00
0564,0564524795511726,$150.00
0565,0565790164047952,$150.00
0566,0566479542702378,$150.00
0567,0567479541691063,$150.00
0568,0568054795798306,$150.00
0569,0569708944479594,$150.00
0570,0570479596398358,$150.00
0571,0571130278479588,$150.00
0572,0572365420047956,$150.00
0573,0573634974795079,$150.00
0574,0574208694795034,$150.00
0575,0575300364795646,$150.00
0576,0576212104795129,$150.00
0577,0577354795337475,$150.00
0578,0578422660264795,$150.00
0579,0579396630244795,$150.00
0580,0580505590479500,$150.00
0581,0581364324795379,$150.00
0582,0582798054147952,$150.00
0583,0583618364795404,$150.00
0584,0584523547950214,$150.00
0585,0585839424795036,$150.00
0586,0586864158934795,$150.00
0587,0587062479530933,$150.00
0588,0588423886264795,$150.00
0589,0589447950287656,$150.00
0590,0590990479517733,$150.00
0591,0591276628447953,$150.00
0592,0592747958942078,$150.00
0593,0593868024479520,$150.00
0594,0594647952448126,$150.00
0595,0595937546004795,$150.00
0596,0596606479531482,$150.00
0597,0597328479543440,$150.00
0598,0598104795286998,$150.00
0599,0599035499394795,$150.00
0600,0600278392479568,$150.00
0601,0601599479500501,$150.00
0602,0602807865174795,$150.00
0603,0603028860247954,$150.00
0604,0604609536479582,$150.00
0605,0605313494795576,$150.00
0606,0606136128647954,$150.00
0607,0607704425447953,$150.00
0608,0608010182447950,$150.00
0609,0609479586879933,$150.00
0610,0610291003479586,$150.00
0611,0611464795521232,$150.00
0612,0612479565636479,$150.00
0613,0613829847958517,$150.00
0614,0614768289947950,$150.00
0615,0615544795712019,$150.00
0616,0616416764795241,$150.00
0617,0617111484795267,$150.00
0618,0618836051479526,$150.00
0619,0619711729347953,$150.00
0620,0620508479522053,$150.00
0621,0621894795782355,$150.00
0622,0622414795056492,$150.00
0623,0623147954539805,$150.00
0624,0624228655984795,$150.00
0625,0625619888479565,$150.00
0626,0626603384795361,$150.00
0627,0627632034795195,$150.00
0628,0628865347953903,$150.00
0629,0629429247957506,$150.00
0630,0630689384795635,$150.00
0631,0631647954669531,$150.00
0632,0632777354795160,$150.00
0633,0633022650947950,$150.00
0634,0634857835747957,$150.00
0635,0635142964795542,$150.00
0636,0636075047951832,$150.00
0637,0637479543628305,$150.00
0638,0638694795458174,$150.00
0639,0639934479508921,$150.00
0640,0640464795772071,$150.00
0641,0641828808479502,$150.00
0642,0642547953383070,$150.00
0643,0643544795469081,$150.00
0644,0644716652479525,$150.00
0645,0645704795153643,$150.00
0646,0646521747952633,$150.00
0647,0647948479546281,$150.00
0648,0648731810724795,$150.00
0649,0649092869714795,$150.00
0650,0650154795988610,$150.00
0651,0651574795963277,$150.00
0652,0652090591479532,$150.00
0653,0653915205047950,$150.00
0654,0654918947954413,$150.00
0655,0655754795677623,$150.00
0656,0656014110184795,$150.00
0657,0657437712647958,$150.00
0658,0658479590507836,$150.00
0659,0659688948479520,$150.00
0660,0660047957389532,$150.00
0661,0661781812147959,$150.00
0662,0662960927664795,$150.00
0663,0663380045479510,$150.00
0664,0664574795132529,$150.00
0665,0665247953246233,$150.00
0666,0666347956268069,$150.00
0667,0667169464795456,$150.00
0668,0668479504417690,$150.00
0669,0669481550479515,$150.00
0670,0670886223214795,$150.00
0671,0671611666494795,$150.00
0672,0672774795828121,$150.00
0673,0673507479567164,$150.00
0674,0674976760114795,$150.00
0675,0675292947954787,$150.00
0676,0676754647951622,$150.00
0677,0677608647957096,$150.00
0678,0678089819479519,$150.00
0679,0679833644795860,$150.00
0680,0680513114795395,$150.00
0681,0681847342479521,$150.00
0682,0682479524035318,$150.00
0683,0683747951303140,$150.00
0684,0684661800479596,$150.00
0685,0685365479512949,$150.00
0686,0686795599747955,$150.00
0687,0687830301547957,$150.00
0688,0688361492479546,$150.00
0689,0689505695914795,$150.00
0690,0690085074734795,$150.00
0691,0691240084795120,$150.00
0692,0692990479591324,$150.00
0693,0693924540174795,$150.00
0694,0694029647955678,$150.00
0695,0695980247950845,$150.00
0696,0696479518470226,$150.00
0697,0697483347950923,$150.00
0698,0698970924795215,$150.00
0699,0699247955543153,$150.00
0700,0700647958664321,$150.00
0701,0701174795851033,$200.00
0702,0702695188147952,$200.00
0703,0703868724795368,$200.00
0704,0704479515825370,$200.00
0705,0705144795967914,$200.00
0706,0706856479530130,$200.00
0707,0707714795506646,$200.00
0708,0708479524204802,$200.00
0709,0709231433014795,$200.00
0710,0710315747951393,$200.00
0711,0711479505539535,$200.00
0712,0712479525605620,$200.00
0713,0713747951967139,$200.00
0714,0714769069479530,$200.00
0715,0715720808847959,$200.00
0716,0716247958989899,$200.00
0717,0717766084795920,$200.00
0718,0718636547954553,$200.00
0719,0719400720864795,$200.00
0720,0720416479577802,$200.00
0721,0721169479537858,$200.00
0722,0722493272154795,$200.00
0723,0723004632847959,$200.00
0724,0724396444447953,$200.00
0725,0725546547950448,$200.00
0726,0726947955771836,$200.00
0727,0727274795669198,$200.00
0728,0728714795295878,$200.00
0729,0729479573892263,$200.00
0730,0730238347956767,$200.00
0731,0731807894795877,$200.00
0732,0732651354795068,$200.00
0733,0733106479559916,$200.00
0734,0734112530124795,$200.00
0735,0735547953589967,$200.00
0736,0736034002564795,$200.00
0737,0737708764795243,$200.00
0738,0738934795444260,$200.00
0739,0739668940934795,$200.00
0740,0740244795088942,$200.00
0741,0741147959822029,$200.00
0742,0742479552347172,$200.00
0743,0743523147954158,$200.00
0744,0744087914795665,$200.00
0745,0745754747952670,$200.00
0746,0746131724795419,$200.00
0747,0747186254795898,$200.00
0748,0748426787047956,$200.00
0749,0749747959712180,$200.00
0750,0750832147955535,$200.00
0751,0751947958604579,COMP
0752,0752292464795376,COMP
0753,0753264795281862,COMP
0754,0754320165147954,COMP
0755,0755556647957603,COMP
0756,0756083479590109,COMP
0757,0757818845884795,COMP
0758,0758454347951902,COMP
0759,0759944795411926,COMP
0760,0760454795176899,COMP
0761,0761647957486735,COMP
0762,0762243479571146,COMP
0763,0763255115479519,COMP
0764,0764847952721510,COMP
0765,0765447951434907,COMP
0766,0766082479543710,COMP
0767,0767047950546221,COMP
0768,0768386479541490,COMP
0769,0769956479547647,COMP
0770,0770851801847954,COMP
0771,0771510516479512,COMP
0772,0772189862804795,COMP
0773,0773647957272166,COMP
0774,0774407547959186,COMP
0775,0775671153744795,COMP
0776,0776790220574795,COMP
0777,0777608479500203,COMP
0778,0778847956626955,COMP
0779,0779479500419681,COMP
0780,0780708214795170,COMP
0781,0781747959666767,COMP
0782,0782467847954959,COMP
0783,0783294795505770,COMP
0784,0784244795216301,COMP
0785,0785142434947950,COMP
0786,0786021401547956,COMP
0787,0787447955462824,COMP
0788,0788347951100312,COMP
0789,0789047951341090,COMP
0790,0790314795286842,COMP
0791,0791482581479507,COMP
0792,0792798647950402,COMP
0793,0793427628547956,COMP
0794,0794446247954300,COMP
0795,0795214795435264,COMP
0796,0796347956802396,COMP
0797,0797719811479534,COMP
0798,0798631247953264,COMP
0799,0799479591110488,COMP
0800,0800154795068985,COMP
0801,0801603164795499,COMP
0802,0802161074447950,COMP
0803,0803951747959265,COMP
0804,0804479509389893,COMP
0805,0805333264795946,COMP
0806,0806479562796807,COMP
0807,0807824795442082,COMP
0808,0808539239847951,COMP
0809,0809165547952688,COMP
0810,0810650713834795,COMP
0811,0811479560801990,COMP
0812,0812447955564738,COMP
0813,0813036647955700,COMP
0814,0814774795929731,COMP
0815,0815984795235529,COMP
0816,0816901281247950,COMP
0817,0817502184795342,COMP
0818,0818532841094795,COMP
0819,0819693554795070,COMP
0820,0820679512479551,COMP
0821,0821247954963740,COMP
0822,0822479519256399,COMP
0823,0823655479508008,COMP
0824,0824522496479556,COMP
0825,0825858029947954,COMP
0826,0826647955827129,COMP
0827,0827947952161623,COMP
0828,0828222847954806,COMP
0829,0829134795514908,COMP
0830,0830238757479541,COMP
0831,0831028627204795,COMP
0832,0832402479547179,COMP
0833,0833069334795182,COMP
0834,0834014795136628,COMP
0835,0835598479545611,COMP
0836,0836938747957359,COMP
0837,0837498108147954,COMP
0838,0838922739904795,COMP
0839,0839877479573490,COMP
0840,0840189479596817,COMP
0841,0841884795577232,COMP
0842,0842847954022354,COMP
0843,0843479524900327,COMP
0844,0844047957317622,COMP
0845,0845294795371785,COMP
0846,0846647954804847,COMP
0847,0847304795300919,COMP
0848,0848918215747955,COMP
0849,0849479580176943,COMP
0850,0850514316479506,COMP
0851,0851342719347957,COMP
0852,0852088116479563,COMP
0853,0853350947954485,COMP
0854,0854847952308987,COMP
0855,0855053147950638,COMP
0856,0856380479574296,COMP
0857,0857589721479552,COMP
0858,0858847479587725,COMP
0859,0859325904347957,COMP
0860,0860479571500313,COMP
0861,0861503479578829,COMP
0862,0862547950107131,COMP
0863,0863479558429173,COMP
0864,0864479510044145,COMP
0865,0865479553729587,COMP
0866,0866998840704795,COMP
0867,0867546359479599,COMP
0868,0868555479515094,COMP
0869,0869247958217415,COMP
0870,0870824644795865,COMP
0871,0871479547935253,COMP
0872,0872530514795749,COMP
0873,0873479517028422,COMP
0874,0874342126834795,COMP
0875,0875436702479572,COMP
0876,0876423866479540,COMP
0877,0877628460724795,COMP
0878,0878215316564795,COMP
0879,0879479510311836,COMP
0880,0880314795076939,COMP
0881,0881479551038560,COMP
0882,0882447955718203,COMP
0883,0883428479522990,COMP
0884,0884974795640827,COMP
0885,0885223654479575,COMP
0886,0886626479578741,COMP
0887,0887592479594242,COMP
0888,0888077399479548,COMP
0889,0889074821004795,COMP
0890,0890872479518640,COMP
0891,0891244795725542,COMP
0892,0892951479525772,COMP
0893,0893155479569562,COMP
0894,0894857647958234,COMP
0895,0895880247958282,COMP
0896,0896270301479576,COMP
0897,0897847955945422,COMP
0898,0898886479502216,COMP
0899,0899554795293221,COMP
0900,0900499247954930,COMP
0901,0901247954407941,COMP
0902,0902347955850666,COMP
0903,0903774795454520,COMP
0904,0904144324795112,COMP
0905,0905465669747951,COMP
0906,0906862596147953,COMP
0907,0907294795516125,COMP
0908,0908493406444795,COMP
0909,0909007352479502,COMP
0910,0910384795526056,COMP
0911,0911479526701932,COMP
0912,0912829580647954,COMP
0913,0913047959036443,COMP
0914,0914230479514999,COMP
0915,0915444795888056,COMP
0916,0916928479576321,COMP
0917,0917121843479543,COMP
0918,0918479567413562,COMP
0919,0919717047950225,COMP
0920,0920264795880870,COMP
0921,0921057479519952,COMP
0922,0922285107247959,COMP
0923,0923259947956912,COMP
0924,0924234795999217,COMP
0925,0925647953188687,COMP
0926,0926777233374795,COMP
0927,0927189846479549,COMP
0928,0928124795973294,COMP
0929,0929728003547959,COMP
0930,0930177479546941,COMP
0931,0931014795582102,COMP
0932,0932367479559132,COMP
0933,0933471094795873,COMP
0934,0934078047952845,COMP
0935,0935647951976037,COMP
0936,0936134795553994,COMP
0937,0937698901479564,COMP
0938,0938023905547950,COMP
0939,0939347950092234,COMP
0940,0940810479521194,COMP
0941,0941204447953255,COMP
0942,0942405447951634,COMP
0943,0943723634795590,COMP
0944,0944647955494870,COMP
0945,0945032479597804,COMP
0946,0946115047954575,COMP
0947,0947537044795208,COMP
0948,0948873479549007,COMP
0949,0949513503479505,COMP
0950,0950479565805392,COMP
0951,0951428847951337,COMP
0952,0952947953734358,COMP
0953,0953479544819268,COMP
0954,0954492297747959,COMP
0955,0955683014795539,COMP
0956,0956099558804795,COMP
0957,0957527479506688,COMP
0958,0958014795264705,COMP
0959,0959299479527883,COMP
0960,0960930899479568,COMP
0961,0961479517461158,COMP
0962,0962147957744744,COMP
0963,0963388816247956,COMP
0964,0964706479562511,COMP
0965,0965238934047957,COMP
0966,0966544047953766,COMP
0967,0967794795503330,COMP
0968,0968705384647950,COMP
0969,0969701727447950,COMP
0970,0970479503062213,COMP
0971,0971825947955583,COMP
0972,0972931974795222,COMP
0973,0973404680547958,COMP
0974,0974235047959543,COMP
0975,0975300194795268,COMP
0976,0976806047950034,COMP
0977,0977478854795403,COMP
0978,0978316479536538,COMP
0979,0979068866479539,COMP
0980,0980968487747954,COMP
0981,0981794795382786,COMP
0982,0982479541837387,COMP
0983,0983247952347093,COMP
0984,0984086479595869,COMP
0985,0985070268479507,COMP
0986,0986617952047951,COMP
0987,0987505163479587,COMP
0988,0988847955692382,COMP
0989,0989247959042791,COMP
0990,0990347954285482,COMP
0991,0991747950071460,COMP
0992,0992647951582682,COMP
0993,0993830605479581,COMP
0994,0994147950153334,COMP
0995,0995547950685864,COMP
0996,0996247955431918,COMP
0997,0997114795308157,COMP
0998,0998846354624795,COMP
0999,0999824795907967,COMP
1000,1000747954684208,COMP
1001,1001414496847950,COMP
1002,1002318152047953,COMP
1003,1003815947951264,COMP
1004,1004479538529661,COMP
1005,1005479527401125,COMP
1006,1006479553583958,COMP
1007,1007677479590474,COMP
1008,1008451027247953,COMP
1009,1009249444795139,COMP
1010,1010149397479577,COMP
1011,1011976847953131,COMP
1012,1012834795116486,COMP
1013,1013129694795882,COMP
1014,1014734937947950,COMP
1015,1015479582220744,COMP
1016,1016798996804795,COMP
1017,1017973479513531,COMP
1018,1018268648024795,COMP
1019,1019047956817578,COMP
1020,1020270747950665,COMP
1021,1021147953713111,COMP
1022,1022537479578722,COMP
1023,1023220657479509,COMP
1024,1024139794795603,COMP
1025,1025936613479516,COMP
1026,1026374147952411,COMP
1027,1027742479540711,COMP
1028,1028254795819255,COMP
1029,1029484795213139,COMP
1030,1030524914795019,COMP
1031,1031592784574795,COMP
1032,1032342347956504,COMP
1033,1033860624547955,COMP
1034,1034084847955216,COMP
1035,1035504795376179,COMP
1036,1036547951968331,COMP
1037,1037892694795652,COMP
1038,1038185769947953,COMP
1039,1039263188854795,COMP
1040,1040547959914612,COMP
1041,1041266247957634,COMP
1042,1042939547950612,COMP
1043,1043534479509997,COMP
1044,1044124795941144,COMP
1045,1045184795711728,COMP
1046,1046564795874664,COMP
1047,1047823521447955,COMP
1048,1048055413947958,COMP
1049,1049870341394795,COMP
1050,1050457644795373,COMP
1051,1051207810864795,$200
1052,1052694795859740,$200
1053,1053614904795173,$200
1054,1054457167884795,$200
1055,1055459135647957,$200
1056,1056479570273439,$200
1057,1057105104154795,$200
1058,1058102474795682,$200
1059,1059151544795378,$200
1060,1060479545874364,$200
1061,1061534795147670,$200
1062,1062454795075750,$200
1063,1063522692479567,$200
1064,1064595884795824,$200
1065,1065860980479515,$200
1066,1066547955210854,$200
1067,1067479516308502,$200
1068,1068151932479574,$200
1069,1069852520847953,$200
1070,1070836616479533,$200
1071,1071977264795820,$200
1072,1072033447952988,$200
1073,1073479546280687,$200
1074,1074847959227032,$200
1075,1075874795703901,$200
1076,1076382479584589,$200
1077,1077263169479529,$200
1078,1078347959873165,$200
1079,1079479592655615,$200
1080,1080847956247168,$200
1081,1081704795124453,$200
1082,1082479550244332,$200
1083,1083447950595093,$200
1084,1084747954801549,$200
1085,1085479511711173,$200
1086,1086854479513526,$200
1087,1087006552724795,$200
1088,1088299147951335,$200
1089,1089464795870438,$200
1090,1090810184795648,$200
1091,1091479598793738,$200
1092,1092284795088376,$200
1093,1093937894795162,$200
1094,1094402687479540,$200
1095,1095308479581015,$200
1096,1096389564795545,$200
1097,1097264795679239,$200
1098,1098937479538824,$200
1099,1099759632364795,$200
1100,1100479564876302,$200
1101,1101514795279426,$200
1102,1102358479550320,$200
1103,1103394795943036,$200
1104,1104038121247959,$200
1105,1105647957775159,$200
1106,1106222885647956,$200
1107,1107179647959254,$200
1108,1108479584606643,$200
1109,1109724795594700,$200
1110,1110147956574537,$200
1111,1111630594795802,$200
1112,1112479531032587,$200
1113,1113689479557261,$200
1114,1114727404795479,$200
1115,1115784795625311,$200
1116,1116068854795814,$200
1117,1117104562447956,$200
1118,1118406447950388,$200
1119,1119670233479573,$200
1120,1120747951298979,$200
1121,1121756944795254,$200
1122,1122613410047957,$200
1123,1123283249847955,$200
1124,1124183479500812,$200
1125,1125966376434795,$200
1126,1126232551247951,$200
1127,1127739753479558,$200
1128,1128715560479554,$200
1129,1129988647959679,$200
1130,1130754795598737,$200
1131,1131547950637462,$200
1132,1132539763547957,$200
1133,1133364795919183,$200
1134,1134411260479529,$200
1135,1135136947952950,$200
1136,1136615479538609,$200
1137,1137814577947950,$200
1138,1138465817834795,$200
1139,1139447956375840,$200
1140,1140349674474795,$200
1141,1141164795934167,$200
1142,1142647954169032,$200
1143,1143853872544795,$200
1144,1144584795311022,$200
1145,1145479524577125,$200
1146,1146437479502302,$200
1147,1147479522557034,$200
1148,1148047951561566,$200
1149,1149870479533998,$200
1150,1150084795601210,$200
1151,1151479596949406,$200
1152,1152343394547956,$200
1153,1153092276354795,$200
1154,1154717754795468,$200
1155,1155147950443901,$200
1156,1156894020047954,$200
1157,1157096479512628,$200
1158,1158547952127079,$200
1159,1159479543554525,$200
1160,1160867128479517,$200
1161,1161944795014304,$200
1162,1162479511236280,$200
1163,1163598970479585,$200
1164,1164462547954369,$200
1165,1165647957901582,$200
1166,1166076747952064,$200
1167,1167800051314795,$200
1168,1168747267974795,$200
1169,1169833702747951,$200
1170,1170616633479501,$200
1171,1171004047958752,$200
1172,1172330479546703,$200
1173,1173744795253735,$200
1174,1174514415047956,$200
1175,1175176704047958,$200
1176,1176479538209960,$200
1177,1177647951027115,$200
1178,1178859666147950,$200
1179,1179265693354795,$200
1180,1180218047951726,$200
1181,1181479590342343,$200
1182,1182444795289585,$200
1183,1183584795334000,$200
1184,1184976504795334,$200
1185,1185047951614331,$200
1186,1186534795758721,$200
1187,1187947950426799,$200
1188,1188747957142674,$200
1189,1189623479522311,$200
1190,1190317874795728,$200
1191,1191994479569364,$200
1192,1192727411247951,$200
1193,1193182847956896,$200
1194,1194447954191073,$200
1195,1195158101874795,$200
1196,1196874847950140,$200
1197,1197939479524838,$200
1198,1198703847952319,$200
1199,1199294795713007,$200
1200,1200327910479599,$200
1201,1201647953889561,$200
1202,1202191647953031,$200
1203,1203956347953072,$200
1204,1204479524505463,$200
1205,1205059447953620,$200
1206,1206479573603413,$200
1207,1207026598934795,$200
1208,1208982479522686,$200
1209,1209616728479590,$200
1210,1210247959661133,$200
1211,1211479576127006,$200
1212,1212114841264795,$200
1213,1213547956892707,$200
1214,1214465479575237,$200
1215,1215232479530622,$200
1216,1216604664795009,$200
1217,1217847953028131,$200
1218,1218308263954795,$200
1219,1219647405424795,$200
1220,1220479543203654,$200
1221,1221012547956038,$200
1222,1222479519119331,$200
1223,1223947952511011,$200
1224,1224289575524795,$200
1225,1225447951610003,$200
1226,1226850108047955,$200
1227,1227441817547950,$200
1228,1228203254795622,$200
1229,1229614479587254,$200
1230,1230463479557239,$200
1231,1231947951837205,$200
1232,1232747788479551,$200
1233,1233168363479532,$200
1234,1234314147957570,$200
1235,1235563479538793,$200
1236,1236723947954457,$200
1237,1237468147951246,$200
1238,1238066284795715,$200
1239,1239384461747955,$200
1240,1240274795485559,$200
1241,1241195674795123,$200
1242,1242075344795339,$200
1243,1243977479527330,$200
1244,1244444795050798,$200
1245,1245233479592595,$200
1246,1246794795564620,$200
1247,1247403778479591,$200
1248,1248519829347957,$200
1249,1249296127479587,$200
1250,1250479541629978,$200
