0001,39614915100001,Admit One
0002,84714915100002,Admit One
0003,71784915100003,Admit One
0004,52794915100004,Admit One
0005,74964915100005,Admit One
0006,17264915100006,Admit One
0007,90824915100007,Admit One
0008,28134915100008,Admit One
0009,74104915100009,Admit One
0010,86914915100010,Admit One
0011,63114915100011,Admit One
0012,40014915100012,Admit One
0013,94724915100013,Admit One
0014,58754915100014,Admit One
0015,69044915100015,Admit One
0016,10374915100016,Admit One
0017,61694915100017,Admit One
0018,96254915100018,Admit One
0019,73814915100019,Admit One
0020,26784915100020,Admit One
0021,32874915100021,Admit One
0022,53974915100022,Admit One
0023,69384915100023,Admit One
0024,96404915100024,Admit One
0025,37394915100025,Admit One
0026,52664915100026,Admit One
0027,59094915100027,Admit One
0028,12434915100028,Admit One
0029,26404915100029,Admit One
0030,86974915100030,Admit One
0031,64634915100031,Admit One
0032,52874915100032,Admit One
0033,26394915100033,Admit One
0034,15594915100034,Admit One
0035,65604915100035,Admit One
0036,82084915100036,Admit One
0037,44934915100037,Admit One
0038,23874915100038,Admit One
0039,51514915100039,Admit One
0040,24634915100040,Admit One
0041,89004915100041,Admit One
0042,29024915100042,Admit One
0043,96344915100043,Admit One
0044,91654915100044,Admit One
0045,25764915100045,Admit One
0046,97774915100046,Admit One
0047,95604915100047,Admit One
0048,39854915100048,Admit One
0049,95754915100049,Admit One
0050,76494915100050,Admit One
0051,65784915100051,Admit One
0052,72814915100052,Admit One
0053,98824915100053,Admit One
0054,53864915100054,Admit One
0055,16464915100055,Admit One
0056,54994915100056,Admit One
0057,42294915100057,Admit One
0058,36044915100058,Admit One
0059,24764915100059,Admit One
0060,98044915100060,Admit One
0061,91744915100061,Admit One
0062,94314915100062,Admit One
0063,62464915100063,Admit One
0064,89784915100064,Admit One
0065,94384915100065,Admit One
0066,85254915100066,Admit One
0067,25514915100067,Admit One
0068,55584915100068,Admit One
0069,24774915100069,Admit One
0070,23374915100070,Admit One
0071,55984915100071,Admit One
0072,92244915100072,Admit One
0073,93034915100073,Admit One
0074,26264915100074,Admit One
0075,76694915100075,Admit One
0076,54464915100076,Admit One
0077,65804915100077,Admit One
0078,12274915100078,Admit One
0079,68224915100079,Admit One
0080,73664915100080,Admit One
0081,49344915100081,Admit One
0082,50684915100082,Admit One
0083,98384915100083,Admit One
0084,19484915100084,Admit One
0085,35434915100085,Admit One
0086,14314915100086,Admit One
0087,14354915100087,Admit One
0088,63614915100088,Admit One
0089,99584915100089,Admit One
0090,64704915100090,Admit One
0091,57064915100091,Admit One
0092,96234915100092,Admit One
0093,81874915100093,Admit One
0094,79794915100094,Admit One
0095,58384915100095,Admit One
0096,64944915100096,Admit One
0097,10204915100097,Admit One
0098,94044915100098,Admit One
0099,10584915100099,Admit One
0100,66104915100100,Admit One
0101,96024915100101,Admit One
0102,41094915100102,Admit One
0103,28304915100103,Admit One
0104,98804915100104,Admit One
0105,32754915100105,Admit One
0106,58934915100106,Admit One
0107,63224915100107,Admit One
0108,21244915100108,Admit One
0109,26424915100109,Admit One
0110,97564915100110,Admit One
0111,90954915100111,Admit One
0112,69614915100112,Admit One
0113,49004915100113,Admit One
0114,89134915100114,Admit One
0115,50684915100115,Admit One
0116,49574915100116,Admit One
0117,14244915100117,Admit One
0118,50634915100118,Admit One
0119,77114915100119,Admit One
0120,80064915100120,Admit One
0121,65854915100121,Admit One
0122,28974915100122,Admit One
0123,35074915100123,Admit One
0124,99814915100124,Admit One
0125,78354915100125,Admit One
0126,68734915100126,Admit One
0127,66454915100127,Admit One
0128,26154915100128,Admit One
0129,80354915100129,Admit One
0130,22264915100130,Admit One
0131,79864915100131,Admit One
0132,26474915100132,Admit One
0133,70274915100133,Admit One
0134,12344915100134,Admit One
0135,72544915100135,Admit One
0136,92114915100136,Admit One
0137,34714915100137,Admit One
0138,17374915100138,Admit One
0139,24984915100139,Admit One
0140,84804915100140,Admit One
0141,79154915100141,Admit One
0142,18964915100142,Admit One
0143,87874915100143,Admit One
0144,75524915100144,Admit One
0145,41304915100145,Admit One
0146,82184915100146,Admit One
0147,71734915100147,Admit One
0148,75904915100148,Admit One
0149,26834915100149,Admit One
0150,98134915100150,Admit One
0151,38844915100151,Admit One
0152,62184915100152,Admit One
0153,67654915100153,Admit One
0154,89144915100154,Admit One
0155,17844915100155,Admit One
0156,21584915100156,Admit One
0157,72754915100157,Admit One
0158,86424915100158,Admit One
0159,10744915100159,Admit One
0160,21214915100160,Admit One
0161,71434915100161,Admit One
0162,30214915100162,Admit One
0163,22434915100163,Admit One
0164,29484915100164,Admit One
0165,29084915100165,Admit One
0166,52434915100166,Admit One
0167,22774915100167,Admit One
0168,29994915100168,Admit One
0169,45484915100169,Admit One
0170,61864915100170,Admit One
0171,21044915100171,Admit One
0172,67984915100172,Admit One
0173,35604915100173,Admit One
0174,71784915100174,Admit One
0175,73044915100175,Admit One
0176,49194915100176,Admit One
0177,62804915100177,Admit One
0178,10124915100178,Admit One
0179,40594915100179,Admit One
0180,11294915100180,Admit One
0181,64744915100181,Admit One
0182,92134915100182,Admit One
0183,93574915100183,Admit One
0184,57774915100184,Admit One
0185,51544915100185,Admit One
0186,45544915100186,Admit One
0187,64444915100187,Admit One
0188,44364915100188,Admit One
0189,56624915100189,Admit One
0190,68194915100190,Admit One
0191,85294915100191,Admit One
0192,97944915100192,Admit One
0193,20004915100193,Admit One
0194,98204915100194,Admit One
0195,77344915100195,Admit One
0196,77944915100196,Admit One
0197,54004915100197,Admit One
0198,96664915100198,Admit One
0199,73024915100199,Admit One
0200,50244915100200,Admit One
0201,11644915100201,Admit One
0202,82734915100202,Admit One
0203,20464915100203,Admit One
0204,63574915100204,Admit One
0205,67294915100205,Admit One
0206,11334915100206,Admit One
0207,60514915100207,Admit One
0208,38444915100208,Admit One
0209,60074915100209,Admit One
0210,33274915100210,Admit One
0211,16334915100211,Admit One
0212,38554915100212,Admit One
0213,29564915100213,Admit One
0214,57954915100214,Admit One
0215,75384915100215,Admit One
0216,24644915100216,Admit One
0217,54084915100217,Admit One
0218,58484915100218,Admit One
0219,53944915100219,Admit One
0220,80964915100220,Admit One
0221,21534915100221,Admit One
0222,39354915100222,Admit One
0223,34194915100223,Admit One
0224,34174915100224,Admit One
0225,52604915100225,Admit One
0226,26584915100226,Admit One
0227,33684915100227,Admit One
0228,84694915100228,Admit One
0229,46604915100229,Admit One
0230,80374915100230,Admit One
0231,57394915100231,Admit One
0232,20684915100232,Admit One
0233,59714915100233,Admit One
0234,60304915100234,Admit One
0235,82304915100235,Admit One
0236,74384915100236,Admit One
0237,75804915100237,Admit One
0238,42924915100238,Admit One
0239,64354915100239,Admit One
0240,91084915100240,Admit One
0241,69664915100241,Admit One
0242,41934915100242,Admit One
0243,58014915100243,Admit One
0244,70484915100244,Admit One
0245,92824915100245,Admit One
0246,20884915100246,Admit One
0247,88324915100247,Admit One
0248,10604915100248,Admit One
0249,21854915100249,Admit One
0250,18264915100250,Admit One
0251,45404915100251,Admit One
0252,44194915100252,Admit One
0253,49044915100253,Admit One
0254,25204915100254,Admit One
0255,51494915100255,Admit One
0256,57684915100256,Admit One
0257,25824915100257,Admit One
0258,65624915100258,Admit One
0259,40474915100259,Admit One
0260,52524915100260,Admit One
0261,88434915100261,Admit One
0262,28864915100262,Admit One
0263,79924915100263,Admit One
0264,79114915100264,Admit One
0265,46294915100265,Admit One
0266,64884915100266,Admit One
0267,85634915100267,Admit One
0268,13244915100268,Admit One
0269,52694915100269,Admit One
0270,11874915100270,Admit One
0271,98614915100271,Admit One
0272,74934915100272,Admit One
0273,38144915100273,Admit One
0274,16434915100274,Admit One
0275,44694915100275,Admit One
0276,19914915100276,Admit One
0277,66124915100277,Admit One
0278,96244915100278,Admit One
0279,56464915100279,Admit One
0280,63464915100280,Admit One
0281,81384915100281,Admit One
0282,85204915100282,Admit One
0283,97874915100283,Admit One
0284,26874915100284,Admit One
0285,40714915100285,Admit One
0286,51074915100286,Admit One
0287,61254915100287,Admit One
0288,36314915100288,Admit One
0289,66204915100289,Admit One
0290,15664915100290,Admit One
0291,66804915100291,Admit One
0292,74254915100292,Admit One
0293,81084915100293,Admit One
0294,57444915100294,Admit One
0295,64684915100295,Admit One
0296,93364915100296,Admit One
0297,97934915100297,Admit One
0298,76774915100298,Admit One
0299,89514915100299,Admit One
0300,62944915100300,Admit One
0301,79534915100301,Admit One
0302,33484915100302,Admit One
0303,87384915100303,Admit One
0304,37804915100304,Admit One
0305,92074915100305,Admit One
0306,27084915100306,Admit One
0307,35444915100307,Admit One
0308,69644915100308,Admit One
0309,31014915100309,Admit One
0310,39364915100310,Admit One
0311,83864915100311,Admit One
0312,51054915100312,Admit One
0313,89264915100313,Admit One
0314,59624915100314,Admit One
0315,90424915100315,Admit One
0316,31814915100316,Admit One
0317,78104915100317,Admit One
0318,52264915100318,Admit One
0319,77534915100319,Admit One
0320,17864915100320,Admit One
0321,30334915100321,Admit One
0322,36994915100322,Admit One
0323,81734915100323,Admit One
0324,62694915100324,Admit One
0325,16094915100325,Admit One
0326,11424915100326,Admit One
0327,25744915100327,Admit One
0328,21244915100328,Admit One
0329,71204915100329,Admit One
0330,76284915100330,Admit One
0331,63004915100331,Admit One
0332,46324915100332,Admit One
0333,57874915100333,Admit One
0334,43084915100334,Admit One
0335,44714915100335,Admit One
0336,27494915100336,Admit One
0337,88024915100337,Admit One
0338,54174915100338,Admit One
0339,89314915100339,Admit One
0340,42504915100340,Admit One
0341,69034915100341,Admit One
0342,55534915100342,Admit One
0343,94584915100343,Admit One
0344,21174915100344,Admit One
0345,82054915100345,Admit One
0346,11824915100346,Admit One
0347,82124915100347,Admit One
0348,61824915100348,Admit One
0349,62794915100349,Admit One
0350,54094915100350,Admit One
0351,24414915100351,Admit One
0352,50154915100352,Admit One
0353,44744915100353,Admit One
0354,19934915100354,Admit One
0355,54314915100355,Admit One
0356,20664915100356,Admit One
0357,65024915100357,Admit One
0358,96114915100358,Admit One
0359,67144915100359,Admit One
0360,90554915100360,Admit One
0361,92654915100361,Admit One
0362,43754915100362,Admit One
0363,65174915100363,Admit One
0364,56164915100364,Admit One
0365,69294915100365,Admit One
0366,65974915100366,Admit One
0367,74654915100367,Admit One
0368,91814915100368,Admit One
0369,62544915100369,Admit One
0370,78044915100370,Admit One
0371,85374915100371,Admit One
0372,31284915100372,Admit One
0373,81774915100373,Admit One
0374,80074915100374,Admit One
0375,12694915100375,Admit One
0376,21634915100376,Admit One
0377,96314915100377,Admit One
0378,12124915100378,Admit One
0379,42034915100379,Admit One
0380,29714915100380,Admit One
0381,76324915100381,Admit One
0382,81874915100382,Admit One
0383,95934915100383,Admit One
0384,90974915100384,Admit One
0385,56014915100385,Admit One
0386,34814915100386,Admit One
0387,43624915100387,Admit One
0388,40964915100388,Admit One
0389,39464915100389,Admit One
0390,66834915100390,Admit One
0391,22974915100391,Admit One
0392,79124915100392,Admit One
0393,18864915100393,Admit One
0394,49464915100394,Admit One
0395,65074915100395,Admit One
0396,95304915100396,Admit One
0397,15344915100397,Admit One
0398,37464915100398,Admit One
0399,11284915100399,Admit One
0400,98604915100400,Admit One
0401,52214915100401,Admit One
0402,78994915100402,Admit One
0403,82694915100403,Admit One
0404,38804915100404,Admit One
0405,60784915100405,Admit One
0406,48304915100406,Admit One
0407,32254915100407,Admit One
0408,10264915100408,Admit One
0409,78594915100409,Admit One
0410,40834915100410,Admit One
0411,29204915100411,Admit One
0412,28304915100412,Admit One
0413,20274915100413,Admit One
0414,70914915100414,Admit One
0415,36184915100415,Admit One
0416,98164915100416,Admit One
0417,10714915100417,Admit One
0418,61914915100418,Admit One
0419,18724915100419,Admit One
0420,36414915100420,Admit One
0421,20944915100421,Admit One
0422,38904915100422,Admit One
0423,87274915100423,Admit One
0424,34754915100424,Admit One
0425,66364915100425,Admit One
0426,73744915100426,Admit One
0427,31784915100427,Admit One
0428,76544915100428,Admit One
0429,67574915100429,Admit One
0430,72884915100430,Admit One
0431,48644915100431,Admit One
0432,95654915100432,Admit One
0433,93574915100433,Admit One
0434,37354915100434,Admit One
0435,50324915100435,Admit One
0436,67884915100436,Admit One
0437,87624915100437,Admit One
0438,75524915100438,Admit One
0439,77314915100439,Admit One
0440,34844915100440,Admit One
0441,65474915100441,Admit One
0442,78264915100442,Admit One
0443,12704915100443,Admit One
0444,60394915100444,Admit One
0445,66194915100445,Admit One
0446,46534915100446,Admit One
0447,39194915100447,Admit One
0448,29544915100448,Admit One
0449,35384915100449,Admit One
0450,81574915100450,Admit One
0451,38654915100451,Admit One
0452,99814915100452,Admit One
0453,91034915100453,Admit One
0454,37614915100454,Admit One
0455,94114915100455,Admit One
0456,95254915100456,Admit One
0457,91754915100457,Admit One
0458,96904915100458,Admit One
0459,24344915100459,Admit One
0460,92694915100460,Admit One
0461,37574915100461,Admit One
0462,17534915100462,Admit One
0463,20824915100463,Admit One
0464,40794915100464,Admit One
0465,43204915100465,Admit One
0466,23404915100466,Admit One
0467,47334915100467,Admit One
0468,31334915100468,Admit One
0469,63864915100469,Admit One
0470,97054915100470,Admit One
0471,71954915100471,Admit One
0472,53214915100472,Admit One
0473,93504915100473,Admit One
0474,14734915100474,Admit One
0475,51594915100475,Admit One
0476,38814915100476,Admit One
0477,25654915100477,Admit One
0478,34034915100478,Admit One
0479,29054915100479,Admit One
0480,22894915100480,Admit One
0481,76604915100481,Admit One
0482,74104915100482,Admit One
0483,72494915100483,Admit One
0484,54014915100484,Admit One
0485,61304915100485,Admit One
0486,88284915100486,Admit One
0487,57564915100487,Admit One
0488,38444915100488,Admit One
0489,41574915100489,Admit One
0490,99264915100490,Admit One
0491,11834915100491,Admit One
0492,56584915100492,Admit One
0493,96874915100493,Admit One
0494,76714915100494,Admit One
0495,31874915100495,Admit One
0496,71804915100496,Admit One
0497,27664915100497,Admit One
0498,17484915100498,Admit One
0499,42784915100499,Admit One
0500,21964915100500,Admit One
0501,71064915100501,Admit One
0502,48214915100502,Admit One
0503,30224915100503,Admit One
0504,23184915100504,Admit One
0505,19264915100505,Admit One
0506,10554915100506,Admit One
0507,24944915100507,Admit One
0508,56364915100508,Admit One
0509,70204915100509,Admit One
0510,58734915100510,Admit One
0511,19804915100511,Admit One
0512,36034915100512,Admit One
0513,80934915100513,Admit One
0514,19814915100514,Admit One
0515,89314915100515,Admit One
0516,81774915100516,Admit One
0517,13334915100517,Admit One
0518,36254915100518,Admit One
0519,81674915100519,Admit One
0520,92134915100520,Admit One
0521,42394915100521,Admit One
0522,61124915100522,Admit One
0523,53304915100523,Admit One
0524,61004915100524,Admit One
0525,57074915100525,Admit One
0526,95754915100526,Admit One
0527,95844915100527,Admit One
0528,56534915100528,Admit One
0529,83504915100529,Admit One
0530,89884915100530,Admit One
0531,95724915100531,Admit One
0532,42584915100532,Admit One
0533,10794915100533,Admit One
0534,44304915100534,Admit One
0535,56194915100535,Admit One
0536,82544915100536,Admit One
0537,59294915100537,Admit One
0538,46034915100538,Admit One
0539,81804915100539,Admit One
0540,25854915100540,Admit One
0541,11434915100541,Admit One
0542,55954915100542,Admit One
0543,25524915100543,Admit One
0544,26794915100544,Admit One
0545,84934915100545,Admit One
0546,79004915100546,Admit One
0547,58164915100547,Admit One
0548,95944915100548,Admit One
0549,28644915100549,Admit One
0550,86794915100550,Admit One
0551,90524915100551,Admit One
0552,34144915100552,Admit One
0553,40774915100553,Admit One
0554,52804915100554,Admit One
0555,27834915100555,Admit One
0556,18774915100556,Admit One
0557,89714915100557,Admit One
0558,99974915100558,Admit One
0559,46824915100559,Admit One
0560,42774915100560,Admit One
0561,67294915100561,Admit One
0562,40944915100562,Admit One
0563,85244915100563,Admit One
0564,96004915100564,Admit One
0565,54594915100565,Admit One
0566,20644915100566,Admit One
0567,73924915100567,Admit One
0568,99134915100568,Admit One
0569,70164915100569,Admit One
0570,11484915100570,Admit One
0571,11264915100571,Admit One
0572,40114915100572,Admit One
0573,20884915100573,Admit One
0574,50994915100574,Admit One
0575,60264915100575,Admit One
0576,42974915100576,Admit One
0577,35174915100577,Admit One
0578,51994915100578,Admit One
0579,38114915100579,Admit One
0580,99334915100580,Admit One
0581,98824915100581,Admit One
0582,85244915100582,Admit One
0583,98154915100583,Admit One
0584,92264915100584,Admit One
0585,73274915100585,Admit One
0586,54604915100586,Admit One
0587,84464915100587,Admit One
0588,22714915100588,Admit One
0589,96354915100589,Admit One
0590,24674915100590,Admit One
0591,78854915100591,Admit One
0592,78344915100592,Admit One
0593,15614915100593,Admit One
0594,30954915100594,Admit One
0595,70394915100595,Admit One
0596,95044915100596,Admit One
0597,14054915100597,Admit One
0598,92534915100598,Admit One
0599,97474915100599,Admit One
0600,30764915100600,Admit One
0601,TK6a3dfe519baf80.73528537,All Access Pass
0602,TK6a407566228878.82498313,All Access Pass
0603,TK6a4082cd6447e3.55235650,All Access Pass
0604,TK6a4082cd97f8a1.49428551,All Access Pass
0605,TK6a411a652a50d2.19181463,All Access Pass
0606,TK6a412532cba867.73361096,All Access Pass
0607,TK6a41253307e9e6.76105612,All Access Pass
0608,TK6a4135561bd697.00314184,All Access Pass
0609,TK6a41397c92c6f4.23324086,All Access Pass
0610,TK6a41397cc876d1.89480388,All Access Pass
0611,TK6a41397d064cf7.67485848,All Access Pass
0612,TK6a4147ace992b8.17245160,All Access Pass
0613,TK6a414e4c53ca22.66299539,All Access Pass
0614,TK6a414e4c8447e1.31570971,All Access Pass
0615,TK6a415b8f220e90.19147662,All Access Pass
0616,TK6a416510b9f125.98559320,All Access Pass
0617,TK6a416588636b35.42167345,All Access Pass
0618,TK6a400ca666a9d8.57749889,Backstage Pass
0619,TK6a4061a00732f1.19858833,Backstage Pass
0620,TK6a4062cd7a6130.72510741,Backstage Pass
0621,TK6a406b8c245034.58684035,Backstage Pass
0622,TK6a4120be62cca5.80480712,Backstage Pass
0623,TK6a4120bea36e11.24149682,Backstage Pass
0624,TK6a4121411941c0.93198845,Backstage Pass
0625,TK6a4121415a50b1.24190119,Backstage Pass
0626,TK6a412141a04f54.93912939,Backstage Pass
0627,TK6a412141cfec25.67701409,Backstage Pass
0628,TK6a4121420c41e7.93346728,Backstage Pass
0629,TK6a4121423c9309.38630939,Backstage Pass
0630,TK6a4123722e3514.10990546,Backstage Pass
0631,TK6a4123726ed0d8.34159763,Backstage Pass
0632,TK6a412931a4ebf4.84660154,Backstage Pass
0633,TK6a412931d5c0d9.20261752,Backstage Pass
0634,TK6a412a21ca45e9.51120705,Backstage Pass
0635,TK6a412a22065d25.61483246,Backstage Pass
0636,TK6a412a223477e1.17675360,Backstage Pass
0637,TK6a412d19211141.21599317,Backstage Pass
0638,TK6a412d19536315.10864796,Backstage Pass
0639,TK6a412d19856812.20785945,Backstage Pass
0640,TK6a412d19b85a35.95582630,Backstage Pass
0641,TK6a412d19eb2be5.55885643,Backstage Pass
0642,TK6a412d1a28ad39.06563524,Backstage Pass
0643,TK6a412d1a5a7c59.34560796,Backstage Pass
0644,TK6a412d1a8bed34.26925622,Backstage Pass
0645,TK6a412d1abcff75.12367504,Backstage Pass
0646,TK6a412d1aed6c11.69051353,Backstage Pass
0647,TK6a412f3d360b36.59745318,Backstage Pass
0648,TK6a412f3d855828.74259621,Backstage Pass
0649,TK6a4132b3d6fb27.25741022,Backstage Pass
0650,TK6a4132b412ea43.83617294,Backstage Pass
0651,TK6a4133c41395d9.02781360,Backstage Pass
0652,TK6a4134b7eed048.20243943,Backstage Pass
0653,TK6a4134b84a5483.23597776,Backstage Pass
0654,TK6a4134b87af548.70905187,Backstage Pass
0655,TK6a4146e76a1293.69985954,Backstage Pass
0656,TK6a4146e7b07e80.65547870,Backstage Pass
0657,TK6a4146e80116e4.92346278,Backstage Pass
0658,TK6a4146e83138b1.91201746,Backstage Pass
0659,TK6a4146e860e6d7.75757927,Backstage Pass
0660,TK6a41481d294457.25414845,Backstage Pass
0661,TK6a4148b8e99393.93834563,Backstage Pass
0662,TK6a415aacc21015.86040298,Backstage Pass
0663,TK6a415ba0ed11a6.44427174,Backstage Pass
0664,TK6a415bd4c8ca52.35654859,Backstage Pass
0665,TK6a415d86d75509.59518425,Backstage Pass
0666,TK6a4168aac45b17.95895719,Backstage Pass
0667,TK6a4168ab01ce19.02867889,Backstage Pass
0668,TK6a4177aa25fa57.89190102,Backstage Pass
0669,TK6a4177aa770731.09229130,Backstage Pass
0670,TK6a4177c17395f6.94658216,Backstage Pass
0671,TK6a4179e57972d3.65825438,Backstage Pass
0672,TK6a417c8c930c52.80796297,Backstage Pass
0673,TK6a417c8cd4f859.26002897,Backstage Pass
0674,TK6a400b8c3a5af9.88873469,Balcony Pass
0675,TK6a400b8c702358.31005496,Balcony Pass
0676,TK6a400b8ca18eb3.58670907,Balcony Pass
0677,TK6a400b8cd0f6c6.39832561,Balcony Pass
0678,TK6a4036922a2086.31768933,Balcony Pass
0679,TK6a40369258f688.69421890,Balcony Pass
0680,TK6a4036928999d0.71276445,Balcony Pass
0681,TK6a406be59f4696.79317451,Balcony Pass
0682,TK6a406be5d011c7.38155166,Balcony Pass
0683,TK6a4071843a0779.41028606,Balcony Pass
0684,TK6a407184727423.24474853,Balcony Pass
0685,TK6a407184a20a81.76305421,Balcony Pass
0686,TK6a4082e1695490.46856338,Balcony Pass
0687,TK6a4082e19b16a2.22864002,Balcony Pass
0688,TK6a4082e1cc52b3.92344409,Balcony Pass
0689,TK6a40a12e241623.62953158,Balcony Pass
0690,TK6a410ca88e9270.98981117,Balcony Pass
0691,TK6a411e14854485.60078575,Balcony Pass
0692,TK6a412473d31312.87181789,Balcony Pass
0693,TK6a4124741f3543.40995514,Balcony Pass
0694,TK6a41248e8183c4.57518272,Balcony Pass
0695,TK6a412532242fe5.66295984,Balcony Pass
0696,TK6a4125326980a6.31556672,Balcony Pass
0697,TK6a41397a9f8535.16579058,Balcony Pass
0698,TK6a41397ae58732.69484809,Balcony Pass
0699,TK6a41397b2cb923.12866764,Balcony Pass
0700,TK6a41397b5de340.83849964,Balcony Pass
0701,TK6a41397b8f6dc8.65070763,Balcony Pass
0702,TK6a41397bc13f97.16041152,Balcony Pass
0703,TK6a41397bf20764.33438829,Balcony Pass
0704,TK6a41397c305968.39058861,Balcony Pass
0705,TK6a413e14de2124.32188701,Balcony Pass
0706,TK6a413e151acd23.86880855,Balcony Pass
0707,TK6a4147df00d1d4.19516084,Balcony Pass
0708,TK6a4147df4f3c36.77877098,Balcony Pass
0709,TK6a4147df7ef8e5.60349394,Balcony Pass
0710,TK6a4147dfb060e2.89605927,Balcony Pass
0711,TK6a414e4ae3e6b6.34782420,Balcony Pass
0712,TK6a414e4b2082f4.50542503,Balcony Pass
0713,TK6a414e4b532421.11936473,Balcony Pass
0714,TK6a414e4b8325e2.73185000,Balcony Pass
0715,TK6a414e4bb49ec9.78516501,Balcony Pass
0716,TK6a414e4be772d3.59934102,Balcony Pass
0717,TK6a25d08cddd356.36847635,Comps
0718,TK6a25d3ac7078b0.65516435,Comps
0719,TK6a25da8dae1371.50008395,Comps
0720,TK6a25da8dedde28.62443229,Comps
0721,TK6a25f392ce6f31.10731674,Comps
0722,TK6a261b7b6ec643.66843664,Comps
0723,TK6a261b92acd518.23004270,Comps
0724,TK6a261cb5da3915.16305423,Comps
0725,TK6a2b5bb6155912.89144620,Comps
0726,TK6a2b5bb64fe9d2.38911158,Comps
0727,TK6a2df147133761.89108389,Comps
0728,TK6a30ac9643cc65.13132271,Comps
0729,TK6a30ac968bf5f4.59637999,Comps
0730,TK6a31e39aa42196.73803829,Comps
0731,TK6a31e39aeaba22.65060574,Comps
0732,TK6a333129293a29.45848966,Comps
0733,TK6a33627add0143.02756767,Comps
0734,TK6a360e08081f50.61974678,Comps
0735,TK6a3692805682e4.11816961,Comps
0736,TK6a36928080c3e9.41568044,Comps
0737,TK6a39156ee9bb11.74759518,Comps
0738,TK6a39156f2c9031.23054005,Comps
0739,TK6a394bd7370325.79833274,Comps
0740,TK6a394bd7665027.26151211,Comps
0741,TK6a3954ac5d9655.62285101,Comps
0742,TK6a397028741ac8.07360760,Comps
0743,TK6a397028cfc645.04690037,Comps
0744,TK6a39b93c9bdbd9.75368994,Comps
0745,TK6a3a9a89cde926.82652783,Comps
0746,TK6a3aa03d4ef146.85779585,Comps
0747,TK6a3aa03d7f2380.79410004,Comps
0748,TK6a3be19db772e6.92771255,Comps
0749,TK6a3d25aaa27538.21556005,Comps
0750,TK6a3d25aaf1b727.40201590,Comps
0751,TK6a3d265a2bde39.94757695,Comps
0752,TK6a3d265a642bb3.81130316,Comps
0753,TK6a3d3050247e26.00675973,Comps
0754,TK6a3d3050543589.67880576,Comps
0755,TK6a3d30a4b32b46.89302615,Comps
0756,TK6a3d30a517a762.25608414,Comps
0757,TK6a3d3126f08699.92223789,Comps
0758,TK6a3d312726ec46.57494360,Comps
0759,TK6a3d3553361094.69133457,Comps
0760,TK6a3d35539a9e04.46071987,Comps
0761,TK6a3d3a779fcd92.35235040,Comps
0762,TK6a3d3a77ecd969.99320597,Comps
0763,TK6a3d44168986c6.28800527,Comps
0764,TK6a3d4416b99d41.37184320,Comps
0765,TK6a3d4416e60333.79023633,Comps
0766,TK6a3d442b667fe7.83363589,Comps
0767,TK6a3d442b962312.00803059,Comps
0768,TK6a3d442bc7bdb3.47792526,Comps
0769,TK6a3d4c492caa65.85399836,Comps
0770,TK6a3d4c4988faf4.37129392,Comps
0771,TK6a3d4c49b3b7b3.74225574,Comps
0772,TK6a3d4c49de7a82.45605856,Comps
0773,TK6a3d4c99e74d64.32284528,Comps
0774,TK6a3d4c9a1dbc29.09184689,Comps
0775,TK6a3d4ed46eccb4.05820033,Comps
0776,TK6a3d4ed4ac7b66.31858217,Comps
0777,TK6a3d4ed4dd65e9.47199296,Comps
0778,TK6a3d5df6434943.67102313,Comps
0779,TK6a3d5df67d0805.04653100,Comps
0780,TK6a3d5df6b8baa7.12001003,Comps
0781,TK6a3d6411c5b6f7.97331677,Comps
0782,TK6a3d641202cec9.79467880,Comps
0783,TK6a3d6542c93f76.17367027,Comps
0784,TK6a3d65432b64d3.07461174,Comps
0785,TK6a3d654356b7b0.97050734,Comps
0786,TK6a3d654380d097.45196581,Comps
0787,TK6a3d67471dab08.99087031,Comps
0788,TK6a3d674746c333.50818096,Comps
0789,TK6a3d7ca1a1d3b0.41840934,Comps
0790,TK6a3d7ca2030911.93590976,Comps
0791,TK6a3d8038766278.31909616,Comps
0792,TK6a3d8038b53381.67638105,Comps
0793,TK6a3d931fb5f959.79568366,Comps
0794,TK6a3d9fe19cfab5.81311245,Comps
0795,TK6a3d9fe2281b44.45049650,Comps
0796,TK6a3d9fe2855c26.46977696,Comps
0797,TK6a3da2ed549250.29033121,Comps
0798,TK6a3da2edcfbf55.07178083,Comps
0799,TK6a3da3d4d71ed5.00785373,Comps
0800,TK6a3da3d557be25.87342913,Comps
0801,TK6a3da8786cbe67.97292989,Comps
0802,TK6a3da878af7706.16678811,Comps
0803,TK6a3da891bfa5d4.93866994,Comps
0804,TK6a3da891f003d9.54931519,Comps
0805,TK6a3da8b6269885.98931140,Comps
0806,TK6a3da8b65800e8.75536218,Comps
0807,TK6a3ded8f120e26.87986652,Comps
0808,TK6a3df64a1ee2f4.95944752,Comps
0809,TK6a3df64a61b6a1.45999077,Comps
0810,TK6a3dff122e3584.60445142,Comps
0811,TK6a3dff127b07b1.80329679,Comps
0812,TK6a3e79fc1458c4.76583234,Comps
0813,TK6a3e79fc60f457.83690111,Comps
0814,TK6a3eb1f93032e9.41164707,Comps
0815,TK6a3eb1f9664bb1.93339463,Comps
0816,TK6a3eb27360eea5.65994679,Comps
0817,TK6a3eb2738b92f1.92387597,Comps
0818,TK6a3eb273bbb673.56289792,Comps
0819,TK6a3eb273eaeb37.54259571,Comps
0820,TK6a3eb274269fc2.82625484,Comps
0821,TK6a3eb27455c161.07753177,Comps
0822,TK6a3eb2bdf32e26.09270695,Comps
0823,TK6a3eb2be307954.85837813,Comps
0824,TK6a3eb2be620ef9.25541830,Comps
0825,TK6a3eb5f849f882.03922377,Comps
0826,TK6a3eb5f88b0736.16526031,Comps
0827,TK6a3eb5f8b9e927.58205927,Comps
0828,TK6a3eb5f8e85056.76496764,Comps
0829,TK6a3eb5f922b753.76803733,Comps
0830,TK6a3eb5f94b78f4.69535152,Comps
0831,TK6a3eb5f973dea4.96129268,Comps
0832,TK6a3eb5f99c3786.13550163,Comps
0833,TK6a3eb5f9c51446.40105383,Comps
0834,TK6a3eb5f9ef2671.35277433,Comps
0835,TK6a3eb6fd4e2c22.97755430,Comps
0836,TK6a3eb82a186290.79871045,Comps
0837,TK6a3eb82a40f361.72665266,Comps
0838,TK6a3eb82a68c5e3.06087474,Comps
0839,TK6a3eb82a911c29.64706979,Comps
0840,TK6a3eb8a4dde801.24697317,Comps
0841,TK6a3eb8a51cb427.44380071,Comps
0842,TK6a3eb8a54ce2d6.39318167,Comps
0843,TK6a3eb8a5755f00.99271962,Comps
0844,TK6a3eb954b81b83.24891808,Comps
0845,TK6a3eb954e77eb4.96777021,Comps
0846,TK6a3eb9551ca985.03005103,Comps
0847,TK6a3eb9554579d4.93472321,Comps
0848,TK6a3eb9556e7b84.51884055,Comps
0849,TK6a3eb95599f5f0.79582422,Comps
0850,TK6a3eb955c35d28.16431263,Comps
0851,TK6a3eb955eca890.45117237,Comps
0852,TK6a3eb956217ef1.75506733,Comps
0853,TK6a3eb95649fda3.71066022,Comps
0854,TK6a3eb9567449a9.04789030,Comps
0855,TK6a3eb9569cbc28.04314051,Comps
0856,TK6a3eb956cc3f52.77316425,Comps
0857,TK6a3eb957076959.02363276,Comps
0858,TK6a3eb95735ed23.40284801,Comps
0859,TK6a3eb957659eb9.82290231,Comps
0860,TK6a3eb95794ad67.24043771,Comps
0861,TK6a3eb957c45c62.26637474,Comps
0862,TK6a3eb957f3dc75.92700600,Comps
0863,TK6a3eb9582fbfc0.46821012,Comps
0864,TK6a3ebc1d0b5541.63853431,Comps
0865,TK6a3ebc1d3a7053.46065144,Comps
0866,TK6a3ebf15bf4491.61868925,Comps
0867,TK6a3ebf15e9f0d3.28155683,Comps
0868,TK6a3ebf1622e842.95232513,Comps
0869,TK6a3ecc87640681.76027556,Comps
0870,TK6a3ecc87999918.92695048,Comps
0871,TK6a3ece11b3f854.14114627,Comps
0872,TK6a3ece1201ced8.98006717,Comps
0873,TK6a3ed182751693.61522731,Comps
0874,TK6a3ed182a6a977.80906088,Comps
0875,TK6a3ef122aa2eb0.64131995,Comps
0876,TK6a3ef122eb09a9.77352149,Comps
0877,TK6a3f02533c9674.84311534,Comps
0878,TK6a3f02536ca546.72027829,Comps
0879,TK6a3f048434e357.82410817,Comps
0880,TK6a3f053be7ef28.78305417,Comps
0881,TK6a3f053c24c939.08868915,Comps
0882,TK6a3f0932951831.18156183,Comps
0883,TK6a3f2cabc673d6.15496540,Comps
0884,TK6a3f2cac0b3450.01082918,Comps
0885,TK6a3f394d9022d4.98185667,Comps
0886,TK6a3f394dc52907.14601545,Comps
0887,TK6a3fd420dfd221.64111113,Comps
0888,TK6a3fd42a8844c5.61200557,Comps
0889,TK6a3fd6de0eed44.50654761,Comps
0890,TK6a3fd6de4c4479.83773518,Comps
0891,TK6a3fe5cac66a97.67771839,Comps
0892,TK6a3fe5cb0e5407.38153302,Comps
0893,TK6a3ff875111152.82039644,Comps
0894,TK6a400bb9095bf1.61905900,Comps
0895,TK6a400bb93b2a30.04704337,Comps
0896,TK6a400bb96ac6a9.70829225,Comps
0897,TK6a400bb9957e42.85993357,Comps
0898,TK6a400bb9bf7944.02273429,Comps
0899,TK6a400bb9e93939.74006258,Comps
0900,TK6a400c5452a3f8.77395549,Comps
0901,TK6a401b0717d1a0.65339817,Comps
0902,TK6a401b0747a7e6.01464054,Comps
0903,TK6a40227a5659f5.88954746,Comps
0904,TK6a40227a8792c6.53611321,Comps
0905,TK6a402d2a92afc8.58468596,Comps
0906,TK6a402d2ac9d9e2.57075339,Comps
0907,TK6a40310e7ef089.79547538,Comps
0908,TK6a40310ecc8aa0.52333556,Comps
0909,TK6a403157276f25.03002763,Comps
0910,TK6a403157508c18.21557178,Comps
0911,TK6a40368f5030b8.11502895,Comps
0912,TK6a40368f81c724.19312090,Comps
0913,TK6a40368faac205.76709431,Comps
0914,TK6a40368fd420e1.92774153,Comps
0915,TK6a403690093ef6.45515455,Comps
0916,TK6a40369033c089.02027643,Comps
0917,TK6a4036905d0bd6.19778870,Comps
0918,TK6a4036908e2d56.34311141,Comps
0919,TK6a403690b9a098.26671738,Comps
0920,TK6a403690eb7502.74420472,Comps
0921,TK6a40369128bb06.15544382,Comps
0922,TK6a40369157b144.77776831,Comps
0923,TK6a403691891d02.65689553,Comps
0924,TK6a403691b85f87.97514093,Comps
0925,TK6a403e346d4921.73149176,Comps
0926,TK6a403e34a62293.91302541,Comps
0927,TK6a404040e347d7.33545314,Comps
0928,TK6a4040412ee0c3.60653421,Comps
0929,TK6a40404167b348.21670373,Comps
0930,TK6a40404190e042.55207948,Comps
0931,TK6a404041bbb8b6.13125761,Comps
0932,TK6a404041e3b723.51940112,Comps
0933,TK6a40455134e865.06395309,Comps
0934,TK6a404551763b22.03943360,Comps
0935,TK6a404551a6aef7.51145869,Comps
0936,TK6a404551d6d865.56633197,Comps
0937,TK6a404552138039.02800135,Comps
0938,TK6a404a3c6d73b8.18349397,Comps
0939,TK6a404a3ca5a137.07266098,Comps
0940,TK6a404e850f9b53.68610965,Comps
0941,TK6a404fa93fb937.75157876,Comps
0942,TK6a404fa970fc80.19351373,Comps
0943,TK6a404fa9b1d951.24248500,Comps
0944,TK6a404fa9e34eb1.84818194,Comps
0945,TK6a404faa1f7d94.97482316,Comps
0946,TK6a404fc92603f3.01383380,Comps
0947,TK6a4060d5f04219.38275971,Comps
0948,TK6a4060d6353158.52564441,Comps
0949,TK6a4062cd15cf35.76382949,Comps
0950,TK6a406b8bab80e4.82502675,Comps
0951,TK6a407565664dc1.38793736,Comps
0952,TK6a4075659f0f76.61780137,Comps
0953,TK6a4079772569d1.62684455,Comps
0954,TK6a40797756c728.80937154,Comps
0955,TK6a4079d1440d47.81555696,Comps
0956,TK6a4085d55a8eb6.49621400,Comps
0957,TK6a4085d5ad9159.54189559,Comps
0958,TK6a40868114f958.86997828,Comps
0959,TK6a4086814dc350.23295700,Comps
0960,TK6a4088dc4cc002.24146609,Comps
0961,TK6a4088dd261af6.88016742,Comps
0962,TK6a408a0c73eb44.94948260,Comps
0963,TK6a408a0cc43c81.41303504,Comps
0964,TK6a408a0cf41b08.92189780,Comps
0965,TK6a408fce523130.08499813,Comps
0966,TK6a409716e85b31.64547500,Comps
0967,TK6a40a610b42d52.52194344,Comps
0968,TK6a40b6f3ba0910.92400474,Comps
0969,TK6a40b6f40a2b48.72730730,Comps
0970,TK6a41148e9bf578.94039501,Comps
0971,TK6a41169e0fbb48.24042380,Comps
0972,TK6a411c55cee8b6.39934894,Comps
0973,TK6a411c561dfd46.76667014,Comps
0974,TK6a41205b7bc7f2.78158862,Comps
0975,TK6a41205bc6bcd9.24338591,Comps
0976,TK6a41205c271306.35833670,Comps
0977,TK6a41205c56db52.75939938,Comps
0978,TK6a41205c8576c0.38560022,Comps
0979,TK6a4123b1a34c46.93844118,Comps
0980,TK6a4123b1e5cdb5.95179751,Comps
0981,TK6a4125bd0bce06.95368559,Comps
0982,TK6a4125bd4e56a2.73019399,Comps
0983,TK6a4125c27a2444.04392609,Comps
0984,TK6a4129f26380e4.08230785,Comps
0985,TK6a412a20dbc6c1.48412234,Comps
0986,TK6a412a2117e336.30817212,Comps
0987,TK6a412a215c5478.76441490,Comps
0988,TK6a412d189caa24.41540644,Comps
0989,TK6a41307d98d513.34923539,Comps
0990,TK6a41307defe755.72155697,Comps
0991,TK6a4133ad71bb48.55950244,Comps
0992,TK6a4133adbcb1b6.55529678,Comps
0993,TK6a4133ae1d9a84.58332822,Comps
0994,TK6a4133ae50d345.90472014,Comps
0995,TK6a4133c3837620.56310621,Comps
0996,TK6a4133c6dcf565.12428822,Comps
0997,TK6a4133c7199359.74463496,Comps
0998,TK6a41358562e426.06664412,Comps
0999,TK6a41360554ff50.53484862,Comps
1000,TK6a413996985ee0.20931134,Comps
1001,TK6a413bdfe10531.23502745,Comps
1002,TK6a413e0eea6b97.66852428,Comps
1003,TK6a413e0f46d893.60894479,Comps
1004,TK6a413f28080572.95958721,Comps
1005,TK6a41401e54bb93.51209518,Comps
1006,TK6a41401e96ae22.35680398,Comps
1007,TK6a41401f115330.33138339,Comps
1008,TK6a41401f427456.10747655,Comps
1009,TK6a4141e0475100.77331900,Comps
1010,TK6a4141e0773704.28124933,Comps
1011,TK6a41437b74d5e4.51699985,Comps
1012,TK6a4149ed1ed418.50329061,Comps
1013,TK6a4149ed5a4724.62237238,Comps
1014,TK6a4149edbf09e7.96636482,Comps
1015,TK6a414e487ceb97.70853812,Comps
1016,TK6a414e48bf4b74.24937438,Comps
1017,TK6a414e49126660.63028230,Comps
1018,TK6a414e49446c13.04651127,Comps
1019,TK6a414e49769f23.91104872,Comps
1020,TK6a414e49aa0f53.72561750,Comps
1021,TK6a414e49de8761.76857571,Comps
1022,TK6a414e4a1dbe68.14974179,Comps
1023,TK6a414e4a4fb3a5.80549441,Comps
1024,TK6a414e4a807254.78527592,Comps
1025,TK6a414f6dadaca1.40638683,Comps
1026,TK6a414f6e0a4fd0.76191808,Comps
1027,TK6a414f6e6f8a50.32978532,Comps
1028,TK6a414f6ea04777.62857583,Comps
1029,TK6a414f6ed18001.14786544,Comps
1030,TK6a415000e88fe6.45284141,Comps
1031,TK6a415001234f31.50278203,Comps
1032,TK6a41500154e9d3.62521417,Comps
1033,TK6a4150e00c61f2.23137663,Comps
1034,TK6a4151c00feb63.24624483,Comps
1035,TK6a4151c04ee723.37516291,Comps
1036,TK6a41549a1a51b9.56323809,Comps
1037,TK6a41549a5d6df0.71938302,Comps
1038,TK6a4158aa810705.37825425,Comps
1039,TK6a4158aabfc237.64268082,Comps
1040,TK6a415cae13bb22.88088053,Comps
1041,TK6a4162700610c9.47266189,Comps
1042,TK6a416270478372.42906782,Comps
1043,TK6a41660d5ab8c9.69053472,Comps
1044,TK6a416678360505.10080054,Comps
1045,TK6a4167536aa7d4.49342945,Comps
1046,TK6a416753acbc15.18334926,Comps
1047,TK6a41686a0c3842.44780566,Comps
1048,TK6a41686a5f2e04.39655266,Comps
1049,TK6a41686a931a28.20143142,Comps
1050,TK6a41686ac59b39.01878828,Comps
1051,TK6a416bcc1a0849.20792121,Comps
1052,TK6a416bcc5b1248.35708232,Comps
1053,TK6a417008ee2c91.12031049,Comps
1054,TK6a41700941a487.30561976,Comps
1055,TK6a4177ac3b2437.23901898,Comps
1056,TK6a4179e4e9f2c5.73589404,Comps
1057,TK6a417a1a54e074.88847996,Comps
1058,TK6a417a1a980311.09135860,Comps
1059,TK6a417af9b176a0.74850043,Comps
1060,TK6a417af9eff007.64821644,Comps
1061,TK6a417afa2b03c8.54517288,Comps
1062,TK6a417b21cf5d46.80413115,Comps
1063,TK6a417b220a09c1.82752075,Comps
1064,TK6a417c6c0b49e4.54302537,Comps
1065,TK6a417c6c49f517.20751881,Comps
1066,IET69e8ca1c01e403.99833877,Early Bird
1067,IET69e8ca1c022745.83458181,Early Bird
1068,IET69e8ca24ae0b58.89969297,Early Bird
1069,IET69e8ca5a29e675.86008211,Early Bird
1070,IET69e8ca5a2a2be0.68843996,Early Bird
1071,IET69e8cbcbccd4a5.39525810,Early Bird
1072,IET69e8cbcbcd2f10.77457847,Early Bird
1073,IET69e8cbe7bad977.37623140,Early Bird
1074,IET69e8cc87d98492.07124796,Early Bird
1075,IET69e8ce4ee12ec3.28809324,Early Bird
1076,IET69e8cee77a7ec1.22243536,Early Bird
1077,IET69e8d006459b11.20463492,Early Bird
1078,IET69e8d0355a01b0.50637196,Early Bird
1079,IET69e8d0355a5705.13692273,Early Bird
1080,IET69e8d0355aa7a9.64203301,Early Bird
1081,IET69e8d1124ef026.96960409,Early Bird
1082,IET69e8d1124f4411.67868639,Early Bird
1083,IET69e8d1b19815d9.63346385,Early Bird
1084,IET69e8d1b19861f9.07411820,Early Bird
1085,IET69e8d1c56cba56.39305987,Early Bird
1086,IET69e8d2ab4887c8.90876466,Early Bird
1087,IET69e8d3d89a27c6.92523368,Early Bird
1088,IET69e8d3d89a6db3.90828798,Early Bird
1089,IET69e8d489bf3295.40261001,Early Bird
1090,IET69e8d489bf78f2.15448682,Early Bird
1091,IET69e8d7e6916425.71855860,Early Bird
1092,IET69e8d7e6963eb7.45945388,Early Bird
1093,IET69e8d83f9916a6.15288503,Early Bird
1094,IET69e8d83f9961b5.98171884,Early Bird
1095,IET69e8d894a0b3d6.66402152,Early Bird
1096,IET69e8da3c555805.68072823,Early Bird
1097,IET69e8da3c559f59.95880835,Early Bird
1098,IET69e8de5fe4c673.41106608,Early Bird
1099,IET69e8e1b88f3cd5.85045726,Early Bird
1100,IET69e8e211f37c04.45895138,Early Bird
1101,IET69e8e39be32db3.67896734,Early Bird
1102,IET69e8e3be530086.66182826,Early Bird
1103,IET69e8e59f4342a8.19984987,Early Bird
1104,IET69e8e59f439552.38173676,Early Bird
1105,IET69e8e59f43d743.54620894,Early Bird
1106,IET69e8ea6a8adc09.38690184,Early Bird
1107,IET69e8ebdb19b478.43773511,Early Bird
1108,IET69e8ebdc2c7285.61286962,Early Bird
1109,IET69e8eef2469ea9.80394129,Early Bird
1110,IET69e8eef246e948.02287898,Early Bird
1111,IET69e8f1430fe202.45148838,Early Bird
1112,IET69e8f143103b15.75011869,Early Bird
1113,IET69e8f3c330bf62.36225797,Early Bird
1114,IET69e8fd8f085410.25122928,Early Bird
1115,IET69e8fd8f08a9d5.82634238,Early Bird
1116,IET69e9063d0e8f74.03561709,Early Bird
1117,IET69e908de22fef5.66770489,Early Bird
1118,IET69e908de234c69.75306531,Early Bird
1119,IET69e90d6f2c58c2.30780871,Early Bird
1120,IET69e90e62a05d03.45747855,Early Bird
1121,IET69e90e62a0a350.93560446,Early Bird
1122,IET69e9107c6a9fa3.85199716,Early Bird
1123,IET69e912224303a9.27207016,Early Bird
1124,IET69e920451d9446.00408878,Early Bird
1125,IET69e92760b39753.84276685,Early Bird
1126,IET69e92760b3f903.83314132,Early Bird
1127,IET69e93e96d01119.29750103,Early Bird
1128,IET69e93e96d07752.52454335,Early Bird
1129,IET69e942065e76d9.36852368,Early Bird
1130,IET69e942065ec999.55118783,Early Bird
1131,IET69e944c63e7820.62905765,Early Bird
1132,IET69e945bb474ce5.32058139,Early Bird
1133,IET69e945bb479a45.59903632,Early Bird
1134,IET69e960e1a3f1d8.67681106,Early Bird
1135,IET69e960e1a43af5.10700908,Early Bird
1136,IET69e9680234eea3.72536137,Early Bird
1137,IET69e97b9ccc0c91.16719054,Early Bird
1138,IET69e97b9ccc56c7.51087123,Early Bird
1139,IET69e982c15fd741.34687456,Early Bird
1140,IET69e982c1602369.30503843,Early Bird
1141,IET69e990a8f0b198.15580999,Early Bird
1142,IET69e99499cc4445.86762421,Early Bird
1143,IET69ea102748fb85.94147359,Early Bird
1144,IET69ea13ce166988.50401254,Early Bird
1145,IET69ea13ce16b3e0.86844818,Early Bird
1146,IET69ea1bad005d40.56039655,Early Bird
1147,IET69ea1bad00cb84.89622651,Early Bird
1148,IET69ea1ffa3cf926.74103254,Early Bird
1149,IET69ea1ffa3d6907.69607957,Early Bird
1150,IET69ea254972a411.66148077,Early Bird
1151,IET69ea2549730bc3.51954921,Early Bird
1152,IET69ea32f1ca9279.29766291,Early Bird
1153,IET69ea32f1cae686.16776783,Early Bird
1154,IET69ea8c232876b4.58007465,Early Bird
1155,IET69eaa298411766.79679359,Early Bird
1156,IET69eaa2984e0f66.99061131,Early Bird
1157,IET69eab2412f8336.64226809,Early Bird
1158,IET69eab655508d00.30564632,Early Bird
1159,IET69eab655510074.35531830,Early Bird
1160,IET69eb57acd0f542.04841890,Early Bird
1161,IET69eb57acd14b43.68244429,Early Bird
1162,IET69eb57acd196d6.25521874,Early Bird
1163,IET69eb5d5975fbe8.10337547,Early Bird
1164,IET69eb5de69e6bb9.11633106,Early Bird
1165,IET69eb694a043745.64532393,Early Bird
1166,IET69eb77c002c035.68237500,Early Bird
1167,IET69eb77c0031bf3.64327303,Early Bird
1168,IET69eba964d34535.79949794,Early Bird
1169,IET69ebb72b962311.75897092,Early Bird
1170,IET69ebb72b967ac4.52281053,Early Bird
1171,IET69ebbdd954fe08.50123923,Early Bird
1172,IET69ebcc4b90fbb9.90805957,Early Bird
1173,IET69ebdbab2ce1a2.58215269,Early Bird
1174,IET69ebdbab2e36d1.44527535,Early Bird
1175,IET69ebeac88af8e8.77515927,Early Bird
1176,IET69ebeac88b5c99.47142306,Early Bird
1177,IET69ebf025d9f761.87821360,Early Bird
1178,IET69ebf025da5029.93803816,Early Bird
1179,IET69ebf9f3db3452.24219800,Early Bird
1180,IET69ebfe78ccb494.83287985,Early Bird
1181,IET69ec08fec628b5.63976352,Early Bird
1182,IET69ec08fec67cd2.85701316,Early Bird
1183,IET69ec09ea316883.82154001,Early Bird
1184,IET69ec133ce5da10.74742133,Early Bird
1185,IET69ec133ce62192.64827803,Early Bird
1186,IET69ec436a6cd819.27295220,Early Bird
1187,IET69ec436a6d2583.51907421,Early Bird
1188,IET69ec7b8419eda2.65818893,Early Bird
1189,IET69ec7b841a3617.09180536,Early Bird
1190,IET69ecbb65642830.06180172,Early Bird
1191,IET69ecc26103e835.47720963,Early Bird
1192,IET69ecc29047e2d9.85508814,Early Bird
1193,IET69ecc2904839a0.82771806,Early Bird
1194,IET69ecdf48d74887.25457376,Early Bird
1195,IET69ecdf48d79f19.51868469,Early Bird
1196,IET69ecdf48d7e231.56752500,Early Bird
1197,IET69ecf60a9cc4d7.96855163,Early Bird
1198,IET69ecfafd838313.73615656,Early Bird
1199,IET69ecfc7f7608d1.87506832,Early Bird
1200,IET69ed11dc5c7642.47758119,Early Bird
1201,IET69ed41c6995832.89101017,Early Bird
1202,IET69ed41c699a568.96492847,Early Bird
1203,IET69ed42b80b0ac1.20202770,Early Bird
1204,IET69ed71ffb497a6.34519789,Early Bird
1205,IET69ed71ffb4f428.91087617,Early Bird
1206,IET69ee01884decd8.89872515,Early Bird
1207,IET69ee0d5d0d7050.50274754,Early Bird
1208,IET69ee0d5d0dbaa3.48278142,Early Bird
1209,IET69ee269e9b8435.12896348,Early Bird
1210,IET69ee30f085eae9.83203351,Early Bird
1211,IET69ee31334d0d11.10172574,Early Bird
1212,IET69ee6fa90c2a52.94421517,Early Bird
1213,IET69ee75927e2686.63188390,Early Bird
1214,IET69ee79781ec094.75403083,Early Bird
1215,IET69ee7d2dbe9ca3.87580870,Early Bird
1216,IET69ee7d2dbef7c6.16228890,Early Bird
1217,IET69eefe6acabb12.48820249,Early Bird
1218,IET69ef49fc6b7444.55384678,Early Bird
1219,IET69ef49fc6bc767.10337942,Early Bird
1220,IET69ef5f82120901.91641578,Early Bird
1221,IET69ef5f821256e3.45147431,Early Bird
1222,IET69ef624ac2a7d2.53840829,Early Bird
1223,IET69ef78f66fd987.52356775,Early Bird
1224,IET69ef78f6704303.87643473,Early Bird
1225,IET69ef9799f3f4e6.61183051,Early Bird
1226,IET69ef979a001c70.50688610,Early Bird
1227,IET69efa2a456a4e5.97634532,Early Bird
1228,IET69efa2a4571919.58174610,Early Bird
1229,IET69efa2a4577582.81170934,Early Bird
1230,IET69efcae0a33ba8.31618308,Early Bird
1231,IET69f0130e7836c7.19595742,Early Bird
1232,IET69f0130e788bf1.26994818,Early Bird
1233,IET69f0151c50fcb5.56974502,Early Bird
1234,IET69f0154ed2af61.43131387,Early Bird
1235,IET69f01b53cab890.71883669,Early Bird
1236,IET69f01b53cb1978.26155539,Early Bird
1237,IET69f048629d0dc1.09792023,Early Bird
1238,IET69f048629d5c56.78565238,Early Bird
1239,IET69f060a2b5ca26.38697493,Early Bird
1240,IET69f0aed86091b7.04301006,Early Bird
1241,IET69f0aed860dbc7.47047638,Early Bird
1242,IET69f0aed8611ee1.70652005,Early Bird
1243,IET69f0aed86165e7.52251444,Early Bird
1244,IET69f0b274ed4bb1.75470424,Early Bird
1245,IET69f0b3ff1072c9.10821494,Early Bird
1246,IET69f0f588878815.25729962,Early Bird
1247,IET69f0f58887df78.51069520,Early Bird
1248,IET69f0f588882995.19154024,Early Bird
1249,IET69f10f4476bc80.18487215,Early Bird
1250,IET69f10f44770886.78403496,Early Bird
1251,IET69f143914b8ce3.02437962,Early Bird
1252,IET69f14628978998.44144741,Early Bird
1253,IET69f1462897d974.28405551,Early Bird
1254,IET69f1471c690886.72782704,Early Bird
1255,IET69f1471c6954b8.45760746,Early Bird
1256,IET69f15c3849e584.24379398,Early Bird
1257,IET69f15c384a3b66.73245353,Early Bird
1258,IET69f15c384a7b02.54495894,Early Bird
1259,IET69f15c384abaf2.32172549,Early Bird
1260,IET69f15c384afe59.97468532,Early Bird
1261,IET69f1f7dd03f643.50436124,Early Bird
1262,IET69f1f7dd044946.86561118,Early Bird
1263,IET69f201b473e531.99849908,Early Bird
1264,IET69f201b47440d6.50315311,Early Bird
1265,IET69f28a391789d4.29678666,Early Bird
1266,IET6a276ef59e6e84.59555805,Friends and Family
1267,IET6a276ef59eb655.93844443,Friends and Family
1268,IET6a276f23c8ca41.89507266,Friends and Family
1269,IET6a276f23c91287.55754918,Friends and Family
1270,IET6a28c826cfd5a6.72329686,Friends and Family
1271,IET6a28c826d02659.08195871,Friends and Family
1272,IET6a2975cb85a145.22721293,Friends and Family
1273,IET6a2975cb85fd46.48859690,Friends and Family
1274,IET6a29999deae576.48201512,Friends and Family
1275,IET6a29999deb3688.17811757,Friends and Family
1276,IET6a29f7d7c34038.62093697,Friends and Family
1277,IET6a2ade8a4857f6.26886708,Friends and Family
1278,IET6a2ade8a48be37.78503884,Friends and Family
1279,IET6a2ade8a48fdd7.92681050,Friends and Family
1280,IET6a2c02de05cfb7.64131908,Friends and Family
1281,IET6a2cb2547e11d1.85443915,Friends and Family
1282,IET6a2dea939e2fd2.31314793,Friends and Family
1283,IET6a2f38243f8e46.61729989,Friends and Family
1284,IET6a319aea5cba54.83042992,Friends and Family
1285,IET6a319aea5d0c14.60754247,Friends and Family
1286,IET6a321a4da63ed7.79040729,Friends and Family
1287,IET6a328a0b8aa5b2.30382663,Friends and Family
1288,IET6a328a0b8aecf5.39228115,Friends and Family
1289,IET6a328a0b8b2ba3.57540516,Friends and Family
1290,IET6a328f603eeb60.63297457,Friends and Family
1291,IET6a328f603f4c20.08952919,Friends and Family
1292,IET6a32a7656d0db2.64154774,Friends and Family
1293,IET6a32a7656d5b73.91825875,Friends and Family
1294,IET6a33300b432c44.86552282,Friends and Family
1295,IET6a3342bb5ddff4.01141863,Friends and Family
1296,IET6a3420e7bddea1.17894849,Friends and Family
1297,IET6a34acd1a18a70.29020930,Friends and Family
1298,IET6a360fb75f20b4.85194097,Friends and Family
1299,IET6a37dc18c73867.51966226,Friends and Family
1300,IET6a3814b616fe76.00637376,Friends and Family
1301,IET6a382b89a97439.03204033,Friends and Family
1302,IET6a382b89a9d110.11445501,Friends and Family
1303,IET6a3932f0b7b476.41264686,Friends and Family
1304,IET6a398f59775ba0.16492039,Friends and Family
1305,IET6a398f5977d7d7.63709598,Friends and Family
1306,IET6a3a92050c1a50.84377738,Friends and Family
1307,IET6a3a92050c6967.28253096,Friends and Family
1308,IET6a3adffb2803b9.04653718,Friends and Family
1309,IET6a3b25b93d04f3.16913896,Friends and Family
1310,IET6a3bd8cd34b4b6.31971701,Friends and Family
1311,IET6a3c2cb7e31080.80321860,Friends and Family
1312,IET6a3c43fdc790d0.93785459,Friends and Family
1313,IET6a3c43fdc7e587.79441311,Friends and Family
1314,IET6a3c8c5ebaa876.09218656,Friends and Family
1315,IET6a3c92115b1024.77105081,Friends and Family
1316,IET6a3c92115b7242.97491782,Friends and Family
1317,IET6a3d3a7da5e087.41344865,Friends and Family
1318,IET6a3d3d3907fc34.28152755,Friends and Family
1319,IET6a3d3d39084d76.19073614,Friends and Family
1320,IET6a3d3e1dcb1ee7.60414912,Friends and Family
1321,IET6a3d6ad693b9b8.15296596,Friends and Family
1322,IET6a3db7e197cf27.33009833,Friends and Family
1323,IET6a3db7e1982660.00744230,Friends and Family
1324,IET6a3dca7c49ed04.23597446,Friends and Family
1325,IET6a3ddba266e858.62748637,Friends and Family
1326,IET6a3ddba2673c55.90924896,Friends and Family
1327,IET6a3e65e88846d1.07406552,Friends and Family
1328,IET6a3e65e88886c2.22025997,Friends and Family
1329,IET6a3e9a7aa86165.13080395,Friends and Family
1330,IET6a3e9a7aa8a835.31183557,Friends and Family
1331,IET6a3ea2188e1071.66571673,Friends and Family
1332,IET6a3ea2188e5ec3.52765277,Friends and Family
1333,IET6a3ea876b58a24.95308051,Friends and Family
1334,IET6a3ea876b5d863.09349385,Friends and Family
1335,IET6a3ea8a0751f61.77167108,Friends and Family
1336,IET6a3ea8a07573f8.90318055,Friends and Family
1337,IET6a3eb1c05da065.85564788,Friends and Family
1338,IET6a3ebcd60fa0c6.46168569,Friends and Family
1339,IET6a3ebcd60fec03.98818550,Friends and Family
1340,IET6a3ebcd61030a7.92828053,Friends and Family
1341,IET6a3ee1114c8f12.08410195,Friends and Family
1342,IET6a3ee1114ced48.52084182,Friends and Family
1343,IET6a3ee50e8081c1.09581164,Friends and Family
1344,IET6a3ee50e80f081.19400095,Friends and Family
1345,IET6a3f0e1c7c46b5.22349005,Friends and Family
1346,IET6a3f582942bf69.43211710,Friends and Family
1347,IET6a3fd705ed4303.36509199,Friends and Family
1348,IET6a3fd705edba97.04039794,Friends and Family
1349,IET6a3ffb918e5907.92448461,Friends and Family
1350,IET6a4015634d4113.68226745,Friends and Family
1351,IET6a401a2c35ae29.38275950,Friends and Family
1352,IET6a401a2c35f945.49154810,Friends and Family
1353,IET6a4025e864ec83.97595094,Friends and Family
1354,IET6a403210975f25.68723960,Friends and Family
1355,IET6a40372e1c90c0.82130677,Friends and Family
1356,IET6a40372e1cede4.74568919,Friends and Family
1357,IET6a40632716f455.13681020,Friends and Family
1358,IET6a406327173f47.85924613,Friends and Family
1359,IET6a4087b99d1758.37247924,Friends and Family
1360,IET6a411029125ce8.25255346,Friends and Family
1361,IET6a41212028f601.92723049,Friends and Family
1362,IET6a412120296251.14846913,Friends and Family
1363,IET6a41397d2abd98.26172095,Friends and Family
1364,IET6a41397d2b2487.83966728,Friends and Family
1365,IET6a413ee571eac0.55250801,Friends and Family
1366,IET6a414dfd9ce309.61215614,Friends and Family
1367,IET6a4150fca03b03.64348737,Friends and Family
1368,IET6a41639dcfa939.93727242,Friends and Family
1369,IET6a416edc7210a2.47448116,Friends and Family
1370,IET6a417ced086ee9.96712911,Friends and Family
1371,IET69f28aa46aeb35.20525535,General
1372,IET69f29d9047b714.41995911,General
1373,IET69f2a4391c97d0.27330043,General
1374,IET69f2a4391cebe9.64527254,General
1375,IET69f2b6b91437e7.70304812,General
1376,IET69f2b6b9147f86.50567716,General
1377,IET69f2c809e2b509.06885717,General
1378,IET69f2c809e306d3.32842658,General
1379,IET69f36d2919a460.36094560,General
1380,IET69f36d2919f184.32665945,General
1381,IET69f3b9b9846a37.62011702,General
1382,IET69f4d16b8f6d85.61352356,General
1383,IET69f4dc7d279414.12542659,General
1384,IET69f4dc7d27e081.89304045,General
1385,IET69f501037350b3.03583316,General
1386,IET69f50103739b24.11070974,General
1387,IET69f60fd82cada9.34935821,General
1388,IET69f65aea9e6e04.62813333,General
1389,IET69f65aea9eb803.11403740,General
1390,IET69f69983b49501.35194410,General
1391,IET69f69983b4ed29.55841890,General
1392,IET69f6a55be55e41.60735629,General
1393,IET69f75d12033606.98397705,General
1394,IET69f75dc06a0237.24871982,General
1395,IET69f78de4152907.21364539,General
1396,IET69f7adbb670fe9.71999589,General
1397,IET69f7e4ef05b519.99530373,General
1398,IET69f7e4ef061047.26655096,General
1399,IET69f890e4104df5.75450979,General
1400,IET69f8e760332df8.43135369,General
1401,IET69f8ea4b7007e4.37211744,General
1402,IET69f8ea4b705e91.62914426,General
1403,IET69f8f6bbea5da6.56686464,General
1404,IET69f8f6bbeaa652.55872950,General
1405,IET69f91e9eb55b19.68193519,General
1406,IET69f91e9eb5b097.09595572,General
1407,IET69f92747e36682.83181294,General
1408,IET69f92747e3ae48.73536472,General
1409,IET69f942edf3cd27.91808304,General
1410,IET69f964a53378d0.85195917,General
1411,IET69f964a533c584.70748702,General
1412,IET69fa640f7f2711.34510778,General
1413,IET69fa640f7f8884.13367438,General
1414,IET69fb2c30915070.10248785,General
1415,IET69fb575e959d40.48412496,General
1416,IET69fb575e95ef33.42796378,General
1417,IET69fbc062290151.32380333,General
1418,IET69fbc062295463.95647015,General
1419,IET69fbc062299ce2.73874284,General
1420,IET69fbc06229ea25.05698593,General
1421,IET69fbd723e1f4c9.33294721,General
1422,IET69fbe42912bb57.55430619,General
1423,IET69fbe4291315a5.03481056,General
1424,IET69fc04de079d76.78795431,General
1425,IET69fc04de07e663.92156031,General
1426,IET69fcfa3894b0e9.40299602,General
1427,IET69fcfa3894fd81.89305013,General
1428,IET69fd10590f85b2.50947647,General
1429,IET69fd4584844c38.99057340,General
1430,IET69fd458484ac33.76804849,General
1431,IET69fd5a67879c60.06102728,General
1432,IET69fe4dc876d987.65330109,General
1433,IET6a00b0ae205074.58463273,General
1434,IET6a00d0e7a9d083.86068263,General
1435,IET6a00e377e78e97.76199928,General
1436,IET6a00e377e7d899.27154846,General
1437,IET6a00ebe03e3050.25425425,General
1438,IET6a00ebe03e8075.76491220,General
1439,IET6a01ae9a2e5f79.49232647,General
1440,IET6a01c3175c8430.83052440,General
1441,IET6a01c3175cda74.42912323,General
1442,IET6a01c3175d2d41.44149685,General
1443,IET6a022271636b67.23388652,General
1444,IET6a02227163bed2.35925334,General
1445,IET6a0281ed609c26.66319126,General
1446,IET6a0322db1cd197.93316999,General
1447,IET6a0368ffa5f893.94745756,General
1448,IET6a039fb96b2d88.11271621,General
1449,IET6a03bb99eccfd3.20928738,General
1450,IET6a04c55d534115.09923280,General
1451,IET6a04f7d3909433.23930133,General
1452,IET6a04f7d390df12.04791940,General
1453,IET6a04fba0ae4f52.09330528,General
1454,IET6a06299ce06ff4.20297105,General
1455,IET6a066386ba1eb1.40729151,General
1456,IET6a0673046d47c1.50877265,General
1457,IET6a0713aebced05.85939671,General
1458,IET6a0713aebd3589.48285806,General
1459,IET6a0713aebd7669.28465018,General
1460,IET6a0750c6513a83.00694247,General
1461,IET6a0773baed49c0.02844947,General
1462,IET6a07a2fcb6b6c7.17970593,General
1463,IET6a087e6a1d5386.75569813,General
1464,IET6a087e6a1dee09.10871559,General
1465,IET6a089a664230d7.24498916,General
1466,IET6a08a6e4810091.03840192,General
1467,IET6a09327d13f6a2.20833308,General
1468,IET6a09ca3082a8d5.82450638,General
1469,IET6a0af408dab136.32172322,General
1470,IET6a0b59ac24b596.74563010,General
1471,IET6a0b59ac2519f4.03773474,General
1472,IET6a0b9ab30aad48.27817670,General
1473,IET6a0b9faaac4db8.68755292,General
1474,IET6a0bb6f4061085.11984431,General
1475,IET6a0bb7ee89b419.84279964,General
1476,IET6a0bc5b9b016a7.00403004,General
1477,IET6a0c6fb0173f81.51370095,General
1478,IET6a0c6fb017a4f0.87364086,General
1479,IET6a0c76a7995755.47245057,General
1480,IET6a0c76a799c071.13555369,General
1481,IET6a0cfd94aa9d10.72955761,General
1482,IET6a0dc1b4dbe747.47650599,General
1483,IET6a0dc1b4dc3919.48142738,General
1484,IET6a0e3628a4fa58.42026093,General
1485,IET6a0e468b912402.47211313,General
1486,IET6a0f98dabae3f0.63338849,General
1487,IET6a0f98dabb2ff4.05060735,General
1488,IET6a0fc1250fa5a0.12473000,General
1489,IET6a0fc1e4ed1935.53472554,General
1490,IET6a1071456027b8.13274235,General
1491,IET6a109e99c69b66.39612745,General
1492,IET6a109e99c6e625.91605528,General
1493,IET6a10b3aa1c20e5.53931488,General
1494,IET6a10b3aa1c77c7.11754154,General
1495,IET6a10ce02c8a559.52100217,General
1496,IET6a10ce02c8f7e4.22371834,General
1497,IET6a10ce02c94366.94574219,General
1498,IET6a11acf08bd209.04221478,General
1499,IET6a11acf08c1861.49674323,General
1500,IET6a11ba28692150.52598663,General
1501,IET6a11ba28696fc4.74358429,General
1502,IET6a11c63d98ca65.41022329,General
1503,IET6a11c63d991a76.91941220,General
1504,IET6a11c8e3c6a156.59893943,General
1505,IET6a11d57e3dce28.14438352,General
1506,IET6a1213285ba059.98297196,General
1507,IET6a137702c922c1.02926184,General
1508,IET6a137702c97719.14526948,General
1509,IET6a13a3659d0dc7.94645567,General
1510,IET6a13a7dc0acfb4.73596665,General
1511,IET6a13a7dc0b1c29.02610708,General
1512,IET6a144dbe314690.09603306,General
1513,IET6a14a4b25320d9.21620398,General
1514,IET6a14a4b25378f0.44869788,General
1515,IET6a14e012ec3015.89369297,General
1516,IET6a15dc5fae6097.00791990,General
1517,IET6a15f95ab565d5.34387410,General
1518,IET6a15fcac3d7ac8.23172676,General
1519,IET6a161b8341c8d8.55730702,General
1520,IET6a162a6b6284d4.36679246,General
1521,IET6a162a6b62d188.92738209,General
1522,IET6a163858d5b1a5.65803628,General
1523,IET6a16dfc90164b2.54788216,General
1524,IET6a16e16e4a8853.19938560,General
1525,IET6a16e16e4adc48.50450090,General
1526,IET6a16f724d956e3.19913484,General
1527,IET6a16f724d99e28.23773341,General
1528,IET6a17831fac8f78.99857385,General
1529,IET6a17831fad1339.29414454,General
1530,IET6a1792f0960103.61057254,General
1531,IET6a1792f0965570.88623103,General
1532,IET6a179858b0e550.17535585,General
1533,IET6a179858b1d6e5.95554640,General
1534,IET6a17b0685bb4c7.18581630,General
1535,IET6a17b0685c0208.40353346,General
1536,IET6a182706253e04.95684229,General
1537,IET6a1827062588d4.84025137,General
1538,IET6a184637d3f5b1.63195844,General
1539,IET6a184637d447e4.12542125,General
1540,IET6a184637d49171.59219618,General
1541,IET6a1857223a4c02.95442539,General
1542,IET6a18865e2ad534.78395605,General
1543,IET6a18865e2b2120.56050962,General
1544,IET6a18865e2b6073.17705352,General
1545,IET6a18c36d62c061.51863747,General
1546,IET6a18c36d631925.46907270,General
1547,IET6a18c663c61059.61005006,General
1548,IET6a18d441808b76.43816538,General
1549,IET6a196d8ba26ff4.86344979,General
1550,IET6a196d8ba2c618.88411702,General
1551,IET6a198d589b4694.19198660,General
1552,IET6a199be33450e3.27552552,General
1553,IET6a199be334a5a5.44876074,General
1554,IET6a19cf9038ca83.87474954,General
1555,IET6a19cf903935c3.99829016,General
1556,IET6a19f504ee5941.93160974,General
1557,IET6a19f85a1c8f24.31270995,General
1558,IET6a19fe11a40dc5.57149789,General
1559,IET6a1a2152a8a184.79421562,General
1560,IET6a1a2152a8eed4.17528278,General
1561,IET6a1a4567743a92.99725978,General
1562,IET6a1a48ee0922c7.76994589,General
1563,IET6a1a48ee0967a3.97159056,General
1564,IET6a1a48ee09aee3.36019270,General
1565,IET6a1a7616923425.75735868,General
1566,IET6a1ada87582d40.45756934,General
1567,IET6a1adbc081bd84.50873648,General
1568,IET6a1adf10464730.67089712,General
1569,IET6a1adf10469107.53041954,General
1570,IET6a1adff9eafcc9.71940894,General
1571,IET6a1af5328307f2.80239982,General
1572,IET6a1af532836681.01040615,General
1573,IET6a1b088f616604.79353826,General
1574,IET6a1c6955a09989.49217931,General
1575,IET6a1cb2cfb07575.42081358,General
1576,IET6a1cfc8a8ae257.00797400,General
1577,IET6a1d721ef3ec82.17368107,General
1578,IET6a1d721f001295.46844441,General
1579,IET6a1d721f0055a5.84551747,General
1580,IET6a1d88e8437fe2.98014258,General
1581,IET6a1d88e843e447.68931259,General
1582,IET6a1dc7fd0708e0.76062057,General
1583,IET6a1e0f2f80f113.29490931,General
1584,IET6a1e14a4e29162.43858752,General
1585,IET6a1e1c977c4ea8.61820246,General
1586,IET6a1edca5546e90.38224995,General
1587,IET6a1edca554cdc0.26927990,General
1588,IET6a1ee8f22b3c00.92961753,General
1589,IET6a1f20a1275107.85550649,General
1590,IET6a1f20a1279eb0.03295778,General
1591,IET6a1f28b721f193.34186955,General
1592,IET6a1f28b7223f84.82413087,General
1593,IET6a1f4d09116511.12323724,General
1594,IET6a1f4d0911bab8.42298921,General
1595,IET6a1f7205b2a8a2.11448795,General
1596,IET6a1f7205b2ff69.97798199,General
1597,IET6a1f8c5a8103f2.07737088,General
1598,IET6a201cbddbc9f7.88239695,General
1599,IET6a21bae41639c6.81028158,General
1600,IET6a21bae4168f49.34797301,General
1601,IET6a21decbb0bfc7.63812162,General
1602,IET6a221db7647870.18388687,General
1603,IET6a2226a8d13d46.30639797,General
1604,IET6a224b0333f243.85028304,General
1605,IET6a22cc0c9eacc4.83369172,General
1606,IET6a2305232fb7c3.72433297,General
1607,IET6a230523301e26.86030725,General
1608,IET6a230523306f04.79427033,General
1609,IET6a2307961745e4.59300283,General
1610,IET6a231ad1c44498.47797217,General
1611,IET6a23344687af76.92038099,General
1612,IET6a233446880d97.03954449,General
1613,IET6a236d83e64510.06441669,General
1614,IET6a237bce39df68.96569170,General
1615,IET6a237bce3a3f68.52125193,General
1616,IET6a243863af5149.71885062,General
1617,IET6a2485994558e9.41631402,General
1618,IET6a24859945a4e2.88835422,General
1619,IET6a24ac218d4b99.39102740,General
1620,IET6a24c5d12d5e98.15374534,General
1621,IET6a24c5d12daa05.16556620,General
1622,IET6a24c5d12dea58.03568074,General
1623,IET6a24c6a404ebb0.55401037,General
1624,IET6a24c6efd02b36.38097632,General
1625,IET6a24c7fb08bf52.07084243,General
1626,IET6a24c7fb0912e9.76163875,General
1627,IET6a24f9baa38a75.93924914,General
1628,IET6a2530889b8435.67638353,General
1629,IET6a2530889c1624.38402094,General
1630,IET6a25b549d338e0.75567248,General
1631,IET6a25d9cdd25913.43443950,General
1632,IET6a25d9cdd2b751.26225910,General
1633,IET6a261025aa7006.40093043,General
1634,IET6a26275946e2a4.53342135,General
1635,IET6a262759473949.40031986,General
1636,IET6a262a7bb51709.99432147,General
1637,IET6a26a78c435e46.81078140,General
1638,IET6a26a78c43c1e4.45512707,General
1639,IET6a26b830519d83.97053234,General
1640,IET6a27368f524f70.35245400,General
1641,IET6a2750779f7c55.06868922,General
1642,IET6a2758709b99f8.00198630,General
1643,IET6a275a2521dd70.80225835,General
1644,IET6a275a25222da0.78581165,General
1645,IET6a275dbe5efa31.53387053,General
1646,IET6a277699755f37.87772625,General
1647,IET6a2787907ade87.95379097,General
1648,IET6a28143a53fcb3.36550388,General
1649,IET6a28148c91d9f2.43642291,General
1650,IET6a2816262c0a06.28078267,General
1651,IET6a2827655963d4.38183347,General
1652,IET6a28492ed93bb9.67738208,General
1653,IET6a28492ed98647.86227034,General
1654,IET6a285f457fe6d2.88474040,General
1655,IET6a285f458031c8.25593483,General
1656,IET6a2881938660d2.30638969,General
1657,IET6a289599737d02.48996764,General
1658,IET6a28a9e6001977.67783244,General
1659,IET6a28a9e6007093.91375260,General
1660,IET6a28dd0ea90de5.55420787,General
1661,IET6a28dd0ea953b3.09391373,General
1662,IET6a294473853d80.59755656,General
1663,IET6a295923772814.40650382,General
1664,IET6a295923777df6.79233291,General
1665,IET6a29881b31c684.70508883,General
1666,IET6a29881b3218c2.68457189,General
1667,IET6a29b0535b3aa1.98265519,General
1668,IET6a29ea1732f9d9.52946418,General
1669,IET6a29ea17335479.76537408,General
1670,IET6a29f2155df411.21494106,General
1671,IET6a29f2155e6e17.67998884,General
1672,IET6a2a05659596f0.66042840,General
1673,IET6a2a0565960cb0.62548452,General
1674,IET6a2ac292cd0f51.02135797,General
1675,IET6a2ac8d5c5d405.97570778,General
1676,IET6a2ac8d5c62be6.32792460,General
1677,IET6a2ae3de281048.81723895,General
1678,IET6a2ae3de2857f8.77393873,General
1679,IET6a2b0220204203.10263340,General
1680,IET6a2b0220208fe4.30854681,General
1681,IET6a2b022020d930.49004666,General
1682,IET6a2b0ee9556a22.72172179,General
1683,IET6a2b30b6a7d947.48411901,General
1684,IET6a2b627c8b6ab3.69017984,General
1685,IET6a2c2ae4040e73.17753113,General
1686,IET6a2c2ae4046377.15103898,General
1687,IET6a2c7fb25aaf48.92193290,General
1688,IET6a2cb40565f446.21419754,General
1689,IET6a2cb405c37c17.41998959,General
1690,IET6a2cb54392fac9.82544910,General
1691,IET6a2cd0dee44639.21679049,General
1692,IET6a2cd32a95dd53.60270865,General
1693,IET6a2cded573e750.66676039,General
1694,IET6a2cded57449c9.74483832,General
1695,IET6a2cf1a0a4e626.50126058,General
1696,IET6a2cf1a0a54ea6.55442902,General
1697,IET6a2cf6997bba40.47772846,General
1698,IET6a2d58df911228.23383825,General
1699,IET6a2d58df917079.48436955,General
1700,IET6a2d61b1df9932.89698255,General
1701,IET6a2d73f741a721.12789457,General
1702,IET6a2d73f741fb60.34886930,General
1703,IET6a2d782dcc2819.32117457,General
1704,IET6a2d782dcd0be6.52666211,General
1705,IET6a2d8e4c2ede42.37854057,General
1706,IET6a2d8f66c35eb5.08190284,General
1707,IET6a2d8f66c3aff2.94098233,General
1708,IET6a2d8f66c3f217.14279331,General
1709,IET6a2d8f66c434b6.52947347,General
1710,IET6a2d93fb8bcc04.11917458,General
1711,IET6a2d93fb8c1b67.32959866,General
1712,IET6a2dadb1827889.15327250,General
1713,IET6a2dadb182c271.48061838,General
1714,IET6a2db45facaf82.71426345,General
1715,IET6a2df242abe065.40681732,General
1716,IET6a2df242ac4618.69115256,General
1717,IET6a2df2572c86e8.97546193,General
1718,IET6a2df2572cd7c5.73967867,General
1719,IET6a2df6fa517371.06367095,General
1720,IET6a2df6fa51cde1.72033153,General
1721,IET6a2df84787fa26.78685848,General
1722,IET6a2df847884e93.29150234,General
1723,IET6a2e00253174b5.97444473,General
1724,IET6a2e002531d068.80184931,General
1725,IET6a2e11d316d9a2.91119465,General
1726,IET6a2e31838592e6.07287687,General
1727,IET6a2e9fb4ab0a56.98902414,General
1728,IET6a2eb6b9ef2d83.86958769,General
1729,IET6a2eca307e6fb3.84795212,General
1730,IET6a2eca307ec5f6.57095330,General
1731,IET6a2ed500ebb892.94739005,General
1732,IET6a2ed8222e47d7.53505767,General
1733,IET6a2ede960aa9a6.16683918,General
1734,IET6a2ede960af241.90312840,General
1735,IET6a2ef5d7f3ccd9.47416242,General
1736,IET6a2f2377e9a963.22627195,General
1737,IET6a2f2377e9f023.96628567,General
1738,IET6a2f326acf7322.46961262,General
1739,IET6a2f48e8d029a8.35150145,General
1740,IET6a2f524683fbf8.84799315,General
1741,IET6a2f6099854183.73509914,General
1742,IET6a2f6099858864.13615223,General
1743,IET6a2f609985c5a5.36147693,General
1744,IET6a2f75073c8f88.81471759,General
1745,IET6a2f920cec2e50.77636598,General
1746,IET6a2fe9d64119c1.62268680,General
1747,IET6a2fff0d9f3380.04206495,General
1748,IET6a2fff0d9f7cd0.45031289,General
1749,IET6a301de04726b4.56285775,General
1750,IET6a303b862e6930.18206954,General
1751,IET6a303b862ec855.46844202,General
1752,IET6a303b862f1641.06134561,General
1753,IET6a305f2ad5ba89.65716334,General
1754,IET6a305f2ad62595.74081281,General
1755,IET6a307d20cc8ad8.98034537,General
1756,IET6a3084568239f5.21857858,General
1757,IET6a30f96a4aaa39.63984158,General
1758,IET6a3174a9aa3f09.34275052,General
1759,IET6a3174a9aa9218.39898549,General
1760,IET6a317735291439.89753041,General
1761,IET6a31997cc60fa0.43079050,General
1762,IET6a31a827001b04.54601518,General
1763,IET6a31cb9493a880.52306533,General
1764,IET6a31d03f55e595.95653324,General
1765,IET6a32a57b851c75.13592350,General
1766,IET6a32ad93156046.98211063,General
1767,IET6a32b1c4653880.07106431,General
1768,IET6a32b5821435b7.01236574,General
1769,IET6a32b887038515.90565816,General
1770,IET6a32b88703d353.91093564,General
1771,IET6a32bea957e869.31186748,General
1772,IET6a32bea9583606.65108860,General
1773,IET6a32c21b658ab7.35315763,General
1774,IET6a32ced4bd55b1.45670325,General
1775,IET6a32ea882a5b99.89034774,General
1776,IET6a32ed8bc16c87.31689233,General
1777,IET6a32feaa7de8c3.98175404,General
1778,IET6a32feaa7e3466.25889077,General
1779,IET6a33004add2374.97108837,General
1780,IET6a330ca43217b9.06114573,General
1781,IET6a330ca4326d18.83800612,General
1782,IET6a3324b09f8892.71409580,General
1783,IET6a3324b09fdcc0.13439624,General
1784,IET6a3334f67aff00.31736284,General
1785,IET6a33cc3aac1de1.32140181,General
1786,IET6a34065ed07e70.24494395,General
1787,IET6a341b4808bc96.97020420,General
1788,IET6a3436cacda759.75190831,General
1789,IET6a3436cad55ae6.42062033,General
1790,IET6a346d8db80f83.08379580,General
1791,IET6a3480d8c1f261.15435018,General
1792,IET6a3480d8c23ae8.59744150,General
1793,IET6a3480d8c27e04.39764756,General
1794,IET6a34a939cbef95.72072359,General
1795,IET6a34c78fa02b88.02911001,General
1796,IET6a34c78fa07913.77320423,General
1797,IET6a34cc260459f3.58715806,General
1798,IET6a34dfae8710f8.19716769,General
1799,IET6a34dfae8757d8.18607077,General
1800,IET6a3525055ad246.61385200,General
1801,IET6a3525055b2188.39102120,General
1802,IET6a358830d86801.19067216,General
1803,IET6a358ee8434d64.88757556,General
1804,IET6a35bd538cdca6.74643996,General
1805,IET6a360595106505.54365442,General
1806,IET6a36906b842143.04867173,General
1807,IET6a36aab3e071b6.01966217,General
1808,IET6a36aab5416be3.79517295,General
1809,IET6a36b9186534a3.99300077,General
1810,IET6a36babd3172e6.87628747,General
1811,IET6a36cfe3eb9090.38091502,General
1812,IET6a3713ea679919.78663093,General
1813,IET6a3713ea67e054.49497236,General
1814,IET6a371a3ea8c7b2.84923019,General
1815,IET6a371a3ea91799.40561168,General
1816,IET6a380d86bca5a7.60675573,General
1817,IET6a381206edff73.06015615,General
1818,IET6a3816c8a74f80.94482284,General
1819,IET6a3816c8a7a445.61424610,General
1820,IET6a383265f32fe2.41818443,General
1821,IET6a383265f38018.50943813,General
1822,IET6a3833e51f5f51.89642681,General
1823,IET6a38349919a817.70281304,General
1824,IET6a38349919ea69.19355098,General
1825,IET6a384ae3c95c35.35812084,General
1826,IET6a384ae3c9ab08.13256231,General
1827,IET6a3855a4b49e24.45725833,General
1828,IET6a385adb71ac58.32676231,General
1829,IET6a385f07d4a327.02327934,General
1830,IET6a38712c145406.21929900,General
1831,IET6a38712c149760.14597477,General
1832,IET6a38ac970e92a1.76282474,General
1833,IET6a38b35cd62382.84472527,General
1834,IET6a3933626a8660.69113227,General
1835,IET6a3941fdb2dc81.33168946,General
1836,IET6a3946b48c2966.62868338,General
1837,IET6a394784751325.08072291,General
1838,IET6a394de4706b31.57568835,General
1839,IET6a3965a3327937.68371472,General
1840,IET6a3965a332d404.38355014,General
1841,IET6a3972be1a5d61.17143380,General
1842,IET6a3976fb354073.73491383,General
1843,IET6a397a65603d81.51150234,General
1844,IET6a397a65608d64.47770240,General
1845,IET6a398b323a0d70.55318316,General
1846,IET6a398b323a5ca2.75691298,General
1847,IET6a39ac5eb9c3f3.98654908,General
1848,IET6a39af25ba17a8.73353958,General
1849,IET6a39af25ba8b38.83254844,General
1850,IET6a39c28707f2c7.27036197,General
1851,IET6a39cb40a677b0.50952853,General
1852,IET6a39cb40a6cad5.04982783,General
1853,IET6a39cb40a71497.49149609,General
1854,IET6a39cf1ed13e65.17628085,General
1855,IET6a39cf1ed1a2e0.83186795,General
1856,IET6a39cf29e92041.95926508,General
1857,IET6a39dc8843bbb3.58997806,General
1858,IET6a39dc884410b7.85075108,General
1859,IET6a39dd9c433f72.57366483,General
1860,IET6a39e1c080d391.60838295,General
1861,IET6a39e1c0812877.28086384,General
1862,IET6a39e1c0817135.14460155,General
1863,IET6a39ef9790a518.76521161,General
1864,IET6a3a659848d509.61912155,General
1865,IET6a3a71b6136954.73914446,General
1866,IET6a3a846006fea8.27774464,General
1867,IET6a3a8ec71a4db8.56646752,General
1868,IET6a3a959a0f8845.05606687,General
1869,IET6a3aa213345017.69766219,General
1870,IET6a3aafb941e429.13297085,General
1871,IET6a3aafb94243e3.54601227,General
1872,IET6a3ab1b2a97db7.66023460,General
1873,IET6a3ac38d49ca28.35347443,General
1874,IET6a3ac38d4a3f72.04652270,General
1875,IET6a3acad858f4c6.84857585,General
1876,IET6a3ad75d66dc37.74134891,General
1877,IET6a3ad75d673e44.12143929,General
1878,IET6a3ae236d8d293.52593404,General
1879,IET6a3ae3d06e9259.98736625,General
1880,IET6a3af387d36fa7.69199048,General
1881,IET6a3af387d3b7d9.98895945,General
1882,IET6a3af946898515.50303083,General
1883,IET6a3afc8ad62908.36111410,General
1884,IET6a3b0e8c5caeb2.97026440,General
1885,IET6a3b0e8c5d1b49.76421080,General
1886,IET6a3b1027e68242.33881283,General
1887,IET6a3b1027e6e217.08263360,General
1888,IET6a3b13c53c0af5.14862120,General
1889,IET6a3b13c53c5938.28261352,General
1890,IET6a3b2d1ea6ea28.78821196,General
1891,IET6a3b37f46908c4.83273236,General
1892,IET6a3b37f46975f5.00815328,General
1893,IET6a3b3826e2f880.91579859,General
1894,IET6a3b390290f217.06973938,General
1895,IET6a3b3902914543.82047836,General
1896,IET6a3b3cbff35985.37230245,General
1897,IET6a3b3cbff3ba02.09043343,General
1898,IET6a3b50017d10a3.45401518,General
1899,IET6a3b5d9da5cb90.58204611,General
1900,IET6a3bb78ca3bfe5.04475621,General
1901,IET6a3bda4eec68a6.86681076,General
1902,IET6a3bda4eecca79.56305983,General
1903,IET6a3beb141c9d46.38372236,General
1904,IET6a3bec366bf3f8.07938603,General
1905,IET6a3bf4675fb2b7.93494495,General
1906,IET6a3bf553432401.80822129,General
1907,IET6a3c03084c19f0.40017574,General
1908,IET6a3c03084c6453.45608013,General
1909,IET6a3c0887170aa8.73149889,General
1910,IET6a3c0e02a29959.08879479,General
1911,IET6a3c1a5d5e7178.65257178,General
1912,IET6a3c1a5d5eccc3.44676084,General
1913,IET6a3c22c951c160.70024139,General
1914,IET6a3c2823eb5729.05109361,General
1915,IET6a3c4e14e13866.15106188,General
1916,IET6a3c4e14e1a8b5.38491740,General
1917,IET6a3c4e14e1f369.69517912,General
1918,IET6a3c4e14e240e0.41397469,General
1919,IET6a3c4e14e29181.12703999,General
1920,IET6a3c4e14e2daf2.15332816,General
1921,IET6a3c4e693bcdf0.80799349,General
1922,IET6a3c57746e6b46.13482666,General
1923,IET6a3c57746ec205.95707203,General
1924,IET6a3c64acc142d7.38706048,General
1925,IET6a3c7e6e74b308.65471742,General
1926,IET6a3c7e6e7500a8.68829589,General
1927,IET6a3c89fabb0bb7.88759736,General
1928,IET6a3c9007ec4c82.55883852,General
1929,IET6a3c9007ec9aa1.87222825,General
1930,IET6a3c9b9bce0191.53983723,General
1931,IET6a3c9b9bce5d12.09644728,General
1932,IET6a3c9ea8c2e993.51928807,General
1933,IET6a3d1c111e6d30.70165655,General
1934,IET6a3d1c111ebbc6.40163860,General
1935,IET6a3d1f30dd93d8.84320273,General
1936,IET6a3d1f30dde343.28249294,General
1937,IET6a3d2c84819a69.47610273,General
1938,IET6a3d2c848205c5.83667809,General
1939,IET6a3d2e446f14b3.54105450,General
1940,IET6a3d2e446f6a12.81133688,General
1941,IET6a3d335bcc55a2.39816696,General
1942,IET6a3d341d454c30.25001610,General
1943,IET6a3d341d45a9b0.11784293,General
1944,IET6a3d53d0ca9ab4.56052834,General
1945,IET6a3d53d0cb2a11.83877992,General
1946,IET6a3d5af68ec979.19112394,General
1947,IET6a3d6983c745c5.69045699,General
1948,IET6a3d6b60796001.02163022,General
1949,IET6a3d6b6079a750.28449862,General
1950,IET6a3d6f7c9955b8.76865618,General
1951,IET6a3d6f7c99af19.19691448,General
1952,IET6a3d7048938627.48064038,General
1953,IET6a3d704893e1b9.74377093,General
1954,IET6a3d75d59f8120.50348715,General
1955,IET6a3d7acd2437d0.23253293,General
1956,IET6a3d7b024a4d93.97900059,General
1957,IET6a3d7cd32fd972.01070756,General
1958,IET6a3d7cd33021b0.79254858,General
1959,IET6a3d7cd3319d30.43731018,General
1960,IET6a3d85406aebf6.93222154,General
1961,IET6a3d9142045659.11268736,General
1962,IET6a3d9a04891cb2.77897713,General
1963,IET6a3d9e4c271f65.13020146,General
1964,IET6a3da03cb2f328.31322086,General
1965,IET6a3da03cb35183.84097784,General
1966,IET6a3da86a628d68.81269340,General
1967,IET6a3da86a62e005.80061282,General
1968,IET6a3daa03e121d2.67594788,General
1969,IET6a3daa03e19d49.64019980,General
1970,IET6a3db420ec31b0.18845438,General
1971,IET6a3dbf38bd5030.12221783,General
1972,IET6a3dc82cb840e9.40599096,General
1973,IET6a3dc8b23f50e2.24293870,General
1974,IET6a3dcef984bae8.64810158,General
1975,IET6a3dd803b017a9.87595100,General
1976,IET6a3de784d45f63.30269667,General
1977,IET6a3def423852a6.57745766,General
1978,IET6a3def4238bbb6.14722731,General
1979,IET6a3df03036e434.99422629,General
1980,IET6a3df030373d25.21394829,General
1981,IET6a3e47b36fcb63.83153721,General
1982,IET6a3e65e887ac37.37494378,General
1983,IET6a3e65e887f315.28168917,General
1984,IET6a3e82ed3baaf6.06701916,General
1985,IET6a3e82ed3c0731.89684311,General
1986,IET6a3e8775e9cec2.99045314,General
1987,IET6a3e8775ea3826.05952467,General
1988,IET6a3e8b0c29edf7.59903715,General
1989,IET6a3e9d71d3bab7.78534853,General
1990,IET6a3e9d71d404d6.41232214,General
1991,IET6a3e9d71d59256.64787143,General
1992,IET6a3e9dab93a6d8.39756100,General
1993,IET6a3ea3bedeccc2.09765266,General
1994,IET6a3ea560244dd9.73013446,General
1995,IET6a3ea56024b6e2.95294797,General
1996,IET6a3ea560251033.80700536,General
1997,IET6a3ea560256089.26360086,General
1998,IET6a3eb579003057.59754608,General
1999,IET6a3ebb94b1fd45.99954228,General
2000,IET6a3ebca5275380.06104934,General
2001,IET6a3ebca527c570.64947980,General
2002,IET6a3ebd09846010.32914339,General
2003,IET6a3ec26032d802.51854212,General
2004,IET6a3ec3e1487b13.10653483,General
2005,IET6a3ec5b32dc016.98426171,General
2006,IET6a3ec92dde6872.84611015,General
2007,IET6a3ed6867d8080.56411891,General
2008,IET6a3edaf98e8114.09650456,General
2009,IET6a3edaf98f6f10.61951920,General
2010,IET6a3ee3b2b300e3.16866410,General
2011,IET6a3ee3b2b35413.40598901,General
2012,IET6a3ee4fa014f54.38516892,General
2013,IET6a3ef3a78b8504.90405534,General
2014,IET6a3ef3a78bd0e0.67866763,General
2015,IET6a3ef72c9493c4.93258989,General
2016,IET6a3efaa53b1868.15228599,General
2017,IET6a3efaca572133.48088561,General
2018,IET6a3efaca5777b7.88250210,General
2019,IET6a3efaed93f655.07641936,General
2020,IET6a3efb5cf118c5.69138112,General
2021,IET6a3f155be31199.80642807,General
2022,IET6a3f1e5126a826.45776826,General
2023,IET6a3f1e99dbff28.49093250,General
2024,IET6a3f21c184c3f4.81155556,General
2025,IET6a3f2ae8650213.17613328,General
2026,IET6a3f2ae8654455.63017770,General
2027,IET6a3f36917c0853.32563557,General
2028,IET6a3f40e3e83510.29736178,General
2029,IET6a3f40e3e88d62.11364574,General
2030,IET6a3f4c08c91072.56341335,General
2031,IET6a3f4edd5edee2.84248591,General
2032,IET6a3f61a1276b58.40771828,General
2033,IET6a3fc48e0cd056.60779904,General
2034,IET6a3fc48e0d34a2.15982915,General
2035,IET6a3fc48e0d8f89.11520732,General
2036,IET6a2b3a7b901455.83141867,Late Tickets
2037,IET6a3fc6ca8637d4.51053283,Late Tickets
2038,IET6a3fcc44599d84.90880432,Late Tickets
2039,IET6a3fd1ba6b1e34.11847233,Late Tickets
2040,IET6a3fd280ea12a1.41519858,Late Tickets
2041,IET6a3fdea02a5a55.84784139,Late Tickets
2042,IET6a3fdec8640e13.14889134,Late Tickets
2043,IET6a3fdf982031f9.93739004,Late Tickets
2044,IET6a3fdf98208652.16223812,Late Tickets
2045,IET6a3fdf9820cf67.98957385,Late Tickets
2046,IET6a3fe5b1814383.97139649,Late Tickets
2047,IET6a3fe928660fb2.62042189,Late Tickets
2048,IET6a3fe928668127.21840350,Late Tickets
2049,IET6a3ff010746ad2.38159176,Late Tickets
2050,IET6a3ff01074bb64.99067037,Late Tickets
2051,IET6a3ff0107505e0.66399943,Late Tickets
2052,IET6a3ff010754f20.47789910,Late Tickets
2053,IET6a3ff02cd46a58.72384267,Late Tickets
2054,IET6a3ff177b19135.88866210,Late Tickets
2055,IET6a3ff4726003f3.03826755,Late Tickets
2056,IET6a3ff472605616.29272603,Late Tickets
2057,IET6a3ff472609980.16492756,Late Tickets
2058,IET6a3ff630d8e124.05772448,Late Tickets
2059,IET6a3ff630d942e4.26870052,Late Tickets
2060,IET6a3ff7783bbfc1.92223746,Late Tickets
2061,IET6a3ff7783c14a7.14450031,Late Tickets
2062,IET6a3ff892d726f7.98047860,Late Tickets
2063,IET6a400298e0d705.73724406,Late Tickets
2064,IET6a4005579d28b0.62591196,Late Tickets
2065,IET6a4006766654b6.89566895,Late Tickets
2066,IET6a400c3c24fd22.91405503,Late Tickets
2067,IET6a401336344b02.56539734,Late Tickets
2068,IET6a401a090f1691.15558023,Late Tickets
2069,IET6a40209a161159.33309968,Late Tickets
2070,IET6a40209a1666c7.67023877,Late Tickets
2071,IET6a4021c33ee748.26835554,Late Tickets
2072,IET6a4025a780a9d6.14178989,Late Tickets
2073,IET6a4025a7812a32.92343021,Late Tickets
2074,IET6a40323f30e316.19004544,Late Tickets
2075,IET6a403a159ddb55.79006794,Late Tickets
2076,IET6a403becdebac8.10056987,Late Tickets
2077,IET6a403f8e3184a9.23441165,Late Tickets
2078,IET6a4040fe0d6437.93878163,Late Tickets
2079,IET6a40421161f0b8.83424960,Late Tickets
2080,IET6a404211624664.87391038,Late Tickets
2081,IET6a4043204d2b45.10074966,Late Tickets
2082,IET6a404a385e5e94.52300529,Late Tickets
2083,IET6a404a385ecdb4.83088711,Late Tickets
2084,IET6a404c0a9d5726.06119287,Late Tickets
2085,IET6a404c0a9dac23.79612467,Late Tickets
2086,IET6a404cfbeffe31.19360181,Late Tickets
2087,IET6a404cfbf062f3.83323483,Late Tickets
2088,IET6a4059a0542b74.32951868,Late Tickets
2089,IET6a4059a0547d68.37893457,Late Tickets
2090,IET6a405ea3ea56a9.11506799,Late Tickets
2091,IET6a405ed5814883.98550613,Late Tickets
2092,IET6a4065141a3993.09396027,Late Tickets
2093,IET6a4066238ad4b6.09062074,Late Tickets
2094,IET6a4069c8eb2025.51236100,Late Tickets
2095,IET6a406a8edb4663.36294203,Late Tickets
2096,IET6a406bd157bc36.14646093,Late Tickets
2097,IET6a406e0bc8cb43.53683829,Late Tickets
2098,IET6a406e9e311913.76818819,Late Tickets
2099,IET6a4071d20bc215.63526388,Late Tickets
2100,IET6a4071d20c20c9.05775449,Late Tickets
2101,IET6a4071d20c6746.17761758,Late Tickets
2102,IET6a407945731579.78358479,Late Tickets
2103,IET6a4087281d3448.27268639,Late Tickets
2104,IET6a4087281d7a84.71284798,Late Tickets
2105,IET6a408c2ba0e473.59978276,Late Tickets
2106,IET6a408d5abdaeb0.52674629,Late Tickets
2107,IET6a4097c832bb87.61872600,Late Tickets
2108,IET6a40b475d8df43.01016087,Late Tickets
2109,IET6a40da087e0016.92486807,Late Tickets
2110,IET6a40e44938e7c2.95919501,Late Tickets
2111,IET6a40e4493935d7.28536825,Late Tickets
2112,IET6a410ae42f14f1.06234714,Late Tickets
2113,IET6a410ae4347ba5.88549054,Late Tickets
2114,IET6a410e9745e682.10319654,Late Tickets
2115,IET6a410e97464051.70132772,Late Tickets
2116,IET6a41115ba510d7.96824678,Late Tickets
2117,IET6a4113fe20f054.55884531,Late Tickets
2118,IET6a411aba947856.94727230,Late Tickets
2119,IET6a411aba94c618.65775580,Late Tickets
2120,IET6a4124a178f597.11279099,Late Tickets
2121,IET6a41255825c700.75124472,Late Tickets
2122,IET6a412dc22f9ac0.11821887,Late Tickets
2123,IET6a412dc22fec29.31261380,Late Tickets
2124,IET6a412e8ae17ef4.41909837,Late Tickets
2125,IET6a412ececbeae4.97395441,Late Tickets
2126,IET6a412ececc38e4.01036930,Late Tickets
2127,IET6a41312cc9d322.98461385,Late Tickets
2128,IET6a413285eb0566.49991128,Late Tickets
2129,IET6a413715ea2451.16567270,Late Tickets
2130,IET6a413a3da9a545.96533758,Late Tickets
2131,IET6a413bd20feff1.16504955,Late Tickets
2132,IET6a413bf161e407.41805555,Late Tickets
2133,IET6a414286af4e24.18974135,Late Tickets
2134,IET6a41475206a215.44475010,Late Tickets
2135,IET6a41475206eff9.36859708,Late Tickets
2136,IET6a41482893ff71.56520188,Late Tickets
2137,IET6a414895bb4414.58118512,Late Tickets
2138,IET6a414a56e08632.69506414,Late Tickets
2139,IET6a414ab3033c28.00363512,Late Tickets
2140,IET6a414b8ece1087.49721994,Late Tickets
2141,IET6a414ec0eb93b5.47433450,Late Tickets
2142,IET6a414ec0ebe9f6.67005721,Late Tickets
2143,IET6a4152fdbee233.80259577,Late Tickets
2144,IET6a4152fdbf3614.62047618,Late Tickets
2145,IET6a41584a764e06.76482050,Late Tickets
2146,IET6a41597b508926.18094236,Late Tickets
2147,IET6a415a74137b35.29148031,Late Tickets
2148,IET6a415ae27bfe98.92644236,Late Tickets
2149,IET6a415b7f8b00c0.32377407,Late Tickets
2150,IET6a415c2a4b6f00.05937099,Late Tickets
2151,IET6a415c2a4bc582.76075351,Late Tickets
2152,IET6a415ef8dc70a7.04879678,Late Tickets
2153,IET6a41635d507d43.80891810,Late Tickets
2154,IET6a4164f51eb332.70961603,Late Tickets
2155,IET6a41650c83a899.87292916,Late Tickets
2156,IET6a41650c83f6e0.91033740,Late Tickets
2157,IET6a4167b0b3a655.04167512,Late Tickets
2158,IET6a416897b9d119.38378750,Late Tickets
2159,IET6a416992a99dd5.08316186,Late Tickets
2160,IET6a416e51942a62.60638723,Late Tickets
2161,IET6a416e51947ab3.16842798,Late Tickets
2162,IET6a416e5686a786.06714240,Late Tickets
2163,IET6a416e5686fe75.99783710,Late Tickets
2164,IET6a416f03e93728.30542598,Late Tickets
2165,IET6a4171f743e4a7.26784343,Late Tickets
2166,IET6a4173e6b43127.48088734,Late Tickets
2167,IET6a4173f31d2189.89015620,Late Tickets
2168,IET6a417435e1bd91.00851735,Late Tickets
2169,IET6a417435e218b6.89650657,Late Tickets
2170,IET6a4176ff5718c7.05308426,Late Tickets
2171,IET6a4176ff577567.70215154,Late Tickets
2172,IET6a4177ba7ab846.38252719,Late Tickets
2173,IET6a4177ba7b0859.88081049,Late Tickets
2174,IET6a417a9e31cdc5.38924921,Late Tickets
2175,TK6a409bc2a00219.60376743,Vendor Pass
2176,TK6a40b35b17a0b2.96249657,Vendor Pass
2177,TK6a412ff956c2b1.21625711,Vendor Pass
2178,TK6a412ff9889591.80124671,Vendor Pass
2179,TK6a4177c1d6bf09.32525505,Vendor Pass
