0001,y6DEMRcH3UVMsHtJFY3Sz6q,C- PL
0002,5gpCnYm7eQP55AmGmU2x9PG,Cash Sale
0003,iwcnpjp9sBwnZGHYHZmjtBj,Comps
0004,Kv6C5hJzQ8aRtSFpLibwWTv,Comps
0005,wTKhtyB8MU5hSPAKmhGCp8A,Comps
0006,uUgjdaj4j3NnQsVvt4vGiCu,Comps
0007,eMWMz4mEfsUFKAK95WgrWy6,Comps
0008,PsbPLQNucH5Nz4TdgfstMSu,Comps
0009,s4nci4TV4NftjUiYL5peLSU,Comps
0010,dqcuPQa6JwADM54xH3b77tL,Comps
0011,vQahBeMQVqhCr53NqQQLZXe,Comps
0012,gPeaxDQSP2SSdFH4rMivyjt,Comps
0013,T4ufqUJxWtqRWQ9pqVtg4nF,Comps
0014,ETne8SjTYyzhQHPnKgGJb4w,Comps
0015,cgyquyf7mXsWCVjnZMVtFCA,Comps
0016,imQdcBGkarYWbvzJJhZXTqR,Comps
0017,AvWhFWtWJ79f7K8G89HjWG5,Comps
0018,2EJzWju8K4SzJLARzYT6Ne5,Comps
0019,hAUkDYUKak4v7gaRBxnMaMq,Comps
0020,4u2687YeAwh8SjgemTHgBFJ,Comps
0021,Xu7EiEDVKpBEcByErik6W3x,Comps
0022,B9BQhzeK8NNpyTkgfbmP3BM,Comps
0023,LuttVFUUgTMMptzR28DiHY3,Comps
0024,ydstP349iX38wNesvH6NbRS,Comps
0025,WxZCduDVKuKjacUb6Xm574e,Comps
0026,QsH9nYbVUdkW5gX5mrkgkNk,Comps
0027,JrMY4RkabgDsLvzbgZVaGNC,Comps
0028,9v9NmxLUBuhVpYpWUQmcDXM,Comps
0029,ak4S7MLdCbRmZK7rbBRePFJ,Comps
0030,G6dL8zsF94nkRgEskZUKYQH,Comps
0031,Ycs3DH5eXJcNUGDQzB67bnG,Comps
0032,bZ2WTz8n8MtqywXXjBGx4ja,Comps
0033,KhSC3BDc3nHPNsJSyWKTVbY,Comps
0034,7iBPjA4ujYd2wwdfDkehYn4,Comps
0035,CXX6Q74zVSG9b5irWYRyDet,Comps
0036,CC3hEgbnhtXgfwdSTJzNf2W,Comps
0037,uArLCFxGJeFxeMAmGfXUxdG,Comps
0038,dq7CD4DJk4PyVKsGiFXwqdT,Comps
0039,DZLWDAUC5SvQAyDLzjQ7drn,Comps
0040,uUGrs5awfPS8utkA878TW9d,Comps
0041,29PRtdASWknu5tYfPcD4jwC,Comps
0042,97SA27MtxLgGtYBzTZCru7P,Comps
0043,4DCBkZWL945qE7CaGrQuPRy,Comps
0044,q6Gwr5k2YzvWSAEyGcuQSDb,Comps
0045,hLWpAsVm2hJ2fnYFwpA5Nsq,Comps
0046,wjZz8DtMcXA2nZCi4amw2Gq,Comps
0047,AVnPnvXRL2t6ezqgreSRG4Z,Comps
0048,nh7fD7i47miqqUXuCQYXu7E,Comps
0049,diHKaqgDD8xYHLhiQWi5KqM,Comps
0050,4gHDLELhQwtBHMD846LgMf6,Comps
0051,jW4EbtsSKbtrZ8BTevt7VXV,Comps
0052,GuxNdHc3yBq85L4CHLirUFQ,Comps
0053,Fua9EHte3bBEZifFLPRJnHB,Comps
0054,QnCiRTMM4b7tZLnXB9vyMyZ,Comps
0055,v2Fyjbkjpi2NC4eVBanrEvj,Comps
0056,pMBmSfCENUsnfMrGq8hXnGe,Comps
0057,5h4CVUKkghFmXKK3bKeyQ8P,Comps
0058,Rg57E6wfrddyMrtKYvjMmfW,Comps
0059,SLVW9PR5vhCGs94egxv9QUj,Comps
0060,c94TfpvjGQjJuPjXFSTYt9H,Comps
0061,D3hZFefX85RYzvwfdh7pT84,Comps
0062,RcsF9tqpNR7exejYpZZsLaz,Comps
0063,S9LBYug5UfUDXGurXF2qWwH,Comps
0064,iLtuwhKpe2BEKzhSzUwDNxF,Comps
0065,5ebncXCnQeuWdR46uDLY6ku,Comps
0066,tEBHFeCCgW8T6V5CxreDvzd,Comps
0067,7ipJ3ChBrKHfjL9qSRR3n6S,Comps
0068,ihQ3886EUvYbGU5shQhkiRz,Comps
0069,nZfHamjc4pmapyBqQNXgnAY,Comps
0070,mei3anivnSgWrBT3h9jKLGy,Comps
0071,kVHvUduAsyexg6ExKtUdpwX,Comps
0072,r57xs4mZnr6KaRny8ZgyjST,Comps
0073,XUj3Qr6sDQw7BvFT5exZTyH,Comps
0074,CHy29iwZNuuSt5s7k72UU2Y,Comps
0075,4KzXQG753m2SqqRtyCfpaCe,Comps
0076,PxDBAXxTawpHVysZccC5RJx,Comps
0077,XyiaSd3A3cZ2BuUaLVnNZME,Comps
0078,YT7FEn8KbGBkTdVZgq6Mbjb,Comps
0079,dU2jhm8Kn2yvWAL8Sx9m2RN,Comps
0080,bc2cSEJHWZTkGSXvmzaDnhY,Comps
0081,nuydBVV8wGn72uxuuYTfVQJ,Comps
0082,2v6CHD9ZNM6Vf8YH6eyz6FD,Comps
0083,xWq55HT92igFEuUnMfqfKLz,Comps
0084,2bjYNtUDpyXf9HcLsE95EWK,Comps
0085,PrXtVaNhnggn2m8RQqHWrqe,Comps
0086,CECghX5SyarqZx9TPAB8gwX,Comps
0087,jvvW5RinX846jYRHazbTba4,Comps
0088,UEQJiFsGjPjM8YES29ECVTj,Comps
0089,PbJgeEGsCW4ZfAQq4cmKnPm,Comps
0090,tVv9SSUnPfNLiMp4X2mni6i,Comps
0091,C3KREKAMHzU7c4G77eadbyZ,Early Bird
0092,u5YtdDZLcx4uACDtBVHBmuU,Early Bird
0093,Rxmh5FgpYhemuKeFPeStvwj,Early Bird
0094,FLECCLW3Eu3UbW4k4cxWp8w,Early Bird
0095,tjb4vez7zpiGtdiZ7Zr4Zf9,Early Bird
0096,m3JTs8iswm3ALQkmcTV3GqF,Early Bird
0097,xJutvYqbhXtnTSReL3gMzEC,Early Bird
0098,j5aFHARBMMacsGhY2XLFXqg,Early Bird
0099,8SZY9ByhKjpGkjJ5pqHu7dv,Early Bird
0100,i28x3Dx76aPMPt62RDETayq,Early Bird
0101,cfAwjBik5hNKWfN8fB8tb7X,Early Bird
0102,sYc8xSSrCXhtNRfqVBnDNFA,Early Bird
0103,whkA2pqbyM6vG7R3VSzEeze,Early Bird
0104,r5mAMxNjPjhZ6XAkVPfQVnH,Early Bird
0105,XMXqWEeMAC7HL7GE3ghfNda,Early Bird
0106,E4d2igbVN6httVFfbNeqgGc,Early Bird
0107,y9Anz67YaxfUyjPvLTX3abK,Early Bird
0108,bnDaGw49dPzZBYyBA6EMf4X,Early Bird
0109,8m4i4hTpSpjgEB5pTmKYHN7,Early Bird
0110,ExhmWmeN5BB5CYapuSHn9Br,Early Bird
0111,C8PYYRkHpZKyp22Lhi66ezd,Early Bird
0112,HEMFAkG5rHDKFnTyzTqYKj7,Early Bird
0113,zfAQCfZaTgfb9e82Q4XBLTm,Early Bird
0114,rbBveswVE8AEsTQMqU2UdKe,Early Bird
0115,ETaVmJmjgZMssycpdpDrJEY,Early Bird
0116,5pf2EFzS3AH5ZbB2R9pgAZp,Early Bird
0117,KhB8xzfZGUNUmkDabykaG6F,Early Bird
0118,PJrwzcynQ6ZVWJKteYXiui6,Early Bird
0119,H5rTkt5wPYvfJZXyrJhNEgj,Early Bird
0120,Ja7HXWmn5VqNyiXe4ibVT7q,Early Bird
0121,xmxVjtJKYMsZrrjNpDwUmYj,Early Bird
0122,ScKfXrZtMsVzDGVfD4YjwZt,Early Bird
0123,qdsSsziCR27CZeSyA353g7X,Early Bird
0124,gyyajd2MJDTAMRgG9vLQL9k,Early Bird
0125,saqyYydsJWt6CpjbNqmkkP3,Early Bird
0126,v9WnBMEA6Dag8Yf3Yk8Esmp,Early Bird
0127,Vz4UYxLCaRsKpDv9hvAtyYr,Early Bird
0128,SJ7PUSjYGEXA9TMMQy2Q8UF,Early Bird
0129,AB5J4nrxNqXks5aAJjxznue,Early Bird
0130,2wHua2c9F7miiVHH5pVcC9z,Early Bird
0131,U9LME44kD7vuFgiaH77wrMi,Early Bird
0132,ipvx8JrZeKGx35eSt43aJUu,Early Bird
0133,VRVYZhcbrfn8Rpe8Xghz8ea,Early Bird
0134,q8qSDYrkFCXYqzRWUnYWG9g,Early Bird
0135,LXxL8k5rWsjdL4PGBYVrGmp,Early Bird
0136,pFpLbggCmckhVkCNBhFLqww,Early Bird
0137,hPAYYP3RczbXQJQAN3xgPCs,Early Bird
0138,7xrsfqsAUNprnZ7t66CGUKk,Early Bird
0139,yeDWgZ2qauqAfE3MUs5UsGM,Early Bird
0140,uiTg3RmXTkekv4XEVLSKCCK,Early Bird
0141,MS5qf9ePqZSzBTyTNwDyPnd,Early Bird
0142,wM7hF4QqLCtfuhmgViNUNXn,Early Bird
0143,wr75wi4rpzGaRpLkQfbKvxf,Early Bird
0144,nwUpT3eSJ9nFQx2F72H2Xdh,Early Bird
0145,5B3L8AQAXM4VLNWs6tw7R3A,Early Bird
0146,NSjwUgXzdWt76XtP46QvF4z,Early Bird
0147,b7JfRdeRACk74Lg5wkbAuAP,Early Bird
0148,95wWhchqEXKCmnQwZXcyrwF,Early Bird
0149,z6sz5cTnSZaWqkfuU9ewYBP,Early Bird
0150,sqGc8bs7RTqyEzeAs5y7rj3,Early Bird
0151,z75SKJVdmfnrquie8nRgkpT,Early Bird
0152,zQpXwxzC8DBKB32bJuutPYU,Early Bird
0153,qsXCvPetp6tSmA5jaM97CcF,Early Bird
0154,DeYpZPzVYnBDGbqgwvarsYj,Early Bird
0155,B5yPWdTBwkRUEKSEEzU4buw,Early Bird
0156,rcX4dm63mQW9hFqnrdSVajW,Early Bird
0157,6s9BUC9AEL4iD4jAZvCqzmt,Early Bird
0158,agm9vx95phrtMmdh8Ci3Yfg,Early Bird
0159,PaV7mFqXatKnFrxd7xht5e3,Early Bird
0160,A4PCKpmZrNUuZBqvFVERQwH,Early Bird
0161,Ew5V4ddDae742Xq7BFNtt9C,Early Bird
0162,fxtinwMSjie2Z4jkPtYrJf7,Early Bird
0163,tRtuBzHtWGkRD7MxFdgfNxp,Early Bird
0164,FXsGZV2gVztG52b4bVuXkhm,Early Bird
0165,iLuxtxBqRz9Cjqy87SzX97Z,Early Bird
0166,Fhq2hG3ZgazXNaSrJgsu3mW,Early Bird
0167,F8ncncMPbFXaUdHrFVQZyPE,Early Bird
0168,r57xD6YpkCXQyx6qNULHdFM,Early Bird
0169,dfBm5MMGsXaKu6bmcKPFbQ7,Early Bird
0170,K2PSwTDP7wjpMmzDGLq3ZbN,Early Bird
0171,icJyPqJ4dX6NLnKkF4ziB4Q,Early Bird
0172,tGhjMKktAHrEwERMUyZp5zm,Early Bird
0173,T2eyG8hqSuRu2PwtQUBirBQ,Early Bird
0174,zmYF4DCqxpMvz2DGqzwdBJ6,Early Bird
0175,XrtwtXKp228upND8NXteik6,Early Bird
0176,yNJAbTsYLy5fJLGrMQmHvWM,Early Bird
0177,dEu3UaRvfeRYFqdmqyg3iM2,Early Bird
0178,4JVL2fdLt8wAZZyMiaB7vyr,Early Bird
0179,6YUCMkYHqbKTTwmhwv5hvmN,Early Bird
0180,MTCqEshUjKk434GxKxFbNfb,Early Bird
0181,KjCyChKcC8u2g7zqKQBRWgt,Early Bird
0182,FmDGEqacHM3f8De7RbZSwzR,Early Bird
0183,Wn4VXgpaWEGFE4HnBjFdcFv,Early Bird
0184,7wTdG5MZSGhD7rkNeS36SSP,Early Bird
0185,um29EQVKXiw2vemVZvCn384,Early Bird
0186,PB8AYkV8j3CRDbqrxnv739H,Early Bird
0187,37hu5mMMhKibStMsCtqNXtu,Early Bird
0188,DNkyPuGKb4GgmhfGFW3K7uW,Early Bird
0189,F2QZB3QbwaeYHC5BfEgc7Dn,Early Bird
0190,D4bkhukjtjRrm68PjhipjGy,Early Bird
0191,s5N8vAmhVXXiNR5pvaeDSPq,Early Bird
0192,ab2GdL4C2e92BJAVCmmLDyq,Early Bird
0193,4cy6DhY2dAWdrwxyYCwFCab,Early Bird
0194,QgMR7u8f66bNgWGQfGEYmtF,Early Bird
0195,jsgizEZhusJ4Gb4qnRP87ZL,Early Bird
0196,hhUBfK8XwkUdTSn4su7uLhy,Early Bird
0197,tFCESNLDh9j7cjcbpSd7LPw,Early Bird
0198,GCKmQeucNWqyuQ3UGu5TpbQ,Early Bird
0199,R9tDETJDNbLSvZvYVnsExMr,Early Bird
0200,KWAWx7dS3sU6XPu933qi8db,Final
0201,wXtXamQ28b8yEtc5Z8eHdWR,Final
0202,rkEmuQ8aZKujwTm7942FspJ,Final
0203,8hKgbHQHuLpLfNGptZgcD8e,Final
0204,QGDvPYKQ3ZSurVwzu2Zzp2L,Final
0205,Y2nYVh8syzNbP4mfNgDGFKr,Final
0206,4jQUC4pn63p4wLdtZz3pwHi,Final
0207,yS4GFvdccBzfV3wXzXaPJDG,Final
0208,wV5Vz7c9UFhkD7VSewqDLVP,Final
0209,3QZgyCR2p5bperLMXWEKeZG,Final
0210,vjrETsZdKceUbMCQHgWidH9,Final
0211,dgyvtb5wLAiPejeQbgH5bcC,Final
0212,ws97s8yWdiC2SPWuMNVhf8B,Final
0213,sDEhXY3G9kEsvzJvzhpeuKA,Final
0214,kqwh6SPfgYvUDVVrUBXAYa7,Final
0215,XVwEkQwNKqcr7bgQDUhU9xr,Final
0216,QWFys7suFPgKMGybsidB4X2,Final
0217,e3rCQKpEyDH47EKzXrQved3,Final
0218,XCsMbcbSr8uR5vmBGccSd6W,Final
0219,GmMGERNXNg72ykES5mSXJzf,Final
0220,umVHqEr6caPNdncbK23vNjA,Final
0221,PAQpNsPYRQR9V5vw54Ni6DG,Final
0222,aQEXQFUYmVZ5eBjB85Z6hBh,Final
0223,uUxBPVvdPB56kTBRSVb7WBX,Final
0224,6vaDn2vKfgPpT7Pw3g2K7fZ,Final
0225,SgNrNHAy2z5R34JqmB2RDA9,Final
0226,LGZ6rp7DJR6Mrhbe75XpDki,Final
0227,LEPgqyaPKeAMjyMXRykhbNd,Final
0228,9v6sjQzn7uDxFffMTrNtDx6,Final
0229,CyfHj4JtPhh8ueKMTRjFDxf,Final
0230,h9dX3HzcxVAr8pkDL7Zn2i2,Final
0231,yCTSjh6YHj4jjJnaj8Uwzyv,Final
0232,feu8ASHYdQmXtd2ULyZy4We,Final
0233,4ydQTnrCn99zZtRNuHgjZDd,Final
0234,QVt58UKiFiNTvwvGAw9wYc6,Final
0235,RpMAXtuzRa29wjriFmHeeYP,Final
0236,JcFFUXq7pq9cJUPa6LpMR9m,Final
0237,3qesX7NTv977zsXVsxeb7XF,Final
0238,b7rf5tviPkycjHzsGRisQAL,Final
0239,wTPSFsVGX2EecX5BFPfyxiX,Final
0240,YA9qjcEM6FAsSuHpJQnaJRx,Final
0241,75eu49fNurPdPp3Z3Qg6n55,Final
0242,iqd9nbWCSmXTumZUf5qewCP,Final
0243,Dxv3pUzf7MDe446SqYgpPZK,Final
0244,K2VbNspexZUtXG27CY5drg8,Final
0245,xNsenNubY5CASAQA8ed5QRH,Final
0246,aH79HnrihVrSiuvYiRCkXAs,Final
0247,FkH7u26V5LcjLPTTdHwCcCm,Final
0248,niBYH8pKY8LPkyun24GNv62,Final
0249,4N8HMceNBnhzcPdEmzx4bbT,Final
0250,RngzMtYRW3wG4vQVVevzcAg,Final
0251,pLSn6XCCpVxXa6J56CnfvJF,Final
0252,Bh8gtyXTaKuDXgKvFHULTf6,Final
0253,aNqzyB9UiM2HMgxFnkK8rsW,Final
0254,CbzCtG9hq3Kgg9UaKcgzavR,Final
0255,DXQgZzNwjLqGzMNPM5ahX5t,Final
0256,YWETQjmZxT769Wb7VigKFak,Final
0257,T2cQn2xibdyMEQuGnVyHsac,Final
0258,aegmm4UKNghDUebugEVipun,Final
0259,mb9vamLyjgQkDcYCVrTEGeB,Final
0260,8JwaSbvGAAfPPe9rceApwSY,Final
0261,Vz44vQgjV3Djv4kcyiFB72z,Final
0262,v2CkqQhdHTaNWuJpWp2SWqA,Final
0263,ytw3eGEHr4NzmDW84ErtDY4,Final
0264,h4HLSwtGMWr2xt9s2EfhVsU,Final
0265,w4HRXS8xbU7thhguujyWyRX,Final
0266,kt45kQLhcHmf98sNkaqcLTJ,Final
0267,PjM7tPdMZsnRY35ybGaw7j2,Final
0268,R52BSkpVfEEksQNeVF3JrT4,Final
0269,yDfixLb833K33WhEWH3YC7a,Final
0270,Qzv9fpgfyGwU52z2uq79SX7,Final
0271,ySBRpdrxVVgted2D8EAx2Mc,Final
0272,ZLvP6EaKrCBUG2KrRgFeWAT,Final
0273,CF5cnJwmSEL3wiPXDWDAjYr,Final
0274,ErKe2gat9j8jSiNC8NJvFdD,Final
0275,zjSKWVT4mwfEfZMdzA7CrQ5,Final
0276,fs4QtTbWujc6WUzm3TuPmTE,Final
0277,STwQd3JLtKbyP8eCSS4K7gV,Final
0278,R8WL2HmarmveJPZ3dnHMxMH,Final
0279,vi8JL5ipWjkA6dczkSAHpxc,Final
0280,vLKwJHcT8CcmRpwjkHWVEL3,Final
0281,MHfyPa6atBaiC9RLbVs3FpW,Final
0282,qtNtQD2bbU4FRr3gnsXBejz,Final
0283,YzwNpRkckJugNZrvqgHagxr,Final
0284,JsTqMgAjYbnQSQdHJ3PSvr5,Final
0285,NTzm2YVq87G4ujQ8cfVNfKR,Final
0286,5v2P4mnsjkuft5sjNEsqRrs,Final
0287,2HCLFpSVZ4ZdVwtab5yd7vG,Final
0288,aniJ6EHFnTpXny4EPJZtTQG,Final Batch (PL)
0289,CpbMJ78pGXz2wAL88jDh3fL,Final Batch (PL)
0290,ZTegLLfEHDsB6dCMZnDrWae,Final Batch (PL)
0291,akGY5Q3hwLij58esicXAuBq,Final Batch (PL)
0292,VR7NtyHusb3KcjnGQM3bdcc,Final Batch (PL)
0293,85tyjjFm7h8sign4iKexvTY,Final Batch (PL)
0294,B8PB4TMaBE4VaQariyhTCjQ,Final Batch (PL)
0295,j5eGpXbSmpkiWZ4eNcq6BEy,Final Batch (PL)
0296,cHiGqY4mvD9tjHwZSFWG4Hc,Final Batch (PL)
0297,LZbSU4iYkwTAkkVPJWZmA79,Final Batch (PL)
0298,kHbbNTyiaecYtv93Aab7asF,Final Batch (PL)
0299,p6yYrZUjBXfWZEsuhv2VmCK,Final Batch (PL)
0300,6qTbvceTp8CkRMPphxrAyjW,Final Batch (PL)
0301,zQPtJ5TCB4jrLnMTvqekzFK,Final Batch (PL)
0302,Ccnc9Kfb8FktQ3cq4GQSKYb,Final Batch (PL)
0303,cgDXChcugWEUMiKmhb2pawg,Final Batch (PL)
0304,PwnRrYc93Ev7cYyiXA8i92n,Final Batch (PL)
0305,jdCS4WrD2AhHcc3zUPLVzwZ,Final Batch (PL)
0306,e8sNaHvVS29CD7dckBRmy4m,Final Batch (PL)
0307,ExcuKQevt23ESxwHpZt8HL4,Final Batch (PL)
0308,ALVAZ2dwLRF82qxhv7dLJWv,Final Batch (PL)
0309,ywSay7bnpR2WqKkqkBuX8Eh,Final Batch (PL)
0310,L8VtuWQHbZ2MjYDHyts929B,Final Batch (PL)
0311,gx4YgRLstKMM5rqzC7D2UG6,Final Batch (PL)
0312,Xn9uj7rDVVmDmvhUPs6KaAx,Final Final Final Batch!
0313,xmh9UpMhZffFnFn6m6UBTLS,Final Final Final Batch!
0314,PiddiJ7NWjYpZrdqUkL483g,Final Final Final Batch!
0315,yz9vDJvZZvNWvywCJ9zPXMT,Final Final Final Batch!
0316,dfY6vJVnEPW3W8gfmnjzrtp,Josh PL
0317,vFVzSkGfmpCqUkqaX4hk66B,Josh PL
0318,wumV3W4BxBdxbAzaa6mRjKe,PL 350
0319,yU5GXpqkWvarDpY43xGxwBw,PL 350
0320,9j6kgGCbdHxixBdPp8NFqen,Regular
0321,RRDgjqH6vmR6xn5qYKjJiTF,Regular
0322,yDpwtW6GDLKhdMWC9DaP76s,Regular
0323,UMp4TwkuYHwbqzbJ6VPsed9,Regular
0324,ax6Kw4saWgz5w52vqLAVwXK,Regular
0325,jTtRi5fn76DfkHBjyeKqMxU,Regular
0326,a7Tm4JLxqiaq4iPaJtnA8Zi,Regular
0327,NCJSfK2Wsip3FAJk6ZiDDMW,Regular
0328,S9ckk3NYZpcRKbFzML3njKU,Regular
0329,CvUZfLAuEbXNUgcL8GawrAY,Regular
0330,sSCbDh8z8nSDJH7Zv9FaJKK,Regular
0331,vGVKbiUuhu24xXNCQcGBvth,Regular
0332,iuDPUGjUWK8pK4XKp2UGvUB,Regular
0333,bghqPdnSW5ghLeYqieJwgwM,Regular
0334,68vGThc5WqGmVzbf73dCZ5M,Regular
0335,YMvYzgC7BVUsNrbaQPbc7VU,Regular
0336,QxeiZnhjKmZRgW8FwJkhYhs,Regular
0337,XxSc5DmxNjMpQZJyzW2UbHN,Regular
0338,kLA6jRRH4rZhr5XcuCHWfSy,Regular
0339,yhqALTKGydjSDpEXqN6yApt,Regular
0340,kQuxnKZrrxWqWXTFytmQBGQ,Regular
0341,5B88iwfLCNmMKWfDeygQwP8,Regular
0342,BkhuHE4C6adcraXdi7i7yLV,Regular
0343,Yx4jnbXNXvsQmfNDrViN7vV,Regular
0344,6jUagZukhaV2CxmdayqicSe,Regular
0345,E96yy9hg6nN9jtiasHuLHFs,Regular
0346,SQrcXNMDs8zVQifnw6PXMg3,Regular
0347,wLd4RhjgKYW9XP9kktihF6n,Regular
0348,hHDTqJpqtkC8vp5CErMHmUq,Regular
0349,kWWQfEiixcPVsQ8JDhvkdkV,Regular
0350,vng8xJALyX65e8amHQPdcRp,Regular
0351,46sUxZj9KkYdg7RzgWsHbB2,Regular
0352,sdcebGQiEw376rwL8UVQSrS,Regular
0353,dyxkX2N3w4cm9QtavTThHvR,Regular
0354,bNuXUKgVqRxUaCA2QhTAY5z,Regular
0355,mBVv5mvjny6FuMm7AjKX8tD,Regular
0356,bMRfBTJfGpCCBscECBwPEpJ,Regular
0357,WaqKZm7dfADVaKL8JNjhREG,Regular
0358,yrPBsmGG6WNyqvwucJ5U4JN,Regular
0359,XTg6mSubCNmp6ggq9ZHdm5J,Regular
0360,dcscGS4iDQeps7S5yK68yj2,Regular
0361,unaNrXuxWmH8D9GfBtH9TPx,Regular
0362,SYeZ2fVGgecsLXT8QZReuk7,Regular
0363,TtyGczEDTcmr7Uy8aFtF7hP,Regular
0364,9bz6ZLR4rqxu5K9PsDRWnUa,Regular
0365,bkuMuwHVshEMzfDeLyg3i5t,Regular
0366,QDesHFDQahc76En6qZU2cwg,Regular
0367,aEM7tmyQRVy7uLMgyAGkEV6,Regular
0368,PsBWkUJREBhTBhgWUjHpESV,Regular
0369,MBtsqULPewxt6wFKtEbvVuP,Regular
0370,KE6spzt5xx9ha6pehkdErU8,Regular
0371,x6RSZBwvnVBEFiiqSikPB5u,Regular
0372,wuyTAjZ3xQs9AjXgfVaRedr,Regular
0373,rvyNPz5NjfFDkEqW5MJCgUC,Regular
0374,DdE3T8EdQxPMrSC6tYpuRn2,Regular
0375,ZVMnmExRuTfheFSMG7DjSJh,Regular
0376,XZ4vst2WZptbZYJh5urwtrd,Regular
0377,dJtt4SE6haeELWKxu4hax3Y,Regular
0378,XUXfYVXCMbmYhNXYvwyvSB3,Regular
0379,DU3uZmiacJN79XW3D9E9DtE,Regular
0380,etpNTtkSgMJaCtTibVWqdpb,Regular
0381,AEtCDUBsJRbgkDWmAfd6QJT,Regular
0382,2T3YaJYxQYvJQ4KRttpc36F,Regular
0383,EkctCebmqY4bWJZWrsq66tt,Regular
0384,5UBp9LtjnwwBVLsbGHCtzf2,Regular
0385,CBTRAA4JshAcTYHPPAe5vS8,Regular
0386,g6SNZLNd2bFj45MzpfUgXys,Regular
0387,MidWTGx3w8AnVUVp8Qa8eGi,Regular
0388,ajq4DMNanZQE8eeVSQTL7vL,Regular
0389,yipDkH6u85trGSS8ZDdQFqC,Regular
0390,V3MNTqfCqGgVf94Rc7K3u7y,Regular
0391,eaxg29j7gPdbsNpnvUnSkTA,Regular
0392,EAWwurArmMBaRV4L2XJWvCN,Regular
0393,fRMna3AWMXHHNtHTEsnEspG,Regular
0394,YB3f2DeVUcwtQDHGZ8iD9Ji,Regular
0395,svpRYJE6H4t5fhPssc8LaZz,Regular
0396,nVjimecd6PRDQPYZbuUKWY5,Regular
0397,kAYVhP6v4gYwyHix5cQ2Pz8,Regular
0398,W6DDGEvfhwtzKuUDwwvry2J,Regular
0399,quV7cCfPUvtaXzmyEe434qA,Regular
0400,ZMk86M8iqcmMRU3VQxS6K6y,Regular
0401,FxKSVTNneDmc2mwv44LBVr9,Regular
0402,wqt7WNenRz7PDFSGfcCpPHq,Regular
0403,mkLchCtGVwBvCdDFZYiHce3,Regular
0404,3Vry4kv59N9QM4DVh9eafc3,Regular
0405,rKVwi8UtgrgyWsutc2JGJSf,Regular
0406,qxzeJWu935byJx3NFJAS9Qw,Regular
0407,zUZPrf9dyLQLJ577mSHyLtC,Regular
0408,vz9ymakVAxFiK8zYJFLeGui,Regular
0409,A8YBrerv2ZXAcU3ewNVQhZf,Regular
0410,F2FzF8VG3LQQhqgmKesnEPu,Regular
0411,hiekeWeCVVrTyACrzrBgwVQ,Regular
0412,gYgSxjXZbZSJK6Texx6uwCc,Regular
0413,jzSKcbvN3QkcdtD7QZcrKQk,Regular
0414,QetTiwgMwRi6p7CjxBkhxZY,Regular
0415,YbA2Z6C7zHMNhNzVF3VEnP7,Regular
0416,xexBfDH6ymwF7DSxibRYivg,Regular
0417,HgiYG2UYjRbtjhQW2CzmRsy,Regular
0418,L9E6emY3HPCxSiwrJj4rDeu,Regular
0419,JjL47UXpMSHPzEYGUrRbM8T,Regular
0420,ej3mP9B9taCGXW5upqLQLtQ,Regular
0421,FXKiFjsGGJRKT6s7KD7BfFZ,Regular
0422,pGGsdW9cLuGxWVXMVCDLnGj,Regular
0423,wM8QfkEk9X9U7b2EUG5Y6mH,Regular
0424,QKMzEb6prefY4iuBYg9AjDp,Regular
0425,2wVEVqyCLqNzZms9EspPjTE,Regular
0426,6DgzWywXNbFjWHPgtQDvgk9,Regular
0427,ceuLg4XJCBunBf3sEybVymT,Regular
0428,38TGJuieGPPwnKbKRWz3NnZ,Regular
0429,gjBNRdGbxiKTaHyD77PjgD3,Regular
0430,7xXRN6z7FCuv3cy4AHeF8Uw,Regular
0431,yvXbWBmBqdvdHQnKdwCCb4t,Regular
0432,Be39GD2DjPtyWRMzntFuewG,Regular
0433,3gAFKmGFAbdhcdXcgH4cPYu,Regular
0434,S3gQ7APJbtNNijSuLBWFXS9,Regular
0435,JqZiKMZtwnA3sKFyHUrbVaX,Regular
0436,MQFUxyCfwiAxfh2K2PZ4zmD,Regular
0437,YZUA2HnFyJXau3UxrRJ7iuw,Regular
0438,YvAF3z7W6jbsUAeVfdWNEvi,Regular
0439,kGJHWf6d4VMgZNiShTQDWXR,Regular
0440,LScViLevsepvK6vAeLpWien,Regular
0441,KJeVSMYSvN3FC6pxrVcbX3i,Regular
0442,MZeNMAeW4JQRPB7TzUQmnGt,Regular
0443,Lh4qsruPWPb8BWdafsASkzd,Regular
0444,XBfPnteBxmK7C7TtPK59FNS,Regular
0445,PuLSckswnBxVhzrB6eSLSi5,Regular
0446,7CmxrYXYPyf5BknKaPckeYq,Regular
0447,mSMCFWhpGdKGex6fwnEUNgz,Regular
0448,BuJpfumaXabsFs85iyWx2Ki,Regular
0449,ZvyM9DtFTnespjjp9aLcQxB,Regular
0450,AvdUZZPQmLFuDmnXqgZZG5k,Regular
0451,dtSPt7wDYRMn4cdR6MKTdhm,Regular
0452,Y33iw77BqisNqZ8hsiw25rr,Regular
0453,UFjLxdeUFjEfex26WAbHmsy,Regular
0454,3CUbU2F5TrC4E5MabURXnJf,Regular
0455,KW3ZCv37k3mxUdZSucYXYHA,Regular
0456,JM9YgpCuvyJ7GApGU9uCfiz,Regular
0457,GkdxPrCSYkwqgrLX2n9V4Lb,Regular
0458,DNgJAsQn55H4J5YvedVAwrv,Regular
0459,jWvxVERnCEvwasi5BG2YjyY,Regular
0460,sjeWU3uAiv7YZsQEjFvJyUU,Regular
0461,PJ7hEfsreUShixN5EjYX7bF,Regular
0462,dhFAT4bX5JpwWuE7kThhuNc,Regular
0463,RZZzDcFNTn3kaTwN8NLeDx6,Regular
0464,jLTm2vTgvqsiSnuV6qEE38z,Regular
0465,2Z4CPXWfF6qx9fm3WGJmLaw,Regular
0466,GTDNW7sBphy8F5BTqqyCHhu,Regular
0467,UgYNbdhuJcMEuSJwcbFeyKm,Regular
0468,DQJYGFcmYvr9KvijcZJEvDQ,Regular
0469,uG2Xbc6nPH7D6Fs9XfbJLbY,Regular
0470,VmW4WB4HxJXcBsKEfNCvr8Z,Regular
0471,gzr8SNThi6hzwQVWSNcdrvN,Regular
0472,AwSKNTYXH7wGxnkTYDR8t79,Regular
0473,haz9sHcArfiL2SqJx6xEMZ4,Regular
0474,BKAJsncrisEgf6gVAezhats,Regular
0475,A2DsHjTAeTWzgeJKMCyWHEd,Regular
0476,sErN2X49ZDagRTe3CzYPapJ,Regular
0477,Zv3wwKDgjMwLCEkGHji6rHJ,Regular
0478,W3bsLMpGYpD6bfQMNrK8Q3D,Regular
0479,QPxVbvTsa7PJ4exVNagiR5d,Regular
0480,3XjUPaaQM6tQYjZBevXFLNx,Regular
0481,muUDZPwvCtmxhKAcrb7mH3K,Regular
0482,ZtmyqGfqJDa2tdY44xZ7fC5,Regular
0483,kz9cFwK3n3NLQRh6KTLHMGC,Regular
0484,Rh5nNrishPXbi5VUHFx33Fb,Regular
0485,8qgYp4bw6hd4iWAv3TNpMXj,Regular
0486,mEUPiRheVMPeCenUD54fFqD,Regular
0487,FidhSfwRZQ8GzJsLLchBwiV,Regular
0488,BPAunPtsH4bkNcgnMktQ5jj,Regular
0489,9XwRBipW6LujJKx9KifbgZW,Regular
0490,H7JWiii847Duqs2q9PzeV5p,Regular
0491,sQTAnHVu2Uc6zxXwMC7CPCy,Regular
0492,eaeJywZ3TFmQQfYLBT8iJUs,Regular
0493,6NSfrDn4TwvkR9U2cjgabPX,Regular
0494,sEatRj95uDAp2Qje7nAK2m6,Regular
0495,UUqPvY3VmZyHXKe67ESDreQ,Regular
0496,PCjF7jkV8TLQXajjyCChhav,Regular
0497,LHyvAtrnGFCqdYFjBi62jT2,Regular
0498,eiBFMYSYZhctQwBuDZT8rRZ,Regular
0499,s6bigQqwYuS8ddNc3wQJCsG,Regular
0500,4LYiuShCs2WKhn2rCiQD5FK,Regular
0501,ZvyRnAstiBuJ6LdBS3232pK,Regular
0502,YgP2bqt37zFt3768Tbpv593,Regular
0503,YUKZfpqrbUtXu6Qb4ucY8X7,Regular
0504,jWNiaqbYmcazTNbfzfUf5sr,Regular
0505,sWzsXapmc83HrLMTeL2Mam8,Regular
0506,y2vuA36M4vZKa3hRUqYcfYL,Regular
0507,D5MyPG4yryY2xsATdFWfJPp,Regular
0508,TSTkM7wUfemjbkcTh2G3W9P,Regular
0509,Rys8HTncbQCfmvvvXmSCjtC,Regular
0510,NG7A792dpKVXT9hGhYxN667,Regular
0511,AxN4fQQ8LJdSp8FjmVXmN3A,Regular
0512,TKC6RFfiUg7pY3fjp3ST95H,Regular
0513,rgtrNeLmANYUbHzChChZDMM,Regular
0514,N2tG79VERwc7NaS5q958KW3,Regular
0515,VXPswwvbCdAD6tTtbz2Xsak,Regular
0516,sqe9f4j9Ej763TPvR9KYPwP,Regular
0517,wVDHEEH7tYHzs2t3EWTCwyM,Regular
0518,kvnsLKVCXK2dusnY8vzDUZ8,Regular
0519,fcDbZEgqP6NAPzKAzJdidWi,Regular
0520,zn4RaYMh6i6qa2qYeEtwxSM,Regular
0521,SEtMiHFtfKYkMw3LDtyGmUr,Regular
0522,uzRmAf8aAf5grqb2DCyHTQv,Regular
0523,Tj9cb7eKtPpLAhQh3c5qt7V,Regular
0524,pFM7YtzvHQLUwH7RPUJQpRM,Regular
0525,VaTPLGhc38B4FiKXNzg8Tyz,Regular
0526,R9PXBcuaDg7ryc4NWMiL5tL,Regular
0527,xzKn6YXESzzW2LKC9aEsdY3,Regular
0528,kACs9HxCvunfygtxDDezEYu,Regular
0529,L6B6pehJkDa8gF9iBq52VJ4,Regular
0530,qGWhekMPg6hSWn6823iQPtL,Regular
0531,sxVK3KnyR6UpmdQP3jsEZLq,Regular
0532,N68uEun3QdC6aJnPRRiWkLB,Regular
0533,XMjBtVYqrkVsbsjUSthbDii,Regular
0534,ddRsqgiUyBzXsjktm9QMRZj,Regular
0535,w8YAjrpZN4hmvJpiJHhaPn5,Regular
0536,hybGtTGhbP4HLWWDYQwNtyL,Regular
0537,rwymLsv5ZSiuiyCjBGFNEBP,Regular
0538,PRvihit55LBqSjB2FdQxfsz,Regular
0539,kAJsi9SmqVkfSYx4biZvs9s,Regular
0540,cTNLxqUeijHDCGBKL5LFYhd,Regular
0541,gbxbzKBVzK66yDsh9jaswdx,Regular
0542,QPRVCeFHsLShMzkG6ZZyWgK,Regular
0543,AFtVfLny9GWFHsdgJ7g6yEE,Regular
0544,vh8AT4kLy77DhfNjm7xxVQf,Regular
0545,Ev3UfKhDLkgAd6vTPmsXZ2W,Regular
0546,Derse9REchmXYLw2UhFLuz2,Regular
0547,dGCSBMapPZMViBncTeiTgZC,Regular
0548,r6Ce75Z3C2RFYvTqGp9MEnY,Regular
0549,gZbyjMvNMhZ2mU7ibE3vQNT,Regular
0550,BdhYPrs2KkwrYfhE2xY7hca,Regular
0551,bF2E7BhT9K86Q9Wa8NsxbB2,Regular
0552,qna9VHriYYUJ2mcjf7Gt4Jc,Regular
0553,PwiG3pUmTPpKWcaj4hbTMaz,Regular
0554,z9EMYBEFWnZyveL9fi6iqrG,Regular
0555,8JdDQn8aaXGFbqBvxRGMEnW,Regular
0556,qfi9mKryTQEVrDrGL8zAt5w,Regular
0557,JZ58jb26NbT6xiHVBdaVyi9,Regular
0558,KUpbDz9vaESkYx72XDP37k6,Regular
0559,77n6LRhTLjgkAyvDViKA8UT,Regular
0560,xaZj4fAyJfs8JxwvQaWXsFs,Regular
0561,GpFWPJakpkCe5JSHg9Aq4A3,Regular
0562,QWG3StmWfUJ7FS4Cb44BKpL,Regular
0563,Ac3xZksFZnQfFinjVgzjXUT,Regular
0564,nnikpX7DLUugZXci7gBEe2w,Regular
0565,hN68gbKUUPUqNqrxN6XkF6n,Regular
0566,ivUn597EzbdvTnZA82Snp8f,Regular
0567,HjmMjzG8sHSyytpSpLekHxq,Regular
0568,jyBXC82RRXvXp5sbYmbR64W,Regular
0569,7b5xruNPFT24weMpA6hgTWx,Regular
0570,ikN67HajkS3JHbY7BaL2XJw,Regular
0571,3eF6VQC5vAhLP95f8LSQVXz,Regular
0572,zJVALzuQDHp4pHkG2nfnXsR,Regular
0573,5CRGnm7XjgyzLSHtkBfupsF,Regular
0574,tJzucmdkQfwD3hdTsMpLQpS,Regular
0575,ASddCVGFT4JeJLUUbn2EjCD,Regular
0576,kYYvx7zygFiN2VxuAdkFXVq,Regular
0577,rGGfwfua8cxRwDnSDfnzUQJ,Regular
0578,XPqN5dUX6jMAfpNZpa9EziF,Regular
0579,jcGnEV9cckZJUuZaNBzTmDR,Regular
0580,e2A5zNiD3pUb7AvS73JkeBX,Regular
0581,9eZ5jFxv69EtuBtGDRTDHV4,Regular
0582,rXDRh77dxbDiTTsihAtXXsn,Regular
0583,9U6QWksacyQ8GQ23XNKu2m6,Regular
0584,MDgruR6XE9CCzsdaJb4RQ4F,Regular
0585,ucjwadbK893GXnTTQf7uFNH,Regular
0586,JtAKjvu3iRhMFFTGpJaBeMX,Regular
0587,kPDw4GHqyRHufcNPfJwrvpq,Regular
0588,zRLzFyfXYULgCmkacwGDrMQ,Regular
0589,uiE3Kd59ycVvN5tqCKu2Jq3,Regular
0590,2SiqYviVaXyzGzcPU8ZRqL7,Regular
0591,GXtCZR6Mbqe2hKAuQ4WC77F,Regular
0592,YiBhCSNPHWsqM3zU6rv52dz,Regular
0593,kU8CgDY8ejCqjp8RGVw2EFX,Regular
0594,iNKnGwwsgPDTRXTyCHh9aAx,Regular
0595,TAwXBWC6Y45EixepDYMVAvR,Regular
0596,6FLb3X5CqzUZWyQVJJSUYJQ,Regular
0597,vwELwGwuT3p9JBL6PSb4yeA,Regular
0598,9m2VZvRG9HMTYwf5Fq8J48w,Regular
0599,XBL8HDfCG9BwsqvCyEe4C9U,Regular
0600,tXZ8mBeve78pv9Cdh4n9WFU,Regular
0601,U2s7aQBAtPKPJdmtS6D9LiZ,Regular
0602,gQN2sDkSysFAMuR7cHkrtQa,Regular
0603,4G558M8sxJfeXhzBuTZM4BU,Regular
0604,W2YnPLuHGgnW4nCHPzY8bGk,Regular
0605,ztQjP6UV5BiBKtzgP4sBbyW,Regular
0606,dQHruffbvZprK9XxQCEPhfK,Regular
0607,HvFt9mJtprE4KsK7DHdxWMh,Regular
0608,UdnLkGkK7gTPK2zVmNKQFSa,Regular
0609,Z6cEVB3CH9zKyYv9DyYgCZ2,Regular
0610,tcbAuQUJJ6Lwuyis7Qjywmr,Regular
0611,QGSGyMWrkeddgxugPP7HwdU,Regular
0612,tdGvvBD6GUNrAFe974Gca2p,Regular
0613,FDVKuRKCaiCEJNhvV4ZLufm,Regular
0614,cUjzBb7H36sTZs5wTDJi56D,Regular
0615,2gyEWJ4fuwK8vuLPxDgajvd,Regular
0616,4iYAkrENQMKX4RrzRKEiSaB,Regular
0617,29Sg3K2MncZX78CDrzd2ktg,Regular
0618,L3xt2EH26tztxda2BWdDRS2,Regular
0619,WnRfzMAdgxvQrNN9Fs3fKDX,Regular
0620,tpJnyiium5M6jmLMfYFqUpf,Regular
0621,CTFXe4HStLUfyK6hehXANCz,Regular
0622,8RexUgUVQX6f9GhK7diQHMq,Regular
0623,N97wdS4MRXCk2htiRzRxjcE,Regular
0624,H3Tmxu93pdtzytGrrcNXFkp,Regular
0625,cXr43eMduGJi8xvgXNnFxjs,Regular
0626,gcxum33amQTnxF79hqGvUGH,Regular
0627,ppj5UpsDUHKLTqXgpgXxEuA,Regular
0628,quDNrsjpm93f2AY5rvAHVyM,Regular
0629,uHJBa8uRMeJCzsp7z9aa6k4,Regular
0630,R6ntp33BWebcAtxh99m5a9g,Regular
0631,n9k93vxqUriDcHgSQ52bjez,Regular
0632,VevLVbtgARxBnV7L5FnS3bK,Regular
0633,UEAzmcbQ4uzBiD98Hjb4HKC,Regular
0634,3azdbaXufSqU4N7GsMg2gvt,Regular
0635,PcKRKaF6LXFrbuHpFP5NrEY,Regular
0636,tCG8hM3krFMC4fzcVhEGY8Q,Regular
0637,SJeJVFNPXQqpKLNryznKszv,Regular
0638,csnavvwt5krCTdMLVp2behK,Regular
0639,hFjcKP3jNjcLcS38APcB9mb,Regular
0640,njgbJW6aJgMdzJgdNanJpRW,Regular
0641,qbYyaHWeEpS3G6mqJUVCPkL,Regular
0642,qB2E5zeXCVKSLcgYEkwUeKH,Regular
0643,rqzqYLsy57tDfqC2Gpw2vJp,Regular
0644,VAUWZ5ij2vufSqxuBBpjeGj,Regular
0645,dMaECxrm7C3395CZ59hWzry,Regular
0646,Cj3dUED84e9nsr4gS8CDkWY,Regular
0647,Y6hJQB5LDJrev5FhpgtqdQm,Regular
0648,8whPAa2MP2gfWHbRY4gsGbh,Regular
0649,kD9p7AmXfSgcuSbNHrUGBy7,Regular
0650,icJEvL6vkv6waYC9d4E9uGs,Regular
0651,awSCTn9adYfAqNP8qSsxSci,Regular
0652,gxKtnXjKiue2XtiWHfJLw7q,Regular
0653,EVQQ2stTfqEartHJGQaLU5G,Regular
0654,dufpeXGDDcXUUXVtKwVHmCW,Regular
0655,hjSmMkMyX8jUg3aN7MeKgCE,Regular
0656,T688jj9JfD6aw7TD9vB3CLi,Regular
0657,3G24ZBbRdYftjj39DctGSAK,Regular
0658,9CzD8sSsQkHQbSxfQVJfEjf,Regular
0659,uBaUTmt9qE5cbfp83C25jBp,Regular
0660,2g7yx4wCLaU9u5GqAPh8Tz3,Regular
0661,TvMVMTPrVsb4D9TLHcui8jr,Regular
0662,ZGW8xttMCDcpTMrbXJxya6K,Regular
0663,v4J5TBEpHZSwzkxvasccihP,Regular
0664,c89jkeVFx7TAdXntVrKteig,Regular
0665,SPfKwQUmDF5XJhvEh5SpNLm,Regular
0666,excXNHdu7bNKp7UiYp2uATB,Regular
0667,hfYMYSy986rYwH7WzGWukmS,Regular
0668,acs95Cf4Jcy2Z5ehZfbjkKK,Regular
0669,HniFHnyUQjeeGqskfc8Jsks,Regular
0670,zURa6Ph2TyDvXzwGtRPbyKX,Regular
0671,sZfLjbqsmJ57BkKFX6PsRBg,Regular
0672,TgPjxsvufmMnCMWqT5QaA59,Regular
0673,dVYbHE2iw9Mk8nYpHxcgxxg,Regular
0674,yp6F4AKYxheypDiRN4tk5Wc,Regular
0675,S2keuUtvjf7Fu9Fg44LCP53,Regular
0676,gJAwirfJAaH5inndfLTQ7Ex,Regular
0677,rxd7Pyy6RYECbEcvhJjAuts,Regular
0678,HdHTmNRKi4iy3pD4uXzhqzx,Regular
0679,wyuiXaQixFXfbdGgLdg7eGD,Regular
0680,D9Z77MfVEF2mWxKdKYyzEr2,Regular
0681,2BZBSJ7rghyxC7wWhktd8Kh,Regular
0682,m9nKQa56nG5y35ZasrGBnxY,Regular
0683,3BbWEXk8MfevzQ7qdLfkcxp,Regular
0684,Z4BzNbJbHsARd46fdhLrGKu,Regular
0685,vvSc58exXpjyuea7ZK5HQMa,Regular
0686,F3eP4Rjj3vn6ewXqhG7eEXq,Regular
0687,T2WGyJTsXvCLcVLbb5TDmqx,Regular
0688,MiwmNcE3uhnftd7j6uVEkfV,Regular
0689,U7CnnaHeLZvFdBDgHeCMkvY,Regular
0690,c3j9vMhkHcFRuUJXSEVaLTg,Regular
0691,h3WGc5hJ9vBJXcLfGwMtMcT,Regular
0692,jtrR9xj2w5TL2WiDesFs47M,Regular
0693,vdxghRmmnbckM5GSTiT9srh,Regular
0694,EyJR8hp9TSMVGf3qktSvP7b,Regular
0695,xmzG5a8TvFC4zhf6tCFHnMW,Regular
0696,Us2btpTH2yuR266WjLwJXwW,Regular
0697,gCEetGBUJYJ9YkDcvTyCEET,Regular
0698,8JntvAQPvnYQLZTLp7WiDVM,Regular
0699,CqzFLi43kRYriWryAkDGHbJ,Regular
0700,ifq8HjBtUkkJPAif4xR9jYa,Regular
0701,tXnkGGMSnz3Ue2Pb9U3hFzx,Regular
0702,jKkKp92emWHQzQdWhq4sZzG,Regular
0703,hsVCN9ESUGTdYApeYZKu8RT,Regular
0704,UfvxRWsn8eFxaL52KvBBi4Z,Regular
0705,zuX6iN6USzgJDhCZcWFNFPj,Regular
0706,HrndShiBCSk6rGzE4Vj9KSn,Regular
0707,A4zZuyW35x6Z53mMcybKM5y,Regular
0708,QwpxZ3XxQ3nigBrAsnW2qUD,Regular
0709,LPhrtiqxMwX7TFaLY7WYs6P,Regular
0710,Sv5RACLsvMdmDv53pXzcDgL,Regular
0711,nbjm3hc4TRuNAHR67jbRTJ6,Regular
0712,EvGV5m7NWNa7q6A2zw3X46F,Regular
0713,3wYFVEHuYHtVSj5mhwtjGNv,Regular
0714,sSZ6sniipsNs7VzGVQxUzcW,Regular
0715,rdMuUTYxhMuQxDEfBRXSmxg,Regular
0716,U7J2KfHmDjteHX2yfDb7dDb,Regular
0717,NEjaXaJR8jNNnACXCVEKprS,Regular
0718,CPkct24jtj6T3gPLDKCRHir,Regular
0719,H88Tc56dMmZrSy4a8k9VyP4,Regular
0720,QdQpPifxdmr9BHMixvrBnaZ,Regular
0721,fu22rx4CDNcYBaNmDU6Yqr3,Regular
0722,sQVadbfBFND6MJYwSzuMsjV,Regular
0723,WcDUZySWTkAa9KATS9f9CgN,Regular
0724,Gab8fjUgnmAMzxpcq6vrha8,Regular
0725,PZnLqHmnCU4eJBmHza9RNkT,Regular
0726,RteSb6NpSTjZKg8FJwFrtcn,Regular
0727,XyC3FhQRS6bYv7YEVrjLqAd,Regular
0728,czFx7mhHqTz58cBp7pB5i8M,Regular
0729,49sdhEGg8BueGe29iZGbPuJ,Regular
0730,pn2ZRSFSgyRGN56EnxqAaE3,Regular
0731,qCjtcMrUXLMs7YDZGuNJM7i,Regular
0732,6dH5vZfkWEtCKHDRyH2fcSR,Regular
0733,5yyWhjKVvHyfyJc7Y7PVExF,Regular
0734,HS3TnqFnsQnaLLYcAdb28Ra,Regular
0735,mSixqDtNuQzy8ik8B7u7bFF,Regular
0736,Ex4fH9t5hQzcPrbJP9d7jXQ,Regular
0737,REErrrs2m9YXHKfX3BpvbMt,Regular
0738,kGhEMQutiVXE4p23ejeYASp,Regular
0739,untXaexueEPJuFWaspPxeTC,Regular
0740,VtmWHm45nRM9t8P9JrccRFB,Regular
0741,eJhzS9j29j65zf3R2kYvwYE,Regular
0742,JzkydungeaDAgsEFDzm95C9,Regular
0743,2etfGSMKngGr49zTJAgaD64,Regular
0744,3EwRRAzLyMgYfteVxRfcv4b,Regular
0745,mCfMka9TBA5T6Qw8VCM2uQH,Regular
0746,VJZSFGeCv3LWTSqPyKJ2VFk,Regular
0747,MuBg85ASYRdHTQE9fmhSWje,Regular
0748,UnyKBM74fBK4SZiNn62jsZY,Regular
0749,3etTaDSm5heejKybWXqJjLg,Regular
0750,hzyUQBVnQmkNRFqaXNnpifN,Regular
0751,hg9CfqmYjwvdLmCVjHesA2X,Regular
0752,ynRpRpFGtNXFUAwrs2Y3YDg,Regular
0753,rBjvwsq4pBFc7xQWqZwtsmN,Regular
0754,iGrM3aTa9Uhheq2HxAZadnB,Regular
0755,cmTRbX9gpzFfGYLk8eAuypn,Regular
0756,RZ3W6icatUGFK6JdR8NnfpG,Regular
0757,ttx3ARTSG5dSXdZvnBp9uTW,Regular
0758,r5XyWMdpx7wjYT7Rwqeyr7E,Regular
0759,nqbiuqKmchx6wqhb9Kq8B6V,Regular
0760,QFkhNhXMsVuaKGyguUeikrB,Regular
0761,pJrHPsXR5zD8Ew6hHmSyEEf,Regular
0762,5zsJBT7wKDFeyQBPpxPA5HS,Regular
0763,wXKyiqMYu2eXPshGQMcKHac,Regular
0764,PJKbvtvCbU8CXbKAJFuncQB,Regular
0765,a8chSNrnnUjubHctwL4U5aq,Regular
0766,dUwZwqMspZQcksz4JZwkpBJ,Regular
0767,Gx4xvPkhVTvbNbBbPWtun8S,Regular
0768,yEMkfA8CYecrgfrEj7xsDBL,Regular
0769,cHtp6ehKtfTxtVVeV3XFiNE,Regular
0770,yzpRfwcmbSkhW7FEPdNyRyp,Regular
0771,ZPKeixBxGJpvAY9j5BfgdtE,Regular
0772,eVVJfBN7zXQqSradQ6VNuiM,Regular
0773,mQzH4cae4zmJpEjAfxDmqR3,Regular
0774,hwKvzp6SVqeVqj3Uzmrbv5t,Regular
0775,ANhwyevj2YyAgLS9Gp6dkfM,Regular
0776,ukfC8Pz37AEDijEM8Pt93PA,Regular
0777,VHwrduEQfBuMhBb9HXCMFCP,Regular
0778,g9rPGvUcXnxWgNhJPiepNcv,Regular
0779,nAV7DJcAYKSgdCbxAh33sGL,Regular
0780,nXy2rSThXaTxVD5GQxQpits,Regular
0781,qUF5D3qh8JmN4hYbsamJSqe,Regular
0782,QtgxEc77LiyvgFDDkGpR5QA,Regular
0783,2G7UUyxteqDRh2ZYmsbpWed,Regular
0784,yeVwBD4NDQVjyHQt87gzjHr,Regular
0785,ScrLvV3LHCWGpaDAJtQTxaq,Regular
0786,kFGE9VG3Gv73uB28x6mQYhi,Regular
0787,mKhVgEYjAwJzq3Fq9x9h5Nn,Regular
0788,UhV7Qr523rrbfyM8q7CEAJJ,Regular
0789,VjGxAgRsWFGhmHdenRdMuLs,Regular
0790,E6CUSJmLeWukG2Fg7EEgsup,Regular
0791,W4Mkgi5JKapUA7bdmiEDmA7,Regular
0792,FTNFTbuFmgMRcbhJVwtNWSQ,Regular
0793,5zE2HXpXWBREDaj34JraPx7,Regular
0794,7PxZJRBDJGvETwnNYERsTv3,Regular
0795,B7gFQrMFce9hqEYHVQppBBa,Regular
0796,dCDMLfLRx34dgwLJaLsuUW7,Regular
0797,8kRTBAR53ge3AgiM69i3hTN,Regular
0798,aLDGQz43hb6s2vtUSE6CuU2,Regular
0799,7hHNYjwpv43cvKGBn8qsvzY,Regular
0800,9YhEqvHmpk3r7TtH6T8sW8G,Regular
0801,yEvZN8s26kYwJ99qWWP2MUA,Regular
0802,LyMMFCJFErfYppFYRRm7ARv,Regular
0803,mVea3zjrjVMLvF6yKbbTaHK,Regular
0804,S4AyrkAhkEfZ8uk3DgD6BCS,Regular
0805,PKyVNGAW6pHNgP5Uw5mtDKC,Regular
0806,qddkEi4ZJHGQ6idxXFWUK2M,Regular (PL)
0807,PC43BErXiysfWHsMawTPZQk,Regular (PL)
0808,78pcHQTBC8DiWZZrZf22iGg,Regular (PL2)
0809,KEg6JcFBmsTBe8WpE7QZsZx,Regular (PL2)
0810,QRUpDV4CzRnTUSsCB48DHd9,Regular (PL2)
0811,yMdM3NZYd4gttYEgAvBHQfP,Regular (PL2)
0812,6BkzH6wisq98RtAP59kganp,Regular (PL2)
0813,LKcxuvPYJcA6xcPgjm5LHVX,Regular (PL2)
0814,AeKCis8PvjmfV8mJUgbsts5,Regular (PL2)
0815,FCRsbJm88QvAisyW2w3v8BG,Regular (PL2)
0816,tZzVYf34QDGFcu4XF9FiBBc,Regular PL 3
0817,Vm76DSaywDehznH45sQrb2q,Regular PL 3
0818,qyQRUV7dFqhSHnhQSUVt8xf,Regular PL 3
0819,gU38yeqDRPSnUmEeFBgNrvT,Regular PL 3
0820,iNjeTEnPJerZwJFcipScN8m,Regular PL 3
0821,TF7R4w6iDZUBgWPe5egPrk4,Regular PL 3
0822,iqAtfcRRqMJF8q7H4peHJFW,Regular PL 3
0823,NSG4seNBQNPUA5C5RF9Ad6x,Regular PL 3
0824,siNQCgUKN8BNiE8MEZ8R8iD,Regular PL 3
0825,PfawVEQX3sUze9dG3i6vrue,Regular PL 3
0826,Uu2Gn5vLnwBsRNtdTFbwSVC,Regular PL 3
0827,afydDDZZywvSmBEZKh4WB2P,Regular PL 3
0828,EFrURgRGghTRsh5ZyEpChgX,Regular PL 3
0829,Rw3xdssBAGpwK6A2vcZsWwg,Yuma Early Bird
0830,UepRCQRuXNrZjp3VmnEiMS2,Yuma Early Bird
0831,LvKsdncFACisJuMC2hQ2Qdg,Yuma Early Bird
0832,e8aSWGB99DAEw74snpFHikS,Yuma Early Bird
0833,d8uBk9XGWgKPNecagZVn3fU,Yuma Early Bird
0834,FcTwRECPqNf5vjgAJg8gc9m,Yuma Early Bird
0835,iN3MPd44MAQfR9qMtRv5jTz,Yuma Early Bird
0836,aTR58kQ8mF3RGZ5jgqnWjE3,Yuma Early Bird
0837,gjREmCnAWPfGBFUK3dqTLHJ,Yuma Early Bird
