0001,42394921100001,Tier 1 $250 Male
0002,96454921100002,Tier 1 $250 Male
0003,21304921100003,Tier 1 $250 Male
0004,25004921100004,Tier 1 $250 Male
0005,21124921100005,Tier 1 $250 Male
0006,95524921100006,Tier 1 $250 Male
0007,60874921100007,Tier 1 $250 Male
0008,88514921100008,Tier 1 $250 Male
0009,26404921100009,Tier 1 $250 Male
0010,54654921100010,Tier 1 $250 Male
0011,11074921100011,Tier 1 $250 Male
0012,57694921100012,Tier 1 $250 Male
0013,52114921100013,Tier 1 $250 Male
0014,20354921100014,Tier 1 $250 Male
0015,98014921100015,Tier 1 $250 Male
0016,47264921100016,Tier 1 $250 Male
0017,74634921100017,Tier 1 $250 Male
0018,91564921100018,Tier 1 $250 Male
0019,30444921100019,Tier 1 $250 Male
0020,14214921100020,Tier 1 $250 Male
0021,93644921100021,Tier 1 $250 Male
0022,27434921100022,Tier 1 $250 Male
0023,86654921100023,Tier 1 $250 Male
0024,96664921100024,Tier 1 $250 Male
0025,15414921100025,Tier 1 $250 Male
0026,47294921100026,Tier 1 $250 Male
0027,64174921100027,Tier 1 $250 Male
0028,75304921100028,Tier 1 $250 Male
0029,98494921100029,Tier 1 $250 Male
0030,33494921100030,Tier 1 $250 Male
0031,51634921100031,Tier 1 $250 Male
0032,27254921100032,Tier 1 $250 Male
0033,72174921100033,Tier 1 $250 Male
0034,16444921100034,Tier 1 $250 Male
0035,53424921100035,Tier 1 $250 Male
0036,12504921100036,Tier 1 $250 Male
0037,77064921100037,Tier 1 $250 Male
0038,52304921100038,Tier 1 $250 Male
0039,86654921100039,Tier 1 $250 Male
0040,52814921100040,Tier 1 $250 Male
0041,98544921100041,Tier 1 $250 Male
0042,33154921100042,Tier 1 $250 Male
0043,30754921100043,Tier 1 $250 Male
0044,43114921100044,Tier 1 $250 Male
0045,52434921100045,Tier 1 $250 Male
0046,59634921100046,Tier 1 $250 Male
0047,39394921100047,Tier 1 $250 Male
0048,45414921100048,Tier 1 $250 Male
0049,73314921100049,Tier 1 $250 Male
0050,26114921100050,Tier 1 $250 Male
0051,75134921100051,Tier 1 $250 Male
0052,65224921100052,Tier 1 $250 Male
0053,15324921100053,Tier 1 $250 Male
0054,38314921100054,Tier 1 $250 Male
0055,96374921100055,Tier 1 $250 Male
0056,30424921100056,Tier 1 $250 Male
0057,55394921100057,Tier 1 $250 Male
0058,43514921100058,Tier 1 $250 Male
0059,86934921100059,Tier 1 $250 Male
0060,62714921100060,Tier 1 $250 Male
0061,59104921100061,Tier 1 $250 Male
0062,23184921100062,Tier 1 $250 Male
0063,18074921100063,Tier 1 $250 Male
0064,51474921100064,Tier 1 $250 Male
0065,48884921100065,Tier 1 $250 Male
0066,28114921100066,Tier 1 $250 Male
0067,12964921100067,Tier 1 $250 Male
0068,60224921100068,Tier 1 $250 Male
0069,64844921100069,Tier 1 $250 Male
0070,56114921100070,Tier 1 $250 Male
0071,83814921100071,Tier 1 $250 Male
0072,35494921100072,Tier 1 $250 Male
0073,48024921100073,Tier 1 $250 Male
0074,42174921100074,Tier 1 $250 Male
0075,71374921100075,Tier 1 $250 Male
0076,78204921100076,Tier 1 $250 Male
0077,16224921100077,Tier 1 $250 Male
0078,51044921100078,Tier 1 $250 Male
0079,56904921100079,Tier 1 $250 Male
0080,17674921100080,Tier 1 $250 Male
0081,82204921100081,Tier 1 $250 Male
0082,42494921100082,Tier 1 $250 Male
0083,76784921100083,Tier 1 $250 Male
0084,87864921100084,Tier 1 $250 Male
0085,44584921100085,Tier 1 $250 Male
0086,18894921100086,Tier 1 $250 Male
0087,39494921100087,Tier 1 $250 Male
0088,96474921100088,Tier 1 $250 Male
0089,80994921100089,Tier 1 $250 Male
0090,15414921100090,Tier 1 $250 Male
0091,25184921100091,Tier 1 $250 Male
0092,56204921100092,Tier 1 $250 Male
0093,23954921100093,Tier 1 $250 Male
0094,22644921100094,Tier 1 $250 Male
0095,67664921100095,Tier 1 $250 Male
0096,28704921100096,Tier 1 $250 Male
0097,99094921100097,Tier 1 $250 Male
0098,21784921100098,Tier 1 $250 Male
0099,48984921100099,Tier 1 $250 Male
0100,80994921100100,Tier 1 $250 Male
0101,65994921100101,Tier 1 $250 Male
0102,42294921100102,Tier 1 $250 Male
0103,66414921100103,Tier 1 $250 Male
0104,84374921100104,Tier 1 $250 Male
0105,91384921100105,Tier 1 $250 Male
0106,62014921100106,Tier 1 $250 Male
0107,12004921100107,Tier 1 $250 Male
0108,75804921100108,Tier 1 $250 Male
0109,25024921100109,Tier 1 $250 Male
0110,19884921100110,Tier 1 $250 Male
0111,74614921100111,Tier 1 $250 Male
0112,11824921100112,Tier 1 $250 Male
0113,47884921100113,Tier 1 $250 Male
0114,31034921100114,Tier 1 $250 Male
0115,94444921100115,Tier 1 $250 Male
0116,84964921100116,Tier 1 $250 Male
0117,83014921100117,Tier 1 $250 Male
0118,84484921100118,Tier 1 $250 Male
0119,20084921100119,Tier 1 $250 Male
0120,72644921100120,Tier 1 $250 Male
0121,38764921100121,Tier 1 $250 Male
0122,33294921100122,Tier 1 $250 Male
0123,27964921100123,Tier 1 $250 Male
0124,58604921100124,Tier 1 $250 Male
0125,74604921100125,Tier 1 $250 Male
0126,57194921100126,Tier 1 $250 Male
0127,34504921100127,Tier 1 $250 Male
0128,96744921100128,Tier 1 $250 Male
0129,79374921100129,Tier 1 $250 Male
0130,67774921100130,Tier 1 $250 Male
0131,40564921100131,Tier 1 $250 Male
0132,77614921100132,Tier 1 $250 Male
0133,72084921100133,Tier 1 $250 Male
0134,36134921100134,Tier 1 $250 Male
0135,48504921100135,Tier 1 $250 Male
0136,67274921100136,Tier 1 $250 Male
0137,85204921100137,Tier 1 $250 Male
0138,73014921100138,Tier 1 $250 Male
0139,91694921100139,Tier 1 $250 Male
0140,38704921100140,Tier 1 $250 Male
0141,70404921100141,Tier 1 $250 Male
0142,81474921100142,Tier 1 $250 Male
0143,16594921100143,Tier 1 $250 Male
0144,75694921100144,Tier 1 $250 Male
0145,96894921100145,Tier 1 $250 Male
0146,62054921100146,Tier 1 $250 Male
0147,97194921100147,Tier 1 $250 Male
0148,59314921100148,Tier 1 $250 Male
0149,32164921100149,Tier 1 $250 Male
0150,80404921100150,Tier 1 $250 Male
0151,52184921100151,Tier 1 $250 Male
0152,96734921100152,Tier 1 $250 Male
0153,55264921100153,Tier 1 $250 Male
0154,77474921100154,Tier 1 $250 Male
0155,64334921100155,Tier 1 $250 Male
0156,72704921100156,Tier 1 $250 Male
0157,22624921100157,Tier 1 $250 Male
0158,62144921100158,Tier 1 $250 Male
0159,22624921100159,Tier 1 $250 Male
0160,33414921100160,Tier 1 $250 Male
0161,26274921200161,Tier 1 4220 Female
0162,56394921200162,Tier 1 4220 Female
0163,46754921200163,Tier 1 4220 Female
0164,52904921200164,Tier 1 4220 Female
0165,74684921200165,Tier 1 4220 Female
0166,62954921200166,Tier 1 4220 Female
0167,44144921200167,Tier 1 4220 Female
0168,32014921200168,Tier 1 4220 Female
0169,66034921200169,Tier 1 4220 Female
0170,55464921200170,Tier 1 4220 Female
0171,99504921200171,Tier 1 4220 Female
0172,59714921200172,Tier 1 4220 Female
0173,53944921200173,Tier 1 4220 Female
0174,81124921200174,Tier 1 4220 Female
0175,76874921200175,Tier 1 4220 Female
0176,77104921200176,Tier 1 4220 Female
0177,85814921200177,Tier 1 4220 Female
0178,25854921200178,Tier 1 4220 Female
0179,54094921200179,Tier 1 4220 Female
0180,13744921200180,Tier 1 4220 Female
0181,63604921200181,Tier 1 4220 Female
0182,31964921200182,Tier 1 4220 Female
0183,59884921200183,Tier 1 4220 Female
0184,36564921200184,Tier 1 4220 Female
0185,77064921200185,Tier 1 4220 Female
0186,38274921200186,Tier 1 4220 Female
0187,13364921200187,Tier 1 4220 Female
0188,11344921200188,Tier 1 4220 Female
0189,39564921200189,Tier 1 4220 Female
0190,62814921200190,Tier 1 4220 Female
0191,46104921200191,Tier 1 4220 Female
0192,66514921200192,Tier 1 4220 Female
0193,66354921200193,Tier 1 4220 Female
0194,57964921200194,Tier 1 4220 Female
0195,36614921200195,Tier 1 4220 Female
0196,99664921200196,Tier 1 4220 Female
0197,65364921200197,Tier 1 4220 Female
0198,58074921200198,Tier 1 4220 Female
0199,67404921200199,Tier 1 4220 Female
0200,26384921200200,Tier 1 4220 Female
0201,70434921200201,Tier 1 4220 Female
0202,79684921200202,Tier 1 4220 Female
0203,94514921200203,Tier 1 4220 Female
0204,51664921200204,Tier 1 4220 Female
0205,57184921200205,Tier 1 4220 Female
0206,44144921200206,Tier 1 4220 Female
0207,89554921200207,Tier 1 4220 Female
0208,63854921200208,Tier 1 4220 Female
0209,51214921200209,Tier 1 4220 Female
0210,82754921200210,Tier 1 4220 Female
0211,24194921200211,Tier 1 4220 Female
0212,41044921200212,Tier 1 4220 Female
0213,78894921200213,Tier 1 4220 Female
0214,54464921200214,Tier 1 4220 Female
0215,57224921200215,Tier 1 4220 Female
0216,29934921200216,Tier 1 4220 Female
0217,50724921200217,Tier 1 4220 Female
0218,75994921200218,Tier 1 4220 Female
0219,24124921200219,Tier 1 4220 Female
0220,57304921200220,Tier 1 4220 Female
0221,27004921200221,Tier 1 4220 Female
0222,84514921200222,Tier 1 4220 Female
0223,28994921200223,Tier 1 4220 Female
0224,63864921200224,Tier 1 4220 Female
0225,56194921200225,Tier 1 4220 Female
0226,52774921200226,Tier 1 4220 Female
0227,69204921200227,Tier 1 4220 Female
0228,40714921200228,Tier 1 4220 Female
0229,35664921200229,Tier 1 4220 Female
0230,46794921200230,Tier 1 4220 Female
0231,42354921200231,Tier 1 4220 Female
0232,98194921200232,Tier 1 4220 Female
0233,44984921200233,Tier 1 4220 Female
0234,35994921200234,Tier 1 4220 Female
0235,45784921200235,Tier 1 4220 Female
0236,17354921200236,Tier 1 4220 Female
0237,71704921200237,Tier 1 4220 Female
0238,85844921200238,Tier 1 4220 Female
0239,68684921200239,Tier 1 4220 Female
0240,83764921200240,Tier 1 4220 Female
0241,29634921200241,Tier 1 4220 Female
0242,33074921200242,Tier 1 4220 Female
0243,66554921200243,Tier 1 4220 Female
0244,54044921200244,Tier 1 4220 Female
0245,69604921200245,Tier 1 4220 Female
0246,83234921200246,Tier 1 4220 Female
0247,58284921200247,Tier 1 4220 Female
0248,34664921200248,Tier 1 4220 Female
0249,12804921200249,Tier 1 4220 Female
0250,80954921200250,Tier 1 4220 Female
0251,65654921200251,Tier 1 4220 Female
0252,33414921200252,Tier 1 4220 Female
0253,66484921200253,Tier 1 4220 Female
0254,62554921200254,Tier 1 4220 Female
0255,75364921200255,Tier 1 4220 Female
0256,73284921200256,Tier 1 4220 Female
0257,32334921200257,Tier 1 4220 Female
0258,21164921200258,Tier 1 4220 Female
0259,23614921200259,Tier 1 4220 Female
0260,58874921200260,Tier 1 4220 Female
0261,67154921200261,Tier 1 4220 Female
0262,54434921200262,Tier 1 4220 Female
0263,73034921200263,Tier 1 4220 Female
0264,25294921200264,Tier 1 4220 Female
0265,26234921200265,Tier 1 4220 Female
0266,84684921200266,Tier 1 4220 Female
0267,12364921200267,Tier 1 4220 Female
0268,49594921200268,Tier 1 4220 Female
0269,89054921200269,Tier 1 4220 Female
0270,51544921200270,Tier 1 4220 Female
0271,28324921200271,Tier 1 4220 Female
0272,94644921200272,Tier 1 4220 Female
0273,57634921200273,Tier 1 4220 Female
0274,37104921200274,Tier 1 4220 Female
0275,60254921200275,Tier 1 4220 Female
0276,55554921200276,Tier 1 4220 Female
0277,27284921200277,Tier 1 4220 Female
0278,53574921200278,Tier 1 4220 Female
0279,77114921200279,Tier 1 4220 Female
0280,98564921200280,Tier 1 4220 Female
0281,89854921200281,Tier 1 4220 Female
0282,33474921200282,Tier 1 4220 Female
0283,17044921200283,Tier 1 4220 Female
0284,32494921200284,Tier 1 4220 Female
0285,59594921200285,Tier 1 4220 Female
0286,22244921200286,Tier 1 4220 Female
0287,19284921200287,Tier 1 4220 Female
0288,52574921200288,Tier 1 4220 Female
0289,31354921200289,Tier 1 4220 Female
0290,33424921200290,Tier 1 4220 Female
0291,48864921200291,Tier 1 4220 Female
0292,66934921200292,Tier 1 4220 Female
0293,61414921200293,Tier 1 4220 Female
0294,16314921200294,Tier 1 4220 Female
0295,83534921200295,Tier 1 4220 Female
0296,35464921200296,Tier 1 4220 Female
0297,50744921200297,Tier 1 4220 Female
0298,26104921200298,Tier 1 4220 Female
0299,53314921200299,Tier 1 4220 Female
0300,61204921200300,Tier 1 4220 Female
0301,10804921200301,Tier 1 4220 Female
0302,56554921200302,Tier 1 4220 Female
0303,72524921200303,Tier 1 4220 Female
0304,54304921200304,Tier 1 4220 Female
0305,81804921200305,Tier 1 4220 Female
0306,75174921200306,Tier 1 4220 Female
0307,64344921200307,Tier 1 4220 Female
0308,48384921200308,Tier 1 4220 Female
0309,33504921200309,Tier 1 4220 Female
0310,80804921200310,Tier 1 4220 Female
0311,37794921200311,Tier 1 4220 Female
0312,89454921200312,Tier 1 4220 Female
0313,48464921200313,Tier 1 4220 Female
0314,93854921200314,Tier 1 4220 Female
0315,27324921200315,Tier 1 4220 Female
0316,57344921200316,Tier 1 4220 Female
0317,87874921200317,Tier 1 4220 Female
0318,78904921200318,Tier 1 4220 Female
0319,54804921200319,Tier 1 4220 Female
0320,49554921200320,Tier 1 4220 Female
0321,89804921200321,Tier 1 4220 Female
0322,69884921200322,Tier 1 4220 Female
0323,24054921200323,Tier 1 4220 Female
0324,67734921200324,Tier 1 4220 Female
0325,99974921200325,Tier 1 4220 Female
0326,47724921200326,Tier 1 4220 Female
0327,87904921200327,Tier 1 4220 Female
0328,86524921200328,Tier 1 4220 Female
0329,65084921200329,Tier 1 4220 Female
0330,20534921200330,Tier 1 4220 Female
0331,47704921200331,Tier 1 4220 Female
0332,54994921200332,Tier 1 4220 Female
0333,98504921200333,Tier 1 4220 Female
0334,36194921200334,Tier 1 4220 Female
0335,35374921200335,Tier 1 4220 Female
0336,10564921200336,Tier 1 4220 Female
0337,48684921200337,Tier 1 4220 Female
0338,37594921200338,Tier 1 4220 Female
0339,47884921200339,Tier 1 4220 Female
0340,35344921200340,Tier 1 4220 Female
0341,79814921200341,Tier 1 4220 Female
0342,10244921200342,Tier 1 4220 Female
0343,44374921200343,Tier 1 4220 Female
0344,55144921200344,Tier 1 4220 Female
0345,15174921200345,Tier 1 4220 Female
0346,62404921200346,Tier 1 4220 Female
0347,65584921200347,Tier 1 4220 Female
0348,20784921200348,Tier 1 4220 Female
0349,52904921200349,Tier 1 4220 Female
0350,77834921200350,Tier 1 4220 Female
0351,15994921200351,Tier 1 4220 Female
0352,22044921200352,Tier 1 4220 Female
0353,64254921200353,Tier 1 4220 Female
0354,20844921200354,Tier 1 4220 Female
0355,98214921200355,Tier 1 4220 Female
0356,64064921200356,Tier 1 4220 Female
0357,84434921200357,Tier 1 4220 Female
0358,83994921200358,Tier 1 4220 Female
0359,10204921200359,Tier 1 4220 Female
0360,46284921200360,Tier 1 4220 Female
0361,15814921200361,Tier 1 4220 Female
0362,48284921200362,Tier 1 4220 Female
0363,54604921200363,Tier 1 4220 Female
0364,33784921200364,Tier 1 4220 Female
0365,73734921200365,Tier 1 4220 Female
0366,15764921200366,Tier 1 4220 Female
0367,20914921200367,Tier 1 4220 Female
0368,11224921200368,Tier 1 4220 Female
0369,84844921200369,Tier 1 4220 Female
0370,84664921200370,Tier 1 4220 Female
0371,69944921200371,Tier 1 4220 Female
0372,19264921200372,Tier 1 4220 Female
0373,67794921200373,Tier 1 4220 Female
0374,47174921200374,Tier 1 4220 Female
0375,20914921200375,Tier 1 4220 Female
0376,43434921200376,Tier 1 4220 Female
0377,26564921200377,Tier 1 4220 Female
0378,99444921200378,Tier 1 4220 Female
0379,10884921200379,Tier 1 4220 Female
0380,15614921200380,Tier 1 4220 Female
0381,36224921200381,Tier 1 4220 Female
0382,44364921200382,Tier 1 4220 Female
0383,96894921200383,Tier 1 4220 Female
0384,17834921200384,Tier 1 4220 Female
0385,81274921200385,Tier 1 4220 Female
0386,46624921300386,Tier 2 $280 Male
0387,60444921300387,Tier 2 $280 Male
0388,58754921300388,Tier 2 $280 Male
0389,96324921300389,Tier 2 $280 Male
0390,60434921300390,Tier 2 $280 Male
0391,44494921300391,Tier 2 $280 Male
0392,52564921300392,Tier 2 $280 Male
0393,29494921300393,Tier 2 $280 Male
0394,89684921300394,Tier 2 $280 Male
0395,43064921300395,Tier 2 $280 Male
0396,90364921300396,Tier 2 $280 Male
0397,18054921300397,Tier 2 $280 Male
0398,20574921300398,Tier 2 $280 Male
0399,43214921300399,Tier 2 $280 Male
0400,14104921300400,Tier 2 $280 Male
0401,46854921300401,Tier 2 $280 Male
0402,16724921300402,Tier 2 $280 Male
0403,99584921300403,Tier 2 $280 Male
0404,92914921300404,Tier 2 $280 Male
0405,78994921300405,Tier 2 $280 Male
0406,36944921300406,Tier 2 $280 Male
0407,71474921300407,Tier 2 $280 Male
0408,12164921300408,Tier 2 $280 Male
0409,29174921300409,Tier 2 $280 Male
0410,95294921300410,Tier 2 $280 Male
0411,12284921300411,Tier 2 $280 Male
0412,44664921300412,Tier 2 $280 Male
0413,29424921300413,Tier 2 $280 Male
0414,93784921300414,Tier 2 $280 Male
0415,41604921300415,Tier 2 $280 Male
0416,84744921300416,Tier 2 $280 Male
0417,87404921300417,Tier 2 $280 Male
0418,37524921300418,Tier 2 $280 Male
0419,59774921300419,Tier 2 $280 Male
0420,54604921300420,Tier 2 $280 Male
0421,37234921300421,Tier 2 $280 Male
0422,92354921300422,Tier 2 $280 Male
0423,24854921300423,Tier 2 $280 Male
0424,63174921300424,Tier 2 $280 Male
0425,52684921300425,Tier 2 $280 Male
0426,35054921300426,Tier 2 $280 Male
0427,72154921300427,Tier 2 $280 Male
0428,47574921300428,Tier 2 $280 Male
0429,13024921300429,Tier 2 $280 Male
0430,75934921300430,Tier 2 $280 Male
0431,26344921300431,Tier 2 $280 Male
0432,67014921300432,Tier 2 $280 Male
0433,61264921300433,Tier 2 $280 Male
0434,84054921300434,Tier 2 $280 Male
0435,15884921300435,Tier 2 $280 Male
0436,79154921300436,Tier 2 $280 Male
0437,14994921300437,Tier 2 $280 Male
0438,94844921300438,Tier 2 $280 Male
0439,30124921300439,Tier 2 $280 Male
0440,99104921300440,Tier 2 $280 Male
0441,59584921300441,Tier 2 $280 Male
0442,30254921300442,Tier 2 $280 Male
0443,38824921300443,Tier 2 $280 Male
0444,20734921300444,Tier 2 $280 Male
0445,24044921300445,Tier 2 $280 Male
0446,71434921300446,Tier 2 $280 Male
0447,44164921300447,Tier 2 $280 Male
0448,90604921300448,Tier 2 $280 Male
0449,29234921300449,Tier 2 $280 Male
0450,63874921300450,Tier 2 $280 Male
0451,65284921300451,Tier 2 $280 Male
0452,54434921300452,Tier 2 $280 Male
0453,78704921300453,Tier 2 $280 Male
0454,25074921300454,Tier 2 $280 Male
0455,55314921300455,Tier 2 $280 Male
0456,35924921300456,Tier 2 $280 Male
0457,31954921300457,Tier 2 $280 Male
0458,44684921300458,Tier 2 $280 Male
0459,20934921300459,Tier 2 $280 Male
0460,88214921300460,Tier 2 $280 Male
0461,50184921300461,Tier 2 $280 Male
0462,27184921300462,Tier 2 $280 Male
0463,74344921300463,Tier 2 $280 Male
0464,37764921300464,Tier 2 $280 Male
0465,74634921300465,Tier 2 $280 Male
0466,86994921300466,Tier 2 $280 Male
0467,57874921300467,Tier 2 $280 Male
0468,70784921300468,Tier 2 $280 Male
0469,47334921300469,Tier 2 $280 Male
0470,66204921300470,Tier 2 $280 Male
0471,90924921300471,Tier 2 $280 Male
0472,82104921300472,Tier 2 $280 Male
0473,64354921300473,Tier 2 $280 Male
0474,64634921300474,Tier 2 $280 Male
0475,59594921300475,Tier 2 $280 Male
0476,36634921300476,Tier 2 $280 Male
0477,11654921300477,Tier 2 $280 Male
0478,92594921300478,Tier 2 $280 Male
0479,28644921300479,Tier 2 $280 Male
0480,83214921300480,Tier 2 $280 Male
0481,33304921300481,Tier 2 $280 Male
0482,15984921300482,Tier 2 $280 Male
0483,46024921300483,Tier 2 $280 Male
0484,61054921300484,Tier 2 $280 Male
0485,32314921300485,Tier 2 $280 Male
0486,63894921300486,Tier 2 $280 Male
0487,59964921300487,Tier 2 $280 Male
0488,18634921300488,Tier 2 $280 Male
0489,93854921300489,Tier 2 $280 Male
0490,98894921300490,Tier 2 $280 Male
0491,38464921300491,Tier 2 $280 Male
0492,35094921300492,Tier 2 $280 Male
0493,31134921300493,Tier 2 $280 Male
0494,79604921300494,Tier 2 $280 Male
0495,21304921300495,Tier 2 $280 Male
0496,64174921300496,Tier 2 $280 Male
0497,33544921300497,Tier 2 $280 Male
0498,95844921300498,Tier 2 $280 Male
0499,14634921300499,Tier 2 $280 Male
0500,70594921300500,Tier 2 $280 Male
0501,77584921300501,Tier 2 $280 Male
0502,66314921300502,Tier 2 $280 Male
0503,87944921300503,Tier 2 $280 Male
0504,98964921300504,Tier 2 $280 Male
0505,80034921300505,Tier 2 $280 Male
0506,88754921300506,Tier 2 $280 Male
0507,43654921300507,Tier 2 $280 Male
0508,95184921300508,Tier 2 $280 Male
0509,73814921300509,Tier 2 $280 Male
0510,92614921300510,Tier 2 $280 Male
0511,99094921300511,Tier 2 $280 Male
0512,20394921300512,Tier 2 $280 Male
0513,46184921300513,Tier 2 $280 Male
0514,54144921300514,Tier 2 $280 Male
0515,61064921300515,Tier 2 $280 Male
0516,77274921300516,Tier 2 $280 Male
0517,69604921300517,Tier 2 $280 Male
0518,54134921300518,Tier 2 $280 Male
0519,52864921300519,Tier 2 $280 Male
0520,59104921300520,Tier 2 $280 Male
0521,94964921300521,Tier 2 $280 Male
0522,88004921300522,Tier 2 $280 Male
0523,93804921300523,Tier 2 $280 Male
0524,71024921300524,Tier 2 $280 Male
0525,37404921300525,Tier 2 $280 Male
0526,78534921300526,Tier 2 $280 Male
0527,61274921300527,Tier 2 $280 Male
0528,14064921300528,Tier 2 $280 Male
0529,64544921300529,Tier 2 $280 Male
0530,90914921300530,Tier 2 $280 Male
0531,35224921300531,Tier 2 $280 Male
0532,81424921300532,Tier 2 $280 Male
0533,97314921300533,Tier 2 $280 Male
0534,30504921300534,Tier 2 $280 Male
0535,35244921300535,Tier 2 $280 Male
0536,17504921300536,Tier 2 $280 Male
0537,53214921300537,Tier 2 $280 Male
0538,82934921300538,Tier 2 $280 Male
0539,50054921300539,Tier 2 $280 Male
0540,19214921300540,Tier 2 $280 Male
0541,22094921300541,Tier 2 $280 Male
0542,96774921300542,Tier 2 $280 Male
0543,89584921300543,Tier 2 $280 Male
0544,39934921300544,Tier 2 $280 Male
0545,14444921300545,Tier 2 $280 Male
0546,68694921400546,Tier 2 $250 Female
0547,79464921400547,Tier 2 $250 Female
0548,15914921400548,Tier 2 $250 Female
0549,92154921400549,Tier 2 $250 Female
0550,21104921400550,Tier 2 $250 Female
0551,48074921400551,Tier 2 $250 Female
0552,25154921400552,Tier 2 $250 Female
0553,71844921400553,Tier 2 $250 Female
0554,82324921400554,Tier 2 $250 Female
0555,66034921400555,Tier 2 $250 Female
0556,18834921400556,Tier 2 $250 Female
0557,60574921400557,Tier 2 $250 Female
0558,49264921400558,Tier 2 $250 Female
0559,28314921400559,Tier 2 $250 Female
0560,25224921400560,Tier 2 $250 Female
0561,24204921400561,Tier 2 $250 Female
0562,52524921400562,Tier 2 $250 Female
0563,88704921400563,Tier 2 $250 Female
0564,16074921400564,Tier 2 $250 Female
0565,98074921400565,Tier 2 $250 Female
0566,74084921400566,Tier 2 $250 Female
0567,36874921400567,Tier 2 $250 Female
0568,65514921400568,Tier 2 $250 Female
0569,20434921400569,Tier 2 $250 Female
0570,27474921400570,Tier 2 $250 Female
0571,47864921400571,Tier 2 $250 Female
0572,81494921400572,Tier 2 $250 Female
0573,28054921400573,Tier 2 $250 Female
0574,40404921400574,Tier 2 $250 Female
0575,14194921400575,Tier 2 $250 Female
0576,99664921400576,Tier 2 $250 Female
0577,64634921400577,Tier 2 $250 Female
0578,39934921400578,Tier 2 $250 Female
0579,70294921400579,Tier 2 $250 Female
0580,59774921400580,Tier 2 $250 Female
0581,91524921400581,Tier 2 $250 Female
0582,80114921400582,Tier 2 $250 Female
0583,59644921400583,Tier 2 $250 Female
0584,54584921400584,Tier 2 $250 Female
0585,61044921400585,Tier 2 $250 Female
0586,62164921400586,Tier 2 $250 Female
0587,14194921400587,Tier 2 $250 Female
0588,61314921400588,Tier 2 $250 Female
0589,92204921400589,Tier 2 $250 Female
0590,17124921400590,Tier 2 $250 Female
0591,26494921400591,Tier 2 $250 Female
0592,55484921400592,Tier 2 $250 Female
0593,39074921400593,Tier 2 $250 Female
0594,50974921400594,Tier 2 $250 Female
0595,54144921400595,Tier 2 $250 Female
0596,57354921400596,Tier 2 $250 Female
0597,71444921400597,Tier 2 $250 Female
0598,42364921400598,Tier 2 $250 Female
0599,16904921400599,Tier 2 $250 Female
0600,20834921400600,Tier 2 $250 Female
0601,18264921400601,Tier 2 $250 Female
0602,82684921400602,Tier 2 $250 Female
0603,96144921400603,Tier 2 $250 Female
0604,14884921400604,Tier 2 $250 Female
0605,83244921400605,Tier 2 $250 Female
0606,38814921400606,Tier 2 $250 Female
0607,66954921400607,Tier 2 $250 Female
0608,67404921400608,Tier 2 $250 Female
0609,53324921400609,Tier 2 $250 Female
0610,38184921400610,Tier 2 $250 Female
0611,92614921400611,Tier 2 $250 Female
0612,31674921400612,Tier 2 $250 Female
0613,59284921400613,Tier 2 $250 Female
0614,76484921400614,Tier 2 $250 Female
0615,11654921400615,Tier 2 $250 Female
0616,15234921400616,Tier 2 $250 Female
0617,99134921400617,Tier 2 $250 Female
0618,97834921400618,Tier 2 $250 Female
0619,87354921400619,Tier 2 $250 Female
0620,21294921400620,Tier 2 $250 Female
0621,33864921400621,Tier 2 $250 Female
0622,97404921400622,Tier 2 $250 Female
0623,69864921400623,Tier 2 $250 Female
0624,62644921400624,Tier 2 $250 Female
0625,55714921400625,Tier 2 $250 Female
0626,66584921400626,Tier 2 $250 Female
0627,80594921400627,Tier 2 $250 Female
0628,28084921400628,Tier 2 $250 Female
0629,98974921400629,Tier 2 $250 Female
0630,50654921400630,Tier 2 $250 Female
0631,79394921400631,Tier 2 $250 Female
0632,21264921400632,Tier 2 $250 Female
0633,83254921400633,Tier 2 $250 Female
0634,48894921400634,Tier 2 $250 Female
0635,73964921400635,Tier 2 $250 Female
0636,92154921400636,Tier 2 $250 Female
0637,89254921400637,Tier 2 $250 Female
0638,27314921400638,Tier 2 $250 Female
0639,81954921400639,Tier 2 $250 Female
0640,80944921400640,Tier 2 $250 Female
0641,17084921400641,Tier 2 $250 Female
0642,43744921400642,Tier 2 $250 Female
0643,25484921400643,Tier 2 $250 Female
0644,24424921400644,Tier 2 $250 Female
0645,76974921400645,Tier 2 $250 Female
0646,35524921400646,Tier 2 $250 Female
0647,98144921400647,Tier 2 $250 Female
0648,44894921400648,Tier 2 $250 Female
0649,42684921400649,Tier 2 $250 Female
0650,79644921400650,Tier 2 $250 Female
0651,74584921400651,Tier 2 $250 Female
0652,81574921400652,Tier 2 $250 Female
0653,57104921400653,Tier 2 $250 Female
0654,45444921400654,Tier 2 $250 Female
0655,82494921400655,Tier 2 $250 Female
0656,94524921400656,Tier 2 $250 Female
0657,20714921400657,Tier 2 $250 Female
0658,79674921400658,Tier 2 $250 Female
0659,47144921400659,Tier 2 $250 Female
0660,21064921400660,Tier 2 $250 Female
0661,82234921400661,Tier 2 $250 Female
0662,34264921400662,Tier 2 $250 Female
0663,58414921400663,Tier 2 $250 Female
0664,24604921400664,Tier 2 $250 Female
0665,71984921400665,Tier 2 $250 Female
0666,86394921400666,Tier 2 $250 Female
0667,40374921400667,Tier 2 $250 Female
0668,46144921400668,Tier 2 $250 Female
0669,37624921400669,Tier 2 $250 Female
0670,31214921400670,Tier 2 $250 Female
0671,73244921400671,Tier 2 $250 Female
0672,98114921400672,Tier 2 $250 Female
0673,82444921400673,Tier 2 $250 Female
0674,36934921400674,Tier 2 $250 Female
0675,17964921400675,Tier 2 $250 Female
0676,40844921400676,Tier 2 $250 Female
0677,46184921400677,Tier 2 $250 Female
0678,72534921400678,Tier 2 $250 Female
0679,63204921400679,Tier 2 $250 Female
0680,11384921400680,Tier 2 $250 Female
0681,18234921400681,Tier 2 $250 Female
0682,77924921400682,Tier 2 $250 Female
0683,34954921400683,Tier 2 $250 Female
0684,64974921400684,Tier 2 $250 Female
0685,63494921400685,Tier 2 $250 Female
0686,66534921400686,Tier 2 $250 Female
0687,78444921400687,Tier 2 $250 Female
0688,18954921400688,Tier 2 $250 Female
0689,60614921400689,Tier 2 $250 Female
0690,70544921400690,Tier 2 $250 Female
0691,12824921400691,Tier 2 $250 Female
0692,39124921400692,Tier 2 $250 Female
0693,12784921400693,Tier 2 $250 Female
0694,18524921400694,Tier 2 $250 Female
0695,58024921400695,Tier 2 $250 Female
0696,78684921400696,Tier 2 $250 Female
0697,21014921400697,Tier 2 $250 Female
0698,85514921400698,Tier 2 $250 Female
0699,54444921400699,Tier 2 $250 Female
0700,59654921400700,Tier 2 $250 Female
0701,99914921400701,Tier 2 $250 Female
0702,75824921400702,Tier 2 $250 Female
0703,54884921400703,Tier 2 $250 Female
0704,76734921400704,Tier 2 $250 Female
0705,16014921400705,Tier 2 $250 Female
0706,88064921400706,Tier 2 $250 Female
0707,39114921400707,Tier 2 $250 Female
0708,83734921400708,Tier 2 $250 Female
0709,48454921400709,Tier 2 $250 Female
0710,32854921400710,Tier 2 $250 Female
0711,10884921400711,Tier 2 $250 Female
0712,52504921400712,Tier 2 $250 Female
0713,62364921400713,Tier 2 $250 Female
0714,72964921400714,Tier 2 $250 Female
0715,27504921400715,Tier 2 $250 Female
0716,64294921400716,Tier 2 $250 Female
0717,44594921400717,Tier 2 $250 Female
0718,95994921400718,Tier 2 $250 Female
0719,71794921400719,Tier 2 $250 Female
0720,63704921400720,Tier 2 $250 Female
0721,31974921400721,Tier 2 $250 Female
0722,19524921400722,Tier 2 $250 Female
0723,36704921400723,Tier 2 $250 Female
0724,85054921400724,Tier 2 $250 Female
0725,62164921400725,Tier 2 $250 Female
0726,28724921400726,Tier 2 $250 Female
0727,92284921400727,Tier 2 $250 Female
0728,51314921400728,Tier 2 $250 Female
0729,56884921400729,Tier 2 $250 Female
0730,26564921400730,Tier 2 $250 Female
0731,85234921400731,Tier 2 $250 Female
0732,45504921400732,Tier 2 $250 Female
0733,87704921400733,Tier 2 $250 Female
0734,96464921400734,Tier 2 $250 Female
0735,40944921400735,Tier 2 $250 Female
0736,64594921400736,Tier 2 $250 Female
0737,34324921400737,Tier 2 $250 Female
0738,87454921400738,Tier 2 $250 Female
0739,57994921400739,Tier 2 $250 Female
0740,65924921400740,Tier 2 $250 Female
0741,75354921400741,Tier 2 $250 Female
0742,31774921400742,Tier 2 $250 Female
0743,45244921400743,Tier 2 $250 Female
0744,36094921400744,Tier 2 $250 Female
0745,31644921400745,Tier 2 $250 Female
0746,45094921400746,Tier 2 $250 Female
0747,21304921400747,Tier 2 $250 Female
0748,82364921400748,Tier 2 $250 Female
0749,81954921400749,Tier 2 $250 Female
0750,69154921400750,Tier 2 $250 Female
0751,76584921400751,Tier 2 $250 Female
0752,96614921400752,Tier 2 $250 Female
0753,61364921400753,Tier 2 $250 Female
0754,86904921400754,Tier 2 $250 Female
0755,87854921400755,Tier 2 $250 Female
0756,71684921400756,Tier 2 $250 Female
0757,41974921400757,Tier 2 $250 Female
0758,90174921400758,Tier 2 $250 Female
0759,85254921400759,Tier 2 $250 Female
0760,80304921400760,Tier 2 $250 Female
0761,36194921400761,Tier 2 $250 Female
0762,69844921400762,Tier 2 $250 Female
0763,11814921400763,Tier 2 $250 Female
0764,96494921400764,Tier 2 $250 Female
0765,82544921400765,Tier 2 $250 Female
0766,28454921400766,Tier 2 $250 Female
0767,45474921400767,Tier 2 $250 Female
0768,19524921400768,Tier 2 $250 Female
0769,83934921400769,Tier 2 $250 Female
0770,15414921400770,Tier 2 $250 Female
0771,43684921500771,VIP
0772,80204921500772,VIP
0773,28464921500773,VIP
0774,94604921500774,VIP
0775,90344921500775,VIP
0776,99934921500776,VIP
0777,52614921500777,VIP
0778,64614921500778,VIP
0779,75414921500779,VIP
0780,32004921500780,VIP
0781,77154921500781,VIP
0782,11304921500782,VIP
0783,16884921500783,VIP
0784,75504921500784,VIP
0785,95354921500785,VIP
0786,73004921500786,VIP
0787,45344921500787,VIP
0788,91824921500788,VIP
0789,33754921500789,VIP
0790,48214921500790,VIP
0791,51014921500791,VIP
0792,33464921500792,VIP
0793,85474921500793,VIP
0794,15684921500794,VIP
0795,73234921500795,VIP
0796,35464921500796,VIP
0797,75994921500797,VIP
0798,77094921500798,VIP
0799,82554921500799,VIP
0800,79314921500800,VIP
0801,21444921500801,VIP
0802,32244921500802,VIP
0803,55234921500803,VIP
0804,39414921500804,VIP
0805,79304921500805,VIP
0806,66674921500806,VIP
0807,70254921500807,VIP
0808,21864921500808,VIP
0809,71854921500809,VIP
0810,21844921500810,VIP
0811,68904921500811,VIP
0812,95984921500812,VIP
0813,21764921500813,VIP
0814,37754921500814,VIP
0815,86754921500815,VIP
0816,48174921500816,VIP
0817,80494921500817,VIP
0818,48154921500818,VIP
0819,58224921500819,VIP
0820,58294921500820,VIP
0821,29074921500821,VIP
0822,18144921500822,VIP
0823,93594921500823,VIP
0824,48614921500824,VIP
0825,61304921500825,VIP
0826,24384921500826,VIP
0827,58564921500827,VIP
0828,45194921500828,VIP
0829,59634921500829,VIP
0830,87694921500830,VIP
0831,76234921500831,VIP
0832,21814921500832,VIP
0833,63364921500833,VIP
0834,28274921500834,VIP
0835,61704921500835,VIP
0836,36344921500836,VIP
0837,39484921500837,VIP
0838,63284921500838,VIP
0839,89034921500839,VIP
0840,29684921500840,VIP
0841,35914921500841,VIP
0842,77084921500842,VIP
0843,60834921500843,VIP
0844,97164921500844,VIP
0845,87314921500845,VIP
0846,83824921500846,VIP
0847,30264921500847,VIP
0848,62434921500848,VIP
0849,53354921500849,VIP
0850,82634921500850,VIP
0851,95554921500851,VIP
0852,63894921500852,VIP
0853,19494921500853,VIP
0854,25274921500854,VIP
0855,47084921500855,VIP
0856,83554921500856,VIP
0857,90244921500857,VIP
0858,76254921500858,VIP
0859,26864921500859,VIP
0860,38514921500860,VIP
0861,25014921500861,VIP
0862,85574921500862,VIP
0863,40584921500863,VIP
0864,74794921500864,VIP
0865,66294921500865,VIP
0866,73794921500866,VIP
0867,32164921500867,VIP
0868,73804921500868,VIP
0869,80534921500869,VIP
0870,19754921500870,VIP
0871,70744921500871,VIP
0872,81204921500872,VIP
0873,71364921500873,VIP
0874,30674921500874,VIP
0875,20274921500875,VIP
0876,38334921500876,VIP
0877,85394921500877,VIP
0878,84834921500878,VIP
0879,41474921500879,VIP
0880,76104921500880,VIP
0881,50494921500881,VIP
0882,66784921500882,VIP
0883,36414921500883,VIP
0884,21434921500884,VIP
0885,86564921500885,VIP
0886,94904921500886,VIP
0887,15544921500887,VIP
0888,96104921500888,VIP
0889,28854921500889,VIP
0890,61614921500890,VIP
0891,37204921500891,VIP
0892,18234921500892,VIP
0893,53684921500893,VIP
0894,96034921500894,VIP
0895,79664921500895,VIP
0896,16104921500896,VIP
0897,66784921500897,VIP
0898,59144921500898,VIP
0899,25674921500899,VIP
0900,64624921500900,VIP
0901,14044921500901,VIP
0902,51384921500902,VIP
0903,29464921500903,VIP
0904,44244921500904,VIP
0905,34774921500905,VIP
0906,42894921500906,VIP
0907,96264921500907,VIP
0908,12314921500908,VIP
0909,97564921500909,VIP
0910,66094921500910,VIP
0911,44434921500911,VIP
0912,46994921500912,VIP
0913,18484921500913,VIP
0914,70904921500914,VIP
0915,29844921500915,VIP
0916,23734921500916,VIP
0917,41874921500917,VIP
0918,72364921500918,VIP
0919,13024921500919,VIP
0920,44084921500920,VIP
0921,55984921100921,3 FEMALE $450
0922,93644921100922,3 FEMALE $450
0923,95834921100923,3 FEMALE $450
0924,53114921100924,3 FEMALE $450
0925,81624921100925,3 FEMALE $450
0926,19484921100926,3 FEMALE $450
0927,62614921100927,3 FEMALE $450
0928,42514921100928,3 FEMALE $450
0929,16754921100929,3 FEMALE $450
0930,76584921100930,3 FEMALE $450
0931,56374921100931,3 FEMALE $450
0932,38474921100932,3 FEMALE $450
0933,29604921100933,3 FEMALE $450
0934,58334921100934,3 FEMALE $450
0935,72644921100935,3 FEMALE $450
0936,37604921100936,3 FEMALE $450
0937,90954921100937,3 FEMALE $450
0938,80584921100938,3 FEMALE $450
0939,39494921100939,3 FEMALE $450
0940,58754921100940,3 FEMALE $450
0941,14854921100941,3 FEMALE $450
0942,99294921100942,3 FEMALE $450
0943,94634921100943,3 FEMALE $450
0944,31944921100944,3 FEMALE $450
0945,61914921100945,3 FEMALE $450
0946,80734921100946,3 FEMALE $450
0947,74934921100947,3 FEMALE $450
0948,69704921100948,3 FEMALE $450
0949,35124921100949,3 FEMALE $450
0950,14094921100950,3 FEMALE $450
0951,18434921100951,3 FEMALE $450
0952,41064921100952,3 FEMALE $450
0953,18094921100953,3 FEMALE $450
0954,36654921100954,3 FEMALE $450
0955,58874921100955,3 FEMALE $450
0956,67854921100956,3 FEMALE $450
0957,55834921100957,3 FEMALE $450
0958,41464921100958,3 FEMALE $450
0959,72754921100959,3 FEMALE $450
0960,53744921100960,3 FEMALE $450
0961,38094921100961,3 FEMALE $450
0962,27484921100962,3 FEMALE $450
0963,68854921100963,3 FEMALE $450
0964,45514921100964,3 FEMALE $450
0965,55064921100965,3 FEMALE $450
0966,22214921100966,3 FEMALE $450
0967,60254921100967,3 FEMALE $450
0968,77064921100968,3 FEMALE $450
0969,55704921100969,3 FEMALE $450
0970,26904921100970,3 FEMALE $450
0971,IET69cfe8b546f537.52031272,3 ON 1 FEMALE 
0972,IET69d7b4b5da7481.44761758,3 ON 1 FEMALE 
0973,IET69dc3e0d202682.38863026,3 ON 1 FEMALE 
0974,IET69deb625d56861.70916588,3 ON 1 FEMALE 
0975,IET69e7c94f27cd74.07796520,3 ON 1 FEMALE 
0976,IET69e8fa6f5fc081.41305900,3 ON 1 FEMALE 
0977,IET69ecd8b6c969b5.46832780,3 ON 1 FEMALE 
0978,IET69ed6d1054c4e8.51635286,3 ON 1 FEMALE 
0979,IET69ee8902a4cbb9.16306211,3 ON 1 FEMALE 
0980,IET69ef8e3fc9ac76.90061437,3 ON 1 FEMALE 
0981,IET69f2799107b358.56255524,3 ON 1 FEMALE 
0982,IET69f283d7b44182.82550897,3 ON 1 FEMALE 
0983,IET69f35e3617b9b9.11627844,3 ON 1 FEMALE 
0984,IET69f4a680a9b3d9.35474194,3 ON 1 FEMALE 
0985,IET69f5286182b618.29784880,3 ON 1 FEMALE 
0986,IET69f75d9a1bcd34.04987661,3 ON 1 FEMALE 
0987,IET69f7c7fa0e0bb7.08110285,3 ON 1 FEMALE 
0988,IET69fa473e2c8b39.50727381,3 ON 1 FEMALE 
0989,IET69fa9f7342d6a5.07158332,3 ON 1 FEMALE 
0990,IET69fa9f73431f81.19970273,3 ON 1 FEMALE 
0991,IET69fbe1c0aef142.26238720,3 ON 1 FEMALE 
0992,IET69fd3f6d8ad6b3.02359928,3 ON 1 FEMALE 
0993,IET69fd4acf54a7c7.81485581,3 ON 1 FEMALE 
0994,IET69ff6c17064b42.15086634,3 ON 1 FEMALE 
0995,IET6a00acd5bf83b2.80743048,3 ON 1 FEMALE 
0996,IET6a00de2fab1fa3.46878475,3 ON 1 FEMALE 
0997,IET6a013759df8939.44568847,3 ON 1 FEMALE 
0998,TK6a033dafe7f399.67441527,3 ON 1 FEMALE 
0999,IET6a03c909e4bcc0.49245160,3 ON 1 FEMALE 
1000,IET6a05db18f030a3.45345295,3 ON 1 FEMALE 
1001,IET6a0f309bceba99.08698359,3 ON 1 FEMALE 
1002,IET6a121285557a59.95581660,3 ON 1 FEMALE 
1003,TK6a0792cb93b8d7.34661425,Crew Female 
1004,TK6a0792cbc41a49.97327709,Crew Female 
1005,TK6a07bab3ad1e07.12182580,Crew Female 
1006,TK6a07bab4004d26.43366920,Crew Female 
1007,TK6a08ea5fd94ab2.84625256,Crew Female 
1008,TK6a09f1d7d13fe8.95538179,Crew Female 
1009,TK6a09f1d80ca458.51540095,Crew Female 
1010,TK6a09f1d8360d41.93537497,Crew Female 
1011,TK6a09f1d866f346.01883082,Crew Female 
1012,TK6a0a505cc0ee33.38882451,Crew Female 
1013,TK6a0a505d03f567.95416657,Crew Female 
1014,TK6a0a505d335213.61846163,Crew Female 
1015,TK6a0b1f42e470a9.72797116,Crew Female 
1016,TK6a0cf797ab1f64.10230624,Crew Female 
1017,TK6a0cf797efdc61.31099277,Crew Female 
1018,TK6a0cf79831c2d3.87817932,Crew Female 
1019,TK6a0f4938dfef11.73097386,Crew Female 
1020,TK6a0f49391c11e0.79158594,Crew Female 
1021,TK6a0f49396a7399.56371262,Crew Female 
1022,TK6a0f5ecf2ccf20.43944879,Crew Female 
1023,TK6a0f8da5e964b9.32136886,Crew Female 
1024,TK6a108aef124571.46434989,Crew Female 
1025,TK6a134da87b1b15.53912440,Crew Female 
1026,TK6a14cdb24a1872.89935793,Crew Female 
1027,TK6a157d5fb91997.48679174,Crew Female 
1028,TK6a157d6005ee71.43666069,Crew Female 
1029,TK6a157d604a7e10.42783670,Crew Female 
1030,TK6a157d60734277.41673510,Crew Female 
1031,TK6a157d609af981.26111005,Crew Female 
1032,TK6a15cadac45673.84870051,Crew Female 
1033,TK6a15cadaef2753.36906141,Crew Female 
1034,TK6a15cadb244317.91546875,Crew Female 
1035,TK6a171875d40800.28705199,Crew Female 
1036,TK6a17189d8a7009.81709920,Crew Female 
1037,TK6a1718bb1caf48.73247240,Crew Female 
1038,TK6a1718eda453b8.86760479,Crew Female 
1039,TK6a1719536f0dc8.02209732,Crew Female 
1040,TK6a1719727f8056.00605184,Crew Female 
1041,TK6a1719908db8d3.80274225,Crew Female 
1042,TK6a1719b346b1f9.63551572,Crew Female 
1043,TK6a1719b376eef8.48196914,Crew Female 
1044,TK6a1719b3a132a6.29624852,Crew Female 
1045,TK6a1719d264f902.19464369,Crew Female 
1046,TK6a171a2629b5f3.72057168,Crew Female 
1047,TK6a171a6f0f2cb0.18579391,Crew Female 
1048,TK6a171ab5b23731.34641664,Crew Female 
1049,TK6a171afa16c059.28538027,Crew Female 
1050,TK6a171b10734e26.88666501,Crew Female 
1051,TK6a171b24b99152.34300632,Crew Female 
1052,TK6a171b3e2d46f6.77231098,Crew Female 
1053,TK6a171b553f2f56.60732320,Crew Female 
1054,TK6a171b7a708387.99961930,Crew Female 
1055,TK6a171bfb6ca5e5.78859695,Crew Female 
1056,TK6a171bfb95bb56.17813758,Crew Female 
1057,TK6a171bfbc16059.64487972,Crew Female 
1058,TK6a171ce4b51ee6.46586994,Crew Female 
1059,TK6a171ce4ebf568.45634097,Crew Female 
1060,TK6a171d1aea9e95.39978901,Crew Female 
1061,TK6a171d1b270b77.84360084,Crew Female 
1062,TK6a171df2a77562.00682160,Crew Female 
1063,TK6a171df2d179c1.60833272,Crew Female 
1064,TK6a17209aa583b9.12499257,Crew Female 
1065,TK6a172293520847.21733442,Crew Female 
1066,TK6a1722ec9a4ec5.71810593,Crew Female 
1067,TK6a17230d0bd413.68503044,Crew Female 
1068,TK6a172332b4f203.22041702,Crew Female 
1069,TK6a172332e56f29.08443328,Crew Female 
1070,TK6a172366c9fc61.27379371,Crew Female 
1071,TK6a17237d38ae92.21627714,Crew Female 
1072,TK6a1723cdb99d70.79073553,Crew Female 
1073,TK6a1723cde48987.22399027,Crew Female 
1074,TK6a172401239ca5.20128069,Crew Female 
1075,TK6a1724014e7e80.15667289,Crew Female 
1076,TK6a172401800b40.54088397,Crew Female 
1077,TK6a17243cf328f5.46091383,Crew Female 
1078,TK6a1724a68273a9.58119669,Crew Female 
1079,TK6a1724a6b0d806.88064437,Crew Female 
1080,TK6a17254d96d8a6.98859051,Crew Female 
1081,TK6a17402daac961.20236500,Crew Female 
1082,TK6a17402dd40e21.32336151,Crew Female 
1083,TK6a17402e098c27.36908646,Crew Female 
1084,TK6a17404f151453.48044017,Crew Female 
1085,TK6a17404f455e16.86264161,Crew Female 
1086,TK6a174200c25235.09122527,Crew Female 
1087,TK6a174200f1eac3.51609428,Crew Female 
1088,TK6a1742012c5cd2.14726463,Crew Female 
1089,TK6a1742015668e3.43743126,Crew Female 
1090,TK6a174201802f63.84322123,Crew Female 
1091,TK6a1744f042d1c6.29840235,Crew Female 
1092,TK6a17450dcfc9b7.82947866,Crew Female 
1093,TK6a1745279abcf5.96767369,Crew Female 
1094,TK6a174527c54214.19703564,Crew Female 
1095,TK6a175130372e40.26107957,Crew Female 
1096,TK6a17518a676db8.06122537,Crew Female 
1097,TK6a176547def1e0.23001323,Crew Female 
1098,TK6a176548148564.68468609,Crew Female 
1099,TK6a176548441632.22563166,Crew Female 
1100,TK6a1775635eac89.62893646,Crew Female 
1101,TK6a17756385ced2.74357443,Crew Female 
1102,TK6a1779ad71da97.99343344,Crew Female 
1103,TK6a177bd135d747.39111927,Crew Female 
1104,TK6a177c4f0e88e3.82279970,Crew Female 
1105,TK6a1781320ef944.59784862,Crew Female 
1106,TK6a178459ebb482.75901239,Crew Female 
1107,TK6a17845a34d9f6.17242227,Crew Female 
1108,TK6a17855f63be58.58979868,Crew Female 
1109,TK6a1793953ee529.32687814,Crew Female 
1110,TK6a1793d7d29cf4.80368978,Crew Female 
1111,TK6a17940aebaa17.77698582,Crew Female 
1112,TK6a179440aac933.33234417,Crew Female 
1113,TK6a17946ee3ff65.76343872,Crew Female 
1114,TK6a17949763bd23.36144559,Crew Female 
1115,TK6a1794cf739569.55460876,Crew Female 
1116,TK6a1794ff448a82.11970390,Crew Female 
1117,TK6a17952c96fdb4.57576156,Crew Female 
1118,TK6a179691a58a55.89263819,Crew Female 
1119,TK6a17969202de27.36950748,Crew Female 
1120,TK6a17975da13fe9.43997239,Crew Female 
1121,TK6a179782776452.27905526,Crew Female 
1122,TK6a179c6a44ed30.44286117,Crew Female 
1123,TK6a17a02e3ef183.19897557,Crew Female 
1124,TK6a17a02e66cd89.70644540,Crew Female 
1125,TK6a17a04acfbd03.33343209,Crew Female 
1126,TK6a17a04b048175.65453563,Crew Female 
1127,TK6a17a7f64f4fe3.90430561,Crew Female 
1128,TK6a17a81db2a1d4.38102537,Crew Female 
1129,TK6a17a8617c07d9.57503706,Crew Female 
1130,TK6a17a8988b8524.81702847,Crew Female 
1131,TK6a17a8c3b2bdb3.41630432,Crew Female 
1132,TK6a17aae65043a5.66445283,Crew Female 
1133,TK6a17ad0f3d5013.66315912,Crew Female 
1134,TK6a17ad0f6c6d18.47054892,Crew Female 
1135,TK6a17ad33a396f0.89854207,Crew Female 
1136,TK6a17ada1b1a3d0.35880531,Crew Female 
1137,TK6a17ada1db99a5.36750417,Crew Female 
1138,TK6a17ae7786c799.56178907,Crew Female 
1139,TK6a17ae77c50640.81192562,Crew Female 
1140,TK6a17ae960c3944.94931054,Crew Female 
1141,TK6a17ae9638f592.47995693,Crew Female 
1142,TK6a17aeb5140fd5.07759999,Crew Female 
1143,TK6a17aeb565f0f5.47311230,Crew Female 
1144,TK6a17b042db2394.91260757,Crew Female 
1145,TK6a17b04321bc40.56211688,Crew Female 
1146,TK6a17b31857ed26.87114125,Crew Female 
1147,TK6a17b318811217.76694732,Crew Female 
1148,TK6a17b38a599837.50827688,Crew Female 
1149,TK6a17b38a837fc3.17722109,Crew Female 
1150,TK6a17b38ab8f146.90488044,Crew Female 
1151,TK6a17b6bf95a797.92425841,Crew Female 
1152,TK6a17b6bfdfea27.30442317,Crew Female 
1153,TK6a17b6c0249916.17819083,Crew Female 
1154,TK6a17bc1a5b3de3.68034621,Crew Female 
1155,TK6a17bc1abb85d4.88779656,Crew Female 
1156,TK6a1815eba754f5.91942653,Crew Female 
1157,TK6a1815ebcf11b6.09498289,Crew Female 
1158,TK6a18160d34c470.78040683,Crew Female 
1159,TK6a18160d89f870.72083378,Crew Female 
1160,TK6a18160dd633a7.54376981,Crew Female 
1161,TK6a1845441027c4.60093887,Crew Female 
1162,TK6a1845443ee9a2.24389760,Crew Female 
1163,TK6a1845447c3500.42423887,Crew Female 
1164,TK6a184fc05c8c66.64374027,Crew Female 
1165,TK6a184fc0859149.33002029,Crew Female 
1166,TK6a185148c350c5.61051550,Crew Female 
1167,TK6a1853656c4794.30623623,Crew Female 
1168,TK6a18536594fc74.07330053,Crew Female 
1169,TK6a185365bce196.58363653,Crew Female 
1170,TK6a185365eba0e7.95603651,Crew Female 
1171,TK6a1853661f06b9.68212782,Crew Female 
1172,TK6a18536646cc97.35678255,Crew Female 
1173,TK6a185366703469.36089419,Crew Female 
1174,TK6a185366981440.35973545,Crew Female 
1175,TK6a185366c70d63.86346384,Crew Female 
1176,TK6a1853670ee026.24290840,Crew Female 
1177,TK6a188975168801.94449648,Crew Female 
1178,TK6a18897547e893.25165625,Crew Female 
1179,TK6a188975734621.03454164,Crew Female 
1180,TK6a189a8c2ff243.70579734,Crew Female 
1181,TK6a189aeee85d14.14629897,Crew Female 
1182,TK6a189b00101a10.75986870,Crew Female 
1183,TK6a189b1191aef6.46517536,Crew Female 
1184,TK6a189b28332c59.13145064,Crew Female 
1185,TK6a189b568edf72.60616801,Crew Female 
1186,TK6a189b785200e5.90947727,Crew Female 
1187,TK6a189bcab1f114.52505140,Crew Female 
1188,TK6a189d1c15bb21.30052010,Crew Female 
1189,TK6a189d2cd606a6.50465005,Crew Female 
1190,TK6a189d3b51f4a4.77815817,Crew Female 
1191,TK6a189d531ece53.59853816,Crew Female 
1192,TK6a189f1515eaf7.95143096,Crew Female 
1193,TK6a189fbf7c6544.84111889,Crew Female 
1194,TK6a189fca62f5b4.35444691,Crew Female 
1195,TK6a189fd655efc2.55229462,Crew Female 
1196,TK6a18a0347d1430.52648791,Crew Female 
1197,TK6a18a045247f53.70852550,Crew Female 
1198,TK6a18a06de1bf34.50273932,Crew Female 
1199,TK6a18a0830c80c0.55497751,Crew Female 
1200,TK6a18a0995d22e5.82489039,Crew Female 
1201,TK6a18a0a912f781.48394110,Crew Female 
1202,TK6a18a0baa7b955.42269145,Crew Female 
1203,TK6a18a10ec8ccb8.58488697,Crew Female 
1204,TK6a18a19c3a6640.52205657,Crew Female 
1205,TK6a18a379c5e5c7.04978795,Crew Female 
1206,TK6a18a388db6296.63820777,Crew Female 
1207,TK6a18a3af80a5d3.52007385,Crew Female 
1208,TK6a18a3bcc15217.38020811,Crew Female 
1209,TK6a18a3c6e760d6.17468454,Crew Female 
1210,TK6a18a3d1cd67c8.82065314,Crew Female 
1211,TK6a18a3dddde8b1.71667113,Crew Female 
1212,TK6a18a3e995a893.86542682,Crew Female 
1213,TK6a18a3f41d4896.89996365,Crew Female 
1214,TK6a18a402976cf3.15259000,Crew Female 
1215,TK6a18a41119e169.40719640,Crew Female 
1216,TK6a18a486a32166.75072407,Crew Female 
1217,TK6a18a4925217c5.33596012,Crew Female 
1218,TK6a18a4a3946214.55821742,Crew Female 
1219,TK6a18a4b2a51759.59783790,Crew Female 
1220,TK6a18a4be910d95.63184048,Crew Female 
1221,TK6a18a4fa854e60.82356673,Crew Female 
1222,TK6a18a54aee1f97.81955039,Crew Female 
1223,TK6a18a54b3d13f2.04754014,Crew Female 
1224,TK6a18a5d31c1f59.81657448,Crew Female 
1225,TK6a18a5e4bb6466.91181382,Crew Female 
1226,TK6a18a5f9509545.77106244,Crew Female 
1227,TK6a18a60c48bdf0.51552019,Crew Female 
1228,TK6a18a991f3a433.12078987,Crew Female 
1229,TK6a18ae9dd87322.89242228,Crew Female 
1230,TK6a18b120bcaa63.09830274,Crew Female 
1231,TK6a18b120edb9d3.13002531,Crew Female 
1232,TK6a18b142e69793.47771100,Crew Female 
1233,TK6a18b1431d85e2.59375091,Crew Female 
1234,TK6a18b29b0afae0.56442177,Crew Female 
1235,TK6a18b29b4529c4.07898770,Crew Female 
1236,TK6a18b3f1a3c247.80182031,Crew Female 
1237,TK6a18b3f1d56e69.85526247,Crew Female 
1238,TK6a18b3f232a8e9.09420371,Crew Female 
1239,TK6a18b3f25ada66.90806010,Crew Female 
1240,TK6a18b687032c93.32389317,Crew Female 
1241,TK6a18c2a87b3ba4.65268961,Crew Female 
1242,TK6a18c2a8d85c51.15962224,Crew Female 
1243,TK6a18c2a90b8526.42609095,Crew Female 
1244,TK6a18d756b23516.70421326,Crew Female 
1245,TK6a18d756db5df8.41317061,Crew Female 
1246,TK6a18d818c6a445.87488269,Crew Female 
1247,TK6a18dd81eda550.39271647,Crew Female 
1248,TK6a18ddba5ff404.28786869,Crew Female 
1249,TK6a18e19719ae62.23909048,Crew Female 
1250,TK6a18e19742c6b7.27856810,Crew Female 
1251,TK6a18f66d3d3f45.74093354,Crew Female 
1252,TK6a190e44390a93.61724005,Crew Female 
1253,TK6a190e44638e64.32805425,Crew Female 
1254,TK6a190e44bc7362.61198611,Crew Female 
1255,TK6a1948e9434ea7.58754208,Crew Female 
1256,TK6a1948e97f6f43.78408832,Crew Female 
1257,TK6a19587b97c5e8.42681258,Crew Female 
1258,TK6a19587bc0ddb1.05379657,Crew Female 
1259,TK6a19587be93442.16778321,Crew Female 
1260,TK6a19843b4bfb56.23461350,Crew Female 
1261,TK6a19843b853e87.75982131,Crew Female 
1262,TK6a19843bb4a611.41537737,Crew Female 
1263,TK6a19843be41ab5.03335950,Crew Female 
1264,TK6a19843c20a045.85044173,Crew Female 
1265,TK6a198d9f10bd92.78990643,Crew Female 
1266,TK6a199c9b887a31.67179617,Crew Female 
1267,TK6a19a923ba10e0.18907683,Crew Female 
1268,TK6a19a92423a2f8.49045829,Crew Female 
1269,TK6a19df28848334.97789615,Crew Female 
1270,TK6a19df28b47893.65620653,Crew Female 
1271,TK6a19df28e71252.40195827,Crew Female 
1272,TK6a19df2924be56.26284649,Crew Female 
1273,TK6a19df2959c531.09029999,Crew Female 
1274,TK6a19df29853192.24805744,Crew Female 
1275,TK6a19e6160ba7c3.78041069,Crew Female 
1276,TK6a19ec5cc16be2.59553243,Crew Female 
1277,TK6a19ec5ce93156.94861827,Crew Female 
1278,TK6a19ec5d1db869.83180863,Crew Female 
1279,TK6a19ec5d4d3e17.38312297,Crew Female 
1280,TK6a19ec5d753187.68901603,Crew Female 
1281,TK6a19f27d2322b7.00978103,Crew Female 
1282,TK6a19f734d21e17.52202965,Crew Female 
1283,TK6a1a172d835b46.38896629,Crew Female 
1284,TK6a1a1922cc4967.63996582,Crew Female 
1285,TK6a1a192301e850.86960977,Crew Female 
1286,TK6a1a22cf69cc29.74097166,Crew Female 
1287,TK6a1a23242e38a2.12921811,Crew Female 
1288,TK6a1a2ef76fc3c5.56403858,Crew Female 
1289,TK6a1a2ef79763a7.41174396,Crew Female 
1290,TK6a1a35433f99a1.87725853,Crew Female 
1291,TK6a1a354369d429.90415634,Crew Female 
1292,TK6a1a355d54c5b7.80647905,Crew Female 
1293,TK6a1a355d7cf503.53690933,Crew Female 
1294,TK6a1a355dab7cc5.31649937,Crew Female 
1295,TK6a1a355dd90b93.94670855,Crew Female 
1296,TK6a1a355e142823.26480823,Crew Female 
1297,TK6a1a355e4474c2.62277553,Crew Female 
1298,TK6a1a419ec2dda8.59156067,Crew Female 
1299,TK6a1a419ef15c38.21803446,Crew Female 
1300,TK6a1a467d5f1179.59088706,Crew Female 
1301,TK6a1a467d9a9507.02454116,Crew Female 
1302,TK6a1a467dd04154.66582969,Crew Female 
1303,TK6a1a4af2306a52.10476024,Crew Female 
1304,TK6a1a738c9324e4.07402636,Crew Female 
1305,TK6a1a771f4da0c7.08211204,Crew Female 
1306,TK6a1a772014a3b2.80602444,Crew Female 
1307,TK6a1a87ef6244d4.87608074,Crew Female 
1308,TK6a1af8fd205e09.87246918,Crew Female 
1309,TK6a1af8fd493cb8.04442058,Crew Female 
1310,TK6a1b16b5868349.77000898,Crew Female 
1311,TK6a1b16b5af9bf9.88005653,Crew Female 
1312,TK6a1b2b285af414.69572858,Crew Female 
1313,TK6a1b2b2882ad55.12645361,Crew Female 
1314,TK6a1b2b28b5ee70.34044964,Crew Female 
1315,TK6a1b2b28e9c607.49536402,Crew Female 
1316,TK6a1b2f9ec46639.59752470,Crew Female 
1317,TK6a1b2ff8bae498.04905930,Crew Female 
1318,TK6a1b2ff8e3b471.07842183,Crew Female 
1319,TK6a1b3049204c05.52149078,Crew Female 
1320,TK6a1b3165824895.15353961,Crew Female 
1321,TK6a1b5217b9cb23.05452457,Crew Female 
1322,TK6a1b55eac32713.51003591,Crew Female 
1323,TK6a1b62df131566.66522102,Crew Female 
1324,TK6a1b62df56b5a1.81123472,Crew Female 
1325,TK6a1b6a5d313555.60378297,Crew Female 
1326,TK6a1b6ae9c482b9.15144037,Crew Female 
1327,TK6a1b6aea143683.70423444,Crew Female 
1328,TK6a1b6aea4a24f2.35384722,Crew Female 
1329,TK6a1b7c8f6160d6.61766630,Crew Female 
1330,TK6a1b7e16689b58.58299974,Crew Female 
1331,TK6a1b7e16b7f1c5.90975853,Crew Female 
1332,TK6a1b7e17147df3.96525181,Crew Female 
1333,TK6a1b7e1743eb34.78509650,Crew Female 
1334,TK6a1b7e1774dc56.27255726,Crew Female 
1335,TK6a1b7e17aa02c6.65180330,Crew Female 
1336,TK6a1b7e17e15d48.42022757,Crew Female 
1337,TK6a1b7e18229485.49192341,Crew Female 
1338,TK6a1b7e1859b7b8.58979961,Crew Female 
1339,TK6a1b7e188dda39.53141634,Crew Female 
1340,TK6a1b7e18c2ae09.53285412,Crew Female 
1341,TK6a1b81771ae628.51701475,Crew Female 
1342,TK6a1b8bde55ad32.04497822,Crew Female 
1343,TK6a09f1d8c7f898.90205672,Crew Male
1344,TK6a09f1d903aed4.00598323,Crew Male
1345,TK6a09f1d92d8765.51465093,Crew Male
1346,TK6a0b1f436fd163.42802219,Crew Male
1347,TK6a0cf7985b9e24.75369143,Crew Male
1348,TK6a0cf798839c36.71804647,Crew Male
1349,TK6a0f5dcb659cf9.28095818,Crew Male
1350,TK6a0f8da66b0202.89677897,Crew Male
1351,TK6a0f8de90f2a60.53137508,Crew Male
1352,TK6a127f6e32ffd5.01615896,Crew Male
1353,TK6a157d60c37701.43023313,Crew Male
1354,TK6a157d60ecad89.00626201,Crew Male
1355,TK6a17466b1be4c9.81216033,Crew Male
1356,TK6a1765486dce93.53761059,Crew Male
1357,TK6a1765489bd561.16465244,Crew Male
1358,TK6a17845a5d1dc2.34069464,Crew Male
1359,TK6a179692453419.36732245,Crew Male
1360,TK6a17ae96951b29.87181840,Crew Male
1361,TK6a17b6c04e9566.50571036,Crew Male
1362,TK6a17b6c07a65b5.76674936,Crew Male
1363,TK6a17b6c0a33c71.85474917,Crew Male
1364,TK6a1815ec09f143.63019595,Crew Male
1365,TK6a1815ec397198.88082365,Crew Male
1366,TK6a1825aa3a8d45.60543728,Crew Male
1367,TK6a1825aa62c5f2.18533234,Crew Male
1368,TK6a1825aa8aac77.63891015,Crew Male
1369,TK6a185148ed28c3.89339139,Crew Male
1370,TK6a18514936cb61.54169785,Crew Male
1371,TK6a18577e68e236.87448550,Crew Male
1372,TK6a185d1917ec57.99864487,Crew Male
1373,TK6a185d195ba180.21025499,Crew Male
1374,TK6a185d199273b1.99780165,Crew Male
1375,TK6a187030716ba1.77557923,Crew Male
1376,TK6a187030a105e0.64363650,Crew Male
1377,TK6a188975ce87c0.07783214,Crew Male
1378,TK6a18982dd46637.35741606,Crew Male
1379,TK6a18982e29b908.75118947,Crew Male
1380,TK6a18a54b6601a6.93025165,Crew Male
1381,TK6a18b2e54e7628.40795017,Crew Male
1382,TK6a18b2e5861928.43005460,Crew Male
1383,TK6a18d1646481a4.09524997,Crew Male
1384,TK6a1905f1e4bf00.02109326,Crew Male
1385,TK6a195c87ec6840.62323791,Crew Male
1386,TK6a195ccc6bbab3.78594532,Crew Male
1387,TK6a195d037853b5.69002575,Crew Male
1388,TK6a199c9bb73126.12162981,Crew Male
1389,TK6a199c9be680e3.44848342,Crew Male
1390,TK6a19a924614c12.42323410,Crew Male
1391,TK6a19a9248fb664.16559137,Crew Male
1392,TK6a19df2a25dae2.83359065,Crew Male
1393,TK6a19df2a506ea0.89041399,Crew Male
1394,TK6a19ec5d9ce410.29126801,Crew Male
1395,TK6a19ec5dc50c37.53390905,Crew Male
1396,TK6a19ec5dec7947.73433436,Crew Male
1397,TK6a19ec5e21d597.27965607,Crew Male
1398,TK6a19ec5e50ed47.47609903,Crew Male
1399,TK6a1a064a0d4cc0.63571486,Crew Male
1400,TK6a1a064a3e2499.09964285,Crew Male
1401,TK6a1a064a70b345.48993960,Crew Male
1402,TK6a1a064aa1d3c6.80219510,Crew Male
1403,TK6a1a064ad19544.22527331,Crew Male
1404,TK6a1a0c33969b03.67508442,Crew Male
1405,TK6a1a22da1c4237.20918585,Crew Male
1406,TK6a1a22da4722d8.92014030,Crew Male
1407,TK6a1a22da7070f9.33744235,Crew Male
1408,TK6a1a22da9a92a7.75233340,Crew Male
1409,TK6a1a22dac50b29.30963810,Crew Male
1410,TK6a1a23e6f144e4.36262177,Crew Male
1411,TK6a1a2dfd996464.55178162,Crew Male
1412,TK6a1a2ef7bfc8c9.24581231,Crew Male
1413,TK6a1a2ef7ed9445.61804464,Crew Male
1414,TK6a1a355e73dfa7.08975936,Crew Male
1415,TK6a1a355ea2e4d5.90853153,Crew Male
1416,TK6a1a355eca05a0.17034546,Crew Male
1417,TK6a1a355ef1d174.49981054,Crew Male
1418,TK6a1a738cd354a2.96769450,Crew Male
1419,TK6a1a87b1a8deb4.95687647,Crew Male
1420,TK6a1a87b2018a42.46505019,Crew Male
1421,TK6a1a87b24479d8.73317897,Crew Male
1422,TK6a1a87b2748998.88278918,Crew Male
1423,TK6a1a87b2a54c42.91562920,Crew Male
1424,TK6a1aee3342b4e6.46876329,Crew Male
1425,TK6a1b1cda99e6d1.77968483,Crew Male
1426,TK6a1b1cdaca8701.93111464,Crew Male
1427,TK6a1b1d434802b7.41317458,Crew Male
1428,TK6a1b1d437b54d5.83982026,Crew Male
1429,TK6a1b20325b6438.15796699,Crew Male
1430,TK6a1b2b295a8ac7.11128889,Crew Male
1431,TK6a1b2b298b6d64.46600261,Crew Male
1432,TK6a1b2b29ba37b5.71338210,Crew Male
1433,TK6a1b30495661e1.58668774,Crew Male
1434,TK6a1b45f7374d58.71153779,Crew Male
1435,TK6a1b45f769a687.72790276,Crew Male
1436,TK6a1b4ffae590a7.75121798,Crew Male
1437,TK6a1b4ffb27f6c6.03370393,Crew Male
1438,TK6a1b5605b537f7.22635016,Crew Male
1439,TK6a1b5605dd9142.56396421,Crew Male
1440,TK6a1b56061c2602.90011993,Crew Male
1441,TK6a1b62df898973.16971885,Crew Male
1442,TK6a1b62dfbc6590.50242898,Crew Male
1443,TK6a1b62dfef29b6.67912868,Crew Male
1444,TK6a1b6aeab1b7a5.18699289,Crew Male
1445,TK6a1b6aeae5fab0.17395335,Crew Male
1446,TK6a1b6b1fb89492.56235945,Crew Male
1447,TK6a1b6b1fe21181.52110893,Crew Male
1448,TK6a1b7655c28543.97830730,Crew Male
1449,TK6a1b7656092310.38569920,Crew Male
1450,TK6a1b7da23c1147.92991458,Crew Male
1451,TK6a1b7da28147a2.41335883,Crew Male
1452,TK6a1b7e193e0a34.41246451,Crew Male
1453,TK6a1b7e19677423.20913482,Crew Male
1454,TK6a1b7e19913c53.69626209,Crew Male
1455,TK6a1b7e19ba79c5.06088753,Crew Male
1456,TK6a1b7e19e3baa1.36741469,Crew Male
1457,TK6a1b7e1a19a548.99912487,Crew Male
1458,TK6a1b7e1a446967.00585332,Crew Male
1459,TK6a1b7e1a6dcb33.32452997,Crew Male
1460,TK6a1b7e1a965fd1.86279541,Crew Male
1461,TK6a1b7e1ac01735.59148494,Crew Male
1462,TK6a1b8177842727.68840515,Crew Male
1463,IET69c46ec93b0849.57742066,EARLY BIRD FEMALE
1464,IET69c47f0cb3dd85.86325522,EARLY BIRD FEMALE
1465,IET69c485ae923536.53433188,EARLY BIRD FEMALE
1466,IET69c493cfb5fda6.48235587,EARLY BIRD FEMALE
1467,IET69c493cfb63d07.82435812,EARLY BIRD FEMALE
1468,IET69c7227dc463b8.80565111,EARLY BIRD FEMALE
1469,IET69c7227dc4b605.54108155,EARLY BIRD FEMALE
1470,IET69c7f445eeb9a3.87913815,EARLY BIRD FEMALE
1471,IET69c818531d9a54.51072499,EARLY BIRD FEMALE
1472,IET69c818531de7d5.65220134,EARLY BIRD FEMALE
1473,IET69c818531e2b29.32853029,EARLY BIRD FEMALE
1474,IET69c85c54f04978.68212192,EARLY BIRD FEMALE
1475,IET69c85c54f09370.34112202,EARLY BIRD FEMALE
1476,IET69c98ef47dec90.67074890,EARLY BIRD FEMALE
1477,IET69cb15c669ca49.82005456,EARLY BIRD FEMALE
1478,IET69cc20c281b334.86608901,EARLY BIRD FEMALE
1479,IET69cc618f37e930.02504041,EARLY BIRD FEMALE
1480,IET69cc618f382f87.67399682,EARLY BIRD FEMALE
1481,IET69cc842a19b1a9.17393468,EARLY BIRD FEMALE
1482,IET69cd1ab30a0534.26136246,EARLY BIRD FEMALE
1483,IET69cd2163d0c617.89298761,EARLY BIRD FEMALE
1484,IET69cd64a771b031.10654144,EARLY BIRD FEMALE
1485,IET69cdbee4a203c2.50043767,EARLY BIRD FEMALE
1486,IET69ce90cbee81c9.56285718,EARLY BIRD FEMALE
1487,IET69d0482e84ebd1.61636560,EARLY BIRD FEMALE
1488,IET69d0482e853074.04182864,EARLY BIRD FEMALE
1489,IET69d04caec9f7b7.17870451,EARLY BIRD FEMALE
1490,IET69d1ae29cd9345.06648460,EARLY BIRD FEMALE
1491,IET69d1be32f20654.39987458,EARLY BIRD FEMALE
1492,IET69d298b69df474.46855664,EARLY BIRD FEMALE
1493,IET69d5a50a14b951.95034418,EARLY BIRD FEMALE
1494,IET69d64a7acd02f6.85077255,EARLY BIRD FEMALE
1495,IET69d6585b8f1c42.75821058,EARLY BIRD FEMALE
1496,IET69d712cd67b1e0.38270286,EARLY BIRD FEMALE
1497,IET69d7c93f726697.17038081,EARLY BIRD FEMALE
1498,IET69d830af9bd219.92691308,EARLY BIRD FEMALE
1499,IET69d830af9c1b31.77422300,EARLY BIRD FEMALE
1500,IET69d8399462cc16.33343088,EARLY BIRD FEMALE
1501,IET69d95e3ad8af59.13234542,EARLY BIRD FEMALE
1502,IET69d9ac8ad9f426.61794961,EARLY BIRD FEMALE
1503,IET69da963b995563.36230132,EARLY BIRD FEMALE
1504,IET69dad2ca6d2d73.71769796,EARLY BIRD FEMALE
1505,IET69dadfa8dfe4e5.30804910,EARLY BIRD FEMALE
1506,IET69dbce8be51bb2.34033349,EARLY BIRD FEMALE
1507,IET69dbcfddb032f9.15523356,EARLY BIRD FEMALE
1508,IET69dbdf48260005.12806315,EARLY BIRD FEMALE
1509,IET69dc33ced5ee62.72800092,EARLY BIRD FEMALE
1510,IET69dd015e85c739.28318799,EARLY BIRD FEMALE
1511,IET69dd243d299a08.94045330,EARLY BIRD FEMALE
1512,IET69dd27f9f2c3c5.53454172,EARLY BIRD FEMALE
1513,IET69dd3c9d9a4349.25988110,EARLY BIRD FEMALE
1514,IET69c46ec93b52c2.51438429,EARLY BIRD MALE
1515,IET69c46ec93b9694.59480399,EARLY BIRD MALE
1516,IET69c485ae9277d0.48511776,EARLY BIRD MALE
1517,IET69c485ae92b1c5.35453500,EARLY BIRD MALE
1518,IET69c5fe73e00219.40131734,EARLY BIRD MALE
1519,IET69c7f2b86234a8.83304545,EARLY BIRD MALE
1520,IET69c818531e6939.83241745,EARLY BIRD MALE
1521,IET69c818531ea8c8.09860900,EARLY BIRD MALE
1522,IET69c98ef47e38a2.07170937,EARLY BIRD MALE
1523,IET69cb18a9f33693.39275352,EARLY BIRD MALE
1524,IET69cb18a9f37d34.01132733,EARLY BIRD MALE
1525,IET69cbe4ea960068.46497810,EARLY BIRD MALE
1526,IET69cbe4ea9648f3.47236539,EARLY BIRD MALE
1527,IET69cc618f386cf7.61547430,EARLY BIRD MALE
1528,IET69cc618f38a8f5.02710734,EARLY BIRD MALE
1529,IET69cc7a1ce143c6.20094898,EARLY BIRD MALE
1530,IET69cc842a1a05e5.15229029,EARLY BIRD MALE
1531,IET69cd1ab30a5164.15849235,EARLY BIRD MALE
1532,IET69cd1ab30a98b7.01569392,EARLY BIRD MALE
1533,IET69cdbee4a25b74.22592482,EARLY BIRD MALE
1534,IET69ce76d11705d0.12617478,EARLY BIRD MALE
1535,IET69d00ddba15e26.54369007,EARLY BIRD MALE
1536,IET69d04caeca4341.31066006,EARLY BIRD MALE
1537,IET69d05feb5e24e2.45829703,EARLY BIRD MALE
1538,IET69d185c38b1db7.22660477,EARLY BIRD MALE
1539,IET69d298b69e3db6.64504844,EARLY BIRD MALE
1540,IET69d47742083a56.88352171,EARLY BIRD MALE
1541,IET69d5598f0f8232.77598012,EARLY BIRD MALE
1542,IET69d6585b8f7465.27186715,EARLY BIRD MALE
1543,IET69d6e418e91785.74372344,EARLY BIRD MALE
1544,IET69d7019cb42bc9.83115872,EARLY BIRD MALE
1545,IET69d712cd680960.29056685,EARLY BIRD MALE
1546,IET69d7c93f72b8a8.00122805,EARLY BIRD MALE
1547,IET69d82dc9390677.92349182,EARLY BIRD MALE
1548,IET69d830af9c5908.81517872,EARLY BIRD MALE
1549,IET69d86de716ab01.00385699,EARLY BIRD MALE
1550,IET69d9ac269fe051.86940312,EARLY BIRD MALE
1551,IET69d9b0115b30a4.36788760,EARLY BIRD MALE
1552,IET69dad2ca6d80d2.94178852,EARLY BIRD MALE
1553,IET69dad2ca6dbf39.30466329,EARLY BIRD MALE
1554,IET69dadfa8e02f74.34627248,EARLY BIRD MALE
1555,IET69dbcc646d90c3.82299716,EARLY BIRD MALE
1556,IET69dbce8be57af6.42436749,EARLY BIRD MALE
1557,IET69dbdf48264de6.94257472,EARLY BIRD MALE
1558,IET69dc3f09f17ad5.96585408,EARLY BIRD MALE
1559,TK69c6aeb9d0c268.52028121,EARLY BIRD MALE 
1560,TK69f338c928e392.14779882,EARLY BIRD MALE 
1561,TK69f338c9558728.83505643,EARLY BIRD MALE 
1562,IET6a19e4e0e901c5.50944379,Final Batch 
1563,IET6a19e4e0e94e04.48545941,Final Batch 
1564,IET6a19fb902164e7.47365271,Final Batch 
1565,IET6a1a14296107c1.18078031,Final Batch 
1566,IET6a1a17c8ca74e3.63258209,Final Batch 
1567,IET6a1a1e493cd048.19736510,Final Batch 
1568,IET6a1a1e493d2566.65815859,Final Batch 
1569,IET6a1a221800a2c9.63029016,Final Batch 
1570,IET6a1a2218010114.64798356,Final Batch 
1571,IET6a1af6c19c8fa1.83999925,Final Batch 
1572,IET6a1b19c3d07548.96631955,Final Batch 
1573,IET6a1b23165e8af5.99452074,Final Batch 
1574,IET6a1b23165ee182.09495307,Final Batch 
1575,IET6a1b2b0e441128.28620809,Final Batch 
1576,IET6a1b2b0e445cf7.52244743,Final Batch 
1577,IET6a1b2b6c9aa087.41033367,Final Batch 
1578,IET6a1b31e9155f47.11253289,Final Batch 
1579,IET6a1b31e915af57.77999145,Final Batch 
1580,IET6a1b3a8833c9a8.51640538,Final Batch 
1581,IET6a1b3b8a0b64e4.94507205,Final Batch 
1582,IET6a1b3d474b6468.46550027,Final Batch 
1583,IET6a1b3fdadb8687.87409295,Final Batch 
1584,IET6a1b474471cfa7.10306915,Final Batch 
1585,IET6a1b4dc1c61212.68226387,Final Batch 
1586,IET6a1b502b14e690.70649167,Final Batch 
1587,IET6a1b53510aa726.03309824,Final Batch 
1588,IET6a1b536f651d77.91371557,Final Batch 
1589,IET6a1b56f6532764.44400369,Final Batch 
1590,IET6a1b59a446f693.08562917,Final Batch 
1591,IET6a1b5bbe2d8aa6.75935338,Final Batch 
1592,IET6a1b5bbe2dd3c0.53570195,Final Batch 
1593,IET6a1b5c78922814.12400069,Final Batch 
1594,IET6a1b5c78927af8.57187742,Final Batch 
1595,IET6a1b5c7892c655.72980154,Final Batch 
1596,IET6a1b5cf0aaae15.65137479,Final Batch 
1597,IET6a1b5e522cd3a0.70390478,Final Batch 
1598,IET6a1b6655565808.46464770,Final Batch 
1599,IET6a1b73a10da352.20091544,Final Batch 
1600,IET6a1b73db30b8b8.45653487,Final Batch 
1601,IET6a1b769ed1eb03.89604707,Final Batch 
1602,IET6a1b771561bc39.86554543,Final Batch 
1603,IET6a1b7715621036.47871407,Final Batch 
1604,IET6a1b77bdb33010.66734927,Final Batch 
1605,IET6a1b780d12e838.64334199,Final Batch 
1606,IET6a1b780d133844.73632076,Final Batch 
1607,IET6a1b7a31cfb9a8.16313488,Final Batch 
1608,IET6a1b7ced412ef8.62174802,Final Batch 
1609,IET6a1b7ced417f00.20950350,Final Batch 
1610,IET6a1b7ced41c664.92738752,Final Batch 
1611,IET6a1b7eae9a76e7.33610232,Final Batch 
1612,IET6a1b7ec10a4cd1.65207891,Final Batch 
1613,IET6a1b7f29904027.74648026,Final Batch 
1614,IET6a1b7f470a9299.16186890,Final Batch 
1615,IET6a1b7f470ae8b6.46100209,Final Batch 
1616,IET6a1b8468a1ac03.80555335,Final Batch 
1617,IET6a1b8468a1f395.30876145,Final Batch 
1618,IET6a1b87db0eee92.57144243,Final Batch 
1619,IET6a1b87db0f3ff3.50197887,Final Batch 
1620,IET6a1b8a68815899.07398292,Final Batch 
1621,IET69f344943e8b74.97214491,Friends & Family Female 
1622,IET69f54fafcf5596.90980994,Friends & Family Female 
1623,IET69fde654e5ca41.48728291,Friends & Family Female 
1624,IET69fff7a1d16207.35366744,Friends & Family Female 
1625,TK6a068ddee945f1.94663103,Friends & Family Female 
1626,TK6a068ddf242ba7.87538414,Friends & Family Female 
1627,TK6a068ddf615ba1.01010819,Friends & Family Female 
1628,TK6a068ddf90d766.93408428,Friends & Family Female 
1629,IET6a0843bd5f3d54.34758595,Friends & Family Female 
1630,IET6a0bb6359de193.93507228,Friends & Family Female 
1631,IET6a0f9b4cd10f33.14828004,Friends & Family Female 
1632,IET6a1b4b7b17ead3.05276292,Friends & Family Female 
1633,IET69e19663ae55f1.15065839,Friends & Family Male 
1634,IET69e20eabe95331.87734289,Friends & Family Male 
1635,IET69f1212e891996.89540245,Friends & Family Male 
1636,IET69f54fafcfba74.16327799,Friends & Family Male 
1637,IET69f7e5eaefc983.06877311,Friends & Family Male 
1638,IET69f8b1f3a65a85.04798388,Friends & Family Male 
1639,IET69fd115ed3dff7.53860905,Friends & Family Male 
1640,IET69fde654e61a78.13999159,Friends & Family Male 
1641,IET69fff7a1d1bbe4.93608594,Friends & Family Male 
1642,TK6a068ddfb92c51.27838372,Friends & Family Male 
1643,TK6a068ddfe16ea9.01474420,Friends & Family Male 
1644,TK6a068de0176cd0.65052476,Friends & Family Male 
1645,TK6a068de03fda26.71174939,Friends & Family Male 
1646,TK6a068de0675a41.80962444,Friends & Family Male 
1647,TK6a068de08eaab0.48502454,Friends & Family Male 
1648,TK6a07e2dde93ab0.65769699,Friends & Family Male 
1649,IET6a0843bd5f8d95.62401676,Friends & Family Male 
1650,IET6a0f95011777f4.06964710,Friends & Family Male 
1651,IET6a0f967ebbfd32.19881043,Friends & Family Male 
1652,IET6a126e7d521091.45786927,Friends & Family Male 
1653,IET6a12800f9aad33.87226700,Friends & Family Male 
1654,IET6a137bfff2b7c5.89282674,Friends & Family Male 
1655,IET6a14a2af2f8476.12279447,Friends & Family Male 
1656,IET6a1b5edf991689.39280613,Friends & Family Male 
1657,IET69bc80ff08b715.03213858,PRE-SALE PLAYER 
1658,IET69bc8349b2c486.24942481,PRE-SALE PLAYER 
1659,IET69bc864ef05ff2.35876019,PRE-SALE PLAYER 
1660,IET69bc866289bd75.39488890,PRE-SALE PLAYER 
1661,IET69bcb513141865.22324294,PRE-SALE PLAYER 
1662,IET69beeebc6f1749.35172154,PRE-SALE PLAYER 
1663,IET69c07827dac707.41447541,PRE-SALE PLAYER 
1664,IET69bc80ff086f58.59081648,PRE-SALE SHAWTY 
1665,IET69bc823e8e36f4.55574608,PRE-SALE SHAWTY 
1666,IET69bc864ef00d52.61121221,PRE-SALE SHAWTY 
1667,IET69bdfd1d877fb9.09609845,PRE-SALE SHAWTY 
1668,IET69beeebc6ec567.27676284,PRE-SALE SHAWTY 
1669,IET69c095e5b6b292.20802376,PRE-SALE SHAWTY 
1670,IET69c095e5b6fe21.99873321,PRE-SALE SHAWTY 
1671,IET69c095e5b74012.50641989,PRE-SALE SHAWTY 
1672,TK69c1f74f4bfd34.46452277,PRE-SALE SHAWTY 
1673,IET69c43cd6d85072.23815470,PRE-SALE SHAWTY 
1674,IET69c43cd6d89d68.34855985,PRE-SALE SHAWTY 
1675,IET69c45635177932.35158389,PRE-SALE SHAWTY 
1676,IET69c4563517ca94.18026956,PRE-SALE SHAWTY 
1677,IET69c46648c86c13.73413904,PRE-SALE SHAWTY 
1678,IET69c46648cc99d2.64961444,PRE-SALE SHAWTY 
1679,IET69e02e1d52b2a2.50040242,Tier 1 Female 
1680,IET69e132df197d16.38372723,Tier 1 Female 
1681,IET69e191b4eadac6.04079014,Tier 1 Female 
1682,IET69e191b4eb2810.38999333,Tier 1 Female 
1683,IET69e21a59b93ec9.34619743,Tier 1 Female 
1684,IET69e54e16115bc2.23930312,Tier 1 Female 
1685,IET69e6b95d0de877.36873575,Tier 1 Female 
1686,IET69e82a405051b3.07968511,Tier 1 Female 
1687,IET69eaa357b29185.67539042,Tier 1 Female 
1688,IET69ebade934c405.12229945,Tier 1 Female 
1689,IET69ee2ac25b0a82.06358496,Tier 1 Female 
1690,IET69f15594ecf754.85291065,Tier 1 Female 
1691,IET69f1a3c704a033.57787536,Tier 1 Female 
1692,IET69f21462f3fc76.79772949,Tier 1 Female 
1693,IET69f29b089f01f8.32545511,Tier 1 Female 
1694,IET69f3562e3f8bb2.90500196,Tier 1 Female 
1695,IET69f3fc9dd757a8.16825225,Tier 1 Female 
1696,IET69f503b0520751.78663949,Tier 1 Female 
1697,IET69f664a9ca3aa3.84992206,Tier 1 Female 
1698,IET69f745bdd02235.19568956,Tier 1 Female 
1699,IET69fa17d88bbdb6.43047612,Tier 1 Female 
1700,IET69fc8a2d168699.05009503,Tier 1 Female 
1701,IET69fca588f11bd2.79849210,Tier 1 Female 
1702,IET69fcb74c001df7.12159052,Tier 1 Female 
1703,IET69fcbdbdb09c48.89353493,Tier 1 Female 
1704,IET69fe2bc5dc51a9.79485361,Tier 1 Female 
1705,IET69fe2bc5dca4a6.80390550,Tier 1 Female 
1706,IET69fe3077854761.92365022,Tier 1 Female 
1707,IET69fe377258ccf6.38417180,Tier 1 Female 
1708,IET69feb888625f44.54245465,Tier 1 Female 
1709,IET69ff3f7173c385.79555471,Tier 1 Female 
1710,IET69ffe4fbc08634.05873434,Tier 1 Female 
1711,IET69ffea7048bc67.64735864,Tier 1 Female 
1712,IET6a00e675e35eb4.93401162,Tier 1 Female 
1713,IET6a013c78aaad76.24187771,Tier 1 Female 
1714,IET6a024315975bf9.92528833,Tier 1 Female 
1715,IET6a03a10a249915.64283590,Tier 1 Female 
1716,IET6a05c5bfa50de5.56578056,Tier 1 Female 
1717,IET6a060bf43f3396.05287303,Tier 1 Female 
1718,IET6a062177d5f254.20851730,Tier 1 Female 
1719,IET6a062177d666b6.64479907,Tier 1 Female 
1720,IET6a062177d6bc16.31534618,Tier 1 Female 
1721,IET6a062177d708a7.10497999,Tier 1 Female 
1722,IET6a0633c5c31d93.68291574,Tier 1 Female 
1723,IET6a0633c5c36bf5.10907461,Tier 1 Female 
1724,IET6a0633c5c3bb49.40092032,Tier 1 Female 
1725,IET6a0633c5c40389.49212343,Tier 1 Female 
1726,IET6a0633c5c44bc7.17931147,Tier 1 Female 
1727,IET6a06349e9cff25.83014516,Tier 1 Female 
1728,IET6a072b5bc6cce0.41188829,Tier 1 Female 
1729,IET69dd015e861484.41175849,Tier 1 Male 
1730,IET69de5be7964178.07772853,Tier 1 Male 
1731,IET69de5be796b145.44415493,Tier 1 Male 
1732,IET69de964ba55f72.24883693,Tier 1 Male 
1733,IET69de964ba5d797.57513779,Tier 1 Male 
1734,IET69de964ba62195.37404648,Tier 1 Male 
1735,IET69deb625d4bf45.44216164,Tier 1 Male 
1736,IET69deb625d52780.48520132,Tier 1 Male 
1737,IET69df09ae2c2ed1.30801754,Tier 1 Male 
1738,IET69e132df19d155.96584994,Tier 1 Male 
1739,IET69e154dac7aec5.52959580,Tier 1 Male 
1740,IET69e154dac7f735.79934722,Tier 1 Male 
1741,IET69e17165722675.26451915,Tier 1 Male 
1742,IET69e191b4eb6c92.98287930,Tier 1 Male 
1743,IET69e191b4ebb229.66871017,Tier 1 Male 
1744,IET69e1941f34b5f9.17620523,Tier 1 Male 
1745,IET69e1941f350579.48308691,Tier 1 Male 
1746,IET69e1941f3548f3.19105464,Tier 1 Male 
1747,IET69e22d1c7abdc5.12087014,Tier 1 Male 
1748,IET69e57e3c0d8f86.85452297,Tier 1 Male 
1749,IET69e6b95d0e2999.63128622,Tier 1 Male 
1750,IET69e7c94f274b56.46826062,Tier 1 Male 
1751,IET69e7c94f2790d5.88066718,Tier 1 Male 
1752,IET69e829b33aac85.48426949,Tier 1 Male 
1753,IET69eaa357b2e394.82636056,Tier 1 Male 
1754,IET69eba433a15301.98779972,Tier 1 Male 
1755,IET69eba5d4eeb8c1.86851148,Tier 1 Male 
1756,IET69eba5d4ef06e7.86679367,Tier 1 Male 
1757,IET69ec2465efd495.88234700,Tier 1 Male 
1758,IET69ec2df086e4b7.04452161,Tier 1 Male 
1759,IET69ecc4e86c3e75.65458024,Tier 1 Male 
1760,TK69ed02762f0426.79757341,Tier 1 Male 
1761,IET69ed2ff62628f2.37141846,Tier 1 Male 
1762,IET69ed6b2298ed81.82938962,Tier 1 Male 
1763,IET69ed6b22993a29.79752377,Tier 1 Male 
1764,IET69ed6b22997e86.43246856,Tier 1 Male 
1765,IET69ed6bf80faff3.43101538,Tier 1 Male 
1766,IET69ed6d105473c6.21272045,Tier 1 Male 
1767,IET69ee2ac25b5cd3.61867321,Tier 1 Male 
1768,IET69ee79da1f47d5.44742893,Tier 1 Male 
1769,IET69eff1eb0e1ed5.53209860,Tier 1 Male 
1770,IET69f10226c50ed3.29970599,Tier 1 Male 
1771,IET69f23194a14a77.62560516,Tier 1 Male 
1772,IET69f27991074af5.84830869,Tier 1 Male 
1773,IET69f29bd23cd551.99021479,Tier 1 Male 
1774,IET69f39aed2150a8.92686185,Tier 1 Male 
1775,IET69f3bec9c8ec28.15314396,Tier 1 Male 
1776,IET69f503b0524e23.02964764,Tier 1 Male 
1777,IET69f518368605e1.22943074,Tier 1 Male 
1778,IET69f664a9ca8306.23344575,Tier 1 Male 
1779,IET69f745bdd07a26.61562420,Tier 1 Male 
1780,IET69f8dc3b08f971.58275237,Tier 1 Male 
1781,IET69f8dc3b094f37.72246501,Tier 1 Male 
1782,IET69f8dc3b099dd4.47681462,Tier 1 Male 
1783,IET69f8dc3b09e845.70027531,Tier 1 Male 
1784,IET69f8dc3b0a3928.24507411,Tier 1 Male 
1785,IET69fa4aa29cde58.92433948,Tier 1 Male 
1786,IET69fa4aa29d31d7.01893977,Tier 1 Male 
1787,IET69fa4aa29d74d4.25090063,Tier 1 Male 
1788,IET69fa9f73428665.38555948,Tier 1 Male 
1789,IET69fb93591bd8b0.41471413,Tier 1 Male 
1790,IET69fc8a2d16ce68.00847552,Tier 1 Male 
1791,IET69fc8ad49bf3d9.56749913,Tier 1 Male 
1792,IET69fcb74c007392.86371255,Tier 1 Male 
1793,IET69fcbbac760220.57286494,Tier 1 Male 
1794,IET69fcbdbdb0f124.92693694,Tier 1 Male 
1795,IET69fd1ff33ad040.52372801,Tier 1 Male 
1796,IET69fd1ff33b1a33.72731190,Tier 1 Male 
1797,IET69fd41f031fc72.58074940,Tier 1 Male 
1798,IET69fdedc20adc37.67269901,Tier 1 Male 
1799,IET69fe2bc5dcfc44.83998885,Tier 1 Male 
1800,IET69fe2bc5dd57a3.56496070,Tier 1 Male 
1801,IET69fe2bc5dda840.35400839,Tier 1 Male 
1802,IET69fe3077870af3.29752437,Tier 1 Male 
1803,IET69fe3772593a51.27205978,Tier 1 Male 
1804,IET69fe7a84b04074.47031933,Tier 1 Male 
1805,IET69fe83d7ad1520.89064711,Tier 1 Male 
1806,IET69fe9483c479e2.79106728,Tier 1 Male 
1807,IET69feb32ede6126.89037805,Tier 1 Male 
1808,IET69feb88862b228.18280663,Tier 1 Male 
1809,IET6a072b5bc71c91.74467705,Tier 2 Female 
1810,IET6a07be79837208.29944128,Tier 2 Female 
1811,IET6a07d69a6ced79.94099133,Tier 2 Female 
1812,IET6a0c5a2e513904.04508559,Tier 2 Female 
1813,IET6a0c70e4c90e54.24369248,Tier 2 Female 
1814,IET6a0cd5ff4a5361.65599260,Tier 2 Female 
1815,IET6a0cd5ff4aac38.33246691,Tier 2 Female 
1816,IET6a0cd5ff4af3d6.22001437,Tier 2 Female 
1817,IET6a0cd5ff4b3873.23755492,Tier 2 Female 
1818,IET6a0de0cb41b9a4.95896106,Tier 2 Female 
1819,IET6a0e976a965af9.78838988,Tier 2 Female 
1820,IET6a0f3c94cc4409.62646962,Tier 2 Female 
1821,IET6a0f8ec21899e9.72670173,Tier 2 Female 
1822,IET6a0fa5375d39f2.58230673,Tier 2 Female 
1823,IET6a1074c3a295c9.38978225,Tier 2 Female 
1824,IET6a112d8318ecd7.09790415,Tier 2 Female 
1825,IET6a1202a736f818.65736415,Tier 2 Female 
1826,IET6a1202a7373c78.23536949,Tier 2 Female 
1827,IET6a1314ed08fda3.98648448,Tier 2 Female 
1828,IET6a1350f869ae60.98440806,Tier 2 Female 
1829,IET6a144e1c63f4c5.32923799,Tier 2 Female 
1830,IET6a144e1c644558.80708909,Tier 2 Female 
1831,IET6a14c9b6ed4754.50761198,Tier 2 Female 
1832,IET6a14e504351077.59020997,Tier 2 Female 
1833,IET6a151f6f9acc30.79308950,Tier 2 Female 
1834,IET6a15bcaa6d7d42.40200717,Tier 2 Female 
1835,IET6a1617fba83af7.14604657,Tier 2 Female 
1836,IET6a16851f41dd60.78768396,Tier 2 Female 
1837,IET6a171ae3efd820.34980687,Tier 2 Female 
1838,IET6a177f86c75b54.60160159,Tier 2 Female 
1839,IET6a18ae6297ab52.88757344,Tier 2 Female 
1840,IET6a18f007bb9ac9.06078748,Tier 2 Female 
1841,IET6a19a0d0355d22.20673209,Tier 2 Female 
1842,IET6a1a0cbb851898.70328346,Tier 2 Female 
1843,IET6a1a113a3fec93.41427221,Tier 2 Female 
1844,IET6a1acd996eb040.17739305,Tier 2 Female 
1845,IET6a1adece5c54a1.39023406,Tier 2 Female 
1846,IET6a1adece5ca380.88824223,Tier 2 Female 
1847,IET6a1ae1ef0bdd32.05601653,Tier 2 Female 
1848,IET6a1ae507e6c126.08554083,Tier 2 Female 
1849,IET6a1af6c19c3be6.87775547,Tier 2 Female 
1850,IET69ff3f71741a52.50313482,Tier 2 Male 
1851,IET69ffc7a0402e97.70618495,Tier 2 Male 
1852,IET69ffea70490bb9.00727243,Tier 2 Male 
1853,IET6a00e2604d54f3.80024613,Tier 2 Male 
1854,IET6a02680b42e289.31292657,Tier 2 Male 
1855,IET6a02680b433be8.55463380,Tier 2 Male 
1856,IET6a027b705bc4f2.91988830,Tier 2 Male 
1857,IET6a0286f31675c2.32420764,Tier 2 Male 
1858,IET6a03cd7d4895e9.78183684,Tier 2 Male 
1859,IET6a050a12ca4466.25456007,Tier 2 Male 
1860,IET6a054614b66e65.24256880,Tier 2 Male 
1861,IET6a060bf43f94f1.03385659,Tier 2 Male 
1862,IET6a06458ad3b1b5.28979722,Tier 2 Male 
1863,IET6a079b6e97d919.07108437,Tier 2 Male 
1864,TK6a07bab428de04.43942566,Tier 2 Male 
1865,IET6a0b2958c2a329.49832562,Tier 2 Male 
1866,IET6a0b2958c344e5.87886722,Tier 2 Male 
1867,IET6a0b2a69c74035.87862379,Tier 2 Male 
1868,IET6a0b99a9ca3763.92217740,Tier 2 Male 
1869,IET6a0b99a9ca8d49.88678812,Tier 2 Male 
1870,IET6a0c5a2e5197c2.16918868,Tier 2 Male 
1871,IET6a0c70e4c96ac4.66758825,Tier 2 Male 
1872,IET6a0c70e4c9b859.66202724,Tier 2 Male 
1873,IET6a0c70e4c9fd55.69761874,Tier 2 Male 
1874,IET6a0c94f06e9054.56649232,Tier 2 Male 
1875,IET6a0cb5d710a550.35864212,Tier 2 Male 
1876,IET6a0cd5ff4b7fc2.94284650,Tier 2 Male 
1877,IET6a0cf3e44da6f3.78879352,Tier 2 Male 
1878,IET6a0f8ec2190388.20307432,Tier 2 Male 
1879,IET6a1074c3a2de97.60936136,Tier 2 Male 
1880,IET6a11404e01c293.08328012,Tier 2 Male 
1881,IET6a114067835eb1.52922892,Tier 2 Male 
1882,IET6a11406783af14.28987286,Tier 2 Male 
1883,IET6a1141d1076453.53641131,Tier 2 Male 
1884,IET6a11f912d65ff9.20352342,Tier 2 Male 
1885,IET6a121285549d18.95666247,Tier 2 Male 
1886,IET6a12128554e933.79210154,Tier 2 Male 
1887,IET6a1212855538f8.66568336,Tier 2 Male 
1888,IET6a121b051e1613.22732020,Tier 2 Male 
1889,IET6a121ea45e7fd0.75962837,Tier 2 Male 
1890,IET6a130dc76fa9f1.72870829,Tier 2 Male 
1891,IET6a147102022449.40922644,Tier 2 Male 
1892,IET6a148cbf16c8c9.18467555,Tier 2 Male 
1893,IET6a14b4c6e58002.81324743,Tier 2 Male 
1894,IET6a14bf259567e2.11673476,Tier 2 Male 
1895,IET6a14c7c3a70e90.44043912,Tier 2 Male 
1896,IET6a151f6f9b1ce8.18945755,Tier 2 Male 
1897,IET6a15bcaa6df352.62057069,Tier 2 Male 
1898,IET6a1617fba889c8.07711856,Tier 2 Male 
1899,IET6a163b8f0036f6.84028657,Tier 2 Male 
1900,IET6a16459f9ec782.60823985,Tier 2 Male 
1901,IET6a16459f9f1200.37177695,Tier 2 Male 
1902,IET6a165ffd1029e2.31169092,Tier 2 Male 
1903,IET6a16c7b76e5e35.81609859,Tier 2 Male 
1904,IET6a17130c1b58b6.69516726,Tier 2 Male 
1905,IET6a171ae3f01f66.82738895,Tier 2 Male 
1906,IET6a177f86c7b7c8.12018786,Tier 2 Male 
1907,IET6a1869b8b08064.97806403,Tier 2 Male 
1908,IET6a186aa06500f0.55063109,Tier 2 Male 
1909,IET6a189ee9bd2961.11268568,Tier 2 Male 
1910,IET6a18bb3f1d3514.13738009,Tier 2 Male 
1911,IET6a18e04e1adc44.97516530,Tier 2 Male 
1912,IET6a18e1cdd4de36.71937335,Tier 2 Male 
1913,IET6a18eec4ac6010.04973764,Tier 2 Male 
1914,IET6a18eec4acb841.14262367,Tier 2 Male 
1915,IET6a18f007bbed06.23711911,Tier 2 Male 
1916,IET6a19ba9db85a85.10454439,Tier 2 Male 
1917,IET6a19bdbe50b5e0.45378119,Tier 2 Male 
1918,IET6a19ce14345ad6.20006744,Tier 2 Male 
1919,IET6a19d276a67aa3.10632904,Tier 2 Male 
1920,IET69d1c7fb3bccd6.60163169,VIP 
1921,IET69d1c7fb3c14f5.11024578,VIP 
1922,IET69d5b006151db4.81636729,VIP 
1923,IET69d5b006156815.58349497,VIP 
1924,IET69d5b00615abb0.22210142,VIP 
1925,IET69d5b00615e938.42945031,VIP 
1926,IET69d5b0061625d7.64704469,VIP 
1927,IET69db0c18d050e3.70525731,VIP 
1928,IET69ddb8fee268d3.34226204,VIP 
1929,IET69ddb8fee2be25.64323749,VIP 
1930,IET69ddb8fee30935.96152013,VIP 
1931,IET69ddb8fee35107.03171179,VIP 
1932,IET69dedfc5c5d1c4.63051772,VIP 
1933,IET69e2f15262a1d8.27313561,VIP 
1934,IET69e2f15262e165.68994579,VIP 
1935,TK69ef8eb366fab7.48369897,VIP 
1936,TK69ef8eb3a32aa7.77121747,VIP 
1937,IET69f12184434ff2.78048594,VIP 
1938,IET69f1218443a8c5.54674342,VIP 
1939,IET69f93d43c25d08.83104271,VIP 
1940,IET69f93d43c2b288.57260690,VIP 
1941,IET69f93d43c2f758.00499779,VIP 
1942,IET69f93d43c33da7.99921832,VIP 
1943,IET69fd1ca4b7f8c1.28740258,VIP 
1944,IET69fd1ca4b84840.45493167,VIP 
1945,IET6a012e297bb682.11107213,VIP 
1946,IET6a012e297c06c3.24919836,VIP 
1947,IET6a0251d2765036.15332765,VIP 
1948,IET6a0fb51063c2b0.38110674,VIP 
1949,IET6a10c68030db26.79395907,VIP 
1950,IET6a10c6803134e9.61327130,VIP 
1951,IET6a10c680317fc3.03740954,VIP 
1952,IET6a10c68031c7f0.08590496,VIP 
1953,IET6a119b45182ca3.98662052,VIP 
1954,IET6a11f6277e6747.64640984,VIP 
1955,IET6a11f6277eb3b8.37419550,VIP 
1956,IET6a122444ae8654.09450313,VIP 
1957,IET6a1233caa81fe3.28324689,VIP 
1958,IET6a1340c3e6d3c8.82847465,VIP 
1959,IET6a1438b8908fd6.85161419,VIP 
1960,IET6a14dbd9f3bd63.21121558,VIP 
1961,IET6a15852a0469c2.44401128,VIP 
1962,IET6a15852a04bf81.29815204,VIP 
1963,IET6a17460c35f0f8.79335438,VIP 
1964,IET6a17460c363c23.34687391,VIP 
1965,IET6a18b7fe624d21.64545691,VIP 
1966,IET6a19747fe074e6.59396677,VIP 
1967,IET6a19be9a5abdc0.99480681,VIP 
1968,IET6a19c9ad0de815.14032966,VIP 
1969,IET6a19c9ad0e4bc6.96576276,VIP 
1970,IET6a19c9ad0ea9e1.94219051,VIP 
1971,IET6a19c9ad0f03c8.43257304,VIP 
1972,IET6a19e597461df1.09608528,VIP 
1973,IET6a19e597467f63.21893000,VIP 
1974,IET6a1a04665e74f7.20980838,VIP 
1975,IET6a1a04665ec135.59436854,VIP 
1976,IET6a1a0cc2cc92b3.74760593,VIP 
1977,IET6a1a11ef579c92.58359610,VIP 
1978,IET6a1a3e9d3ea905.04466363,VIP 
1979,IET6a1af200ca5b47.91562471,VIP 
1980,TK6a11dc7fd52c97.10809278,VIP COMP 
1981,TK6a11dc8010b7d9.58022533,VIP COMP 
1982,TK6a11dc8040e9b9.99037754,VIP COMP 
1983,TK6a11dc8069f440.55464295,VIP COMP 
1984,TK6a11dc80994a37.07546603,VIP COMP 
1985,TK6a11dc80c17f94.08133753,VIP COMP 
1986,TK6a11dc80f1e0d4.51824666,VIP COMP 
1987,TK6a11dc812c6e94.96008643,VIP COMP 
1988,TK6a11dc815557a6.10813039,VIP COMP 
1989,TK6a11dc817e6e91.95958944,VIP COMP 
1990,TK6a1718377eed05.99828737,VIP COMP 
1991,TK6a171837a945a1.42031312,VIP COMP 
1992,TK6a1718760a1de8.85841505,VIP COMP 
1993,TK6a17189dbb2f58.87516377,VIP COMP 
1994,TK6a1718bb4878f5.65591116,VIP COMP 
1995,TK6a1718edec77b3.32484341,VIP COMP 
1996,TK6a1719539969a8.97071376,VIP COMP 
1997,TK6a171972a8d8a9.82477949,VIP COMP 
1998,TK6a171990f2b779.16976080,VIP COMP 
1999,TK6a1719d28e4125.62125171,VIP COMP 
2000,TK6a171a26a4a994.77262584,VIP COMP 
2001,TK6a171a6f6d0834.74093174,VIP COMP 
2002,TK6a171ab62032b2.52248110,VIP COMP 
2003,TK6a171afa7a3583.44591453,VIP COMP 
2004,TK6a171b109d9587.78250109,VIP COMP 
2005,TK6a171b24e9c0e4.44852372,VIP COMP 
2006,TK6a171b3e5e2f75.31148995,VIP COMP 
2007,TK6a171b557f0e25.77917099,VIP COMP 
2008,TK6a171b7af18eb6.75247862,VIP COMP 
2009,TK6a17209b19bc04.20009002,VIP COMP 
2010,TK6a172293b25d07.39171741,VIP COMP 
2011,TK6a1722bcc136f0.85060298,VIP COMP 
2012,TK6a1722bcec9b25.25541577,VIP COMP 
2013,TK6a1722ecc59e93.94096049,VIP COMP 
2014,TK6a17230d365a78.61358491,VIP COMP 
2015,TK6a1723331b8e21.96050845,VIP COMP 
2016,TK6a172367013144.83191920,VIP COMP 
2017,TK6a17237d64ebf9.78049220,VIP COMP 
2018,TK6a1724a6dbb287.03420964,VIP COMP 
2019,TK6a1724a7139007.57397522,VIP COMP 
2020,TK6a1724f0cfe2c1.95129927,VIP COMP 
2021,TK6a1724f10cfe64.20102963,VIP COMP 
2022,TK6a17254dc7f4d3.24424972,VIP COMP 
2023,TK6a172646794681.13741058,VIP COMP 
2024,TK6a172646a4e7e3.71678373,VIP COMP 
2025,TK6a17267d47e787.87184935,VIP COMP 
2026,TK6a17267d78adf5.94749734,VIP COMP 
2027,TK6a174142c89dd9.78635431,VIP COMP 
2028,TK6a17414313f7e4.64556066,VIP COMP 
2029,TK6a1741435ded61.33434162,VIP COMP 
2030,TK6a174201a97755.19463305,VIP COMP 
2031,TK6a174201d2dfc8.89324211,VIP COMP 
2032,TK6a1744f09fa539.50285296,VIP COMP 
2033,TK6a17450e05f266.56101014,VIP COMP 
2034,TK6a17452800ce59.00102546,VIP COMP 
2035,TK6a174d0e8c7422.46973915,VIP COMP 
2036,TK6a174d0ebbd4d2.23050245,VIP COMP 
2037,TK6a174ff682bd11.64589666,VIP COMP 
2038,TK6a174ff6ad17e5.01053788,VIP COMP 
2039,TK6a175130639472.74336820,VIP COMP 
2040,TK6a17514d0f7ba7.91803998,VIP COMP 
2041,TK6a17514d39e8f7.59999367,VIP COMP 
2042,TK6a17514d658428.55609911,VIP COMP 
2043,TK6a17516fd09387.36475475,VIP COMP 
2044,TK6a17518a99db92.32536873,VIP COMP 
2045,TK6a17645088e6e0.83635740,VIP COMP 
2046,TK6a176450b31464.82489468,VIP COMP 
2047,TK6a176450e28e87.16499319,VIP COMP 
2048,TK6a176451174af8.97152682,VIP COMP 
2049,TK6a17645145b544.86020406,VIP COMP 
2050,TK6a17665720ed06.22519459,VIP COMP 
2051,TK6a17757ec76441.58760646,VIP COMP 
2052,TK6a17757f148088.47116910,VIP COMP 
2053,TK6a177bd1943bb4.34868444,VIP COMP 
2054,TK6a177c4f39c996.42852852,VIP COMP 
2055,TK6a17813270edd4.39481867,VIP COMP 
2056,TK6a17855fc67124.18784388,VIP COMP 
2057,TK6a1785612e3032.87698958,VIP COMP 
2058,TK6a17856156b0a8.93463884,VIP COMP 
2059,TK6a1785963a8a13.90796822,VIP COMP 
2060,TK6a178596691e93.33528089,VIP COMP 
2061,TK6a17859690c997.79237642,VIP COMP 
2062,TK6a179395a2e3b9.14753306,VIP COMP 
2063,TK6a1793d80c4886.09509647,VIP COMP 
2064,TK6a17940b283463.26307518,VIP COMP 
2065,TK6a179440e82499.12116488,VIP COMP 
2066,TK6a17946f1baed4.44811479,VIP COMP 
2067,TK6a1794978f2913.87906159,VIP COMP 
2068,TK6a1794cf9de126.85577117,VIP COMP 
2069,TK6a1794ff70cf50.12521557,VIP COMP 
2070,TK6a17952cc93a14.46831098,VIP COMP 
2071,TK6a17975dd48c40.28735154,VIP COMP 
2072,TK6a179782aa6934.43702583,VIP COMP 
2073,TK6a17a7f6ae9af0.81616014,VIP COMP 
2074,TK6a17a81dde80b0.48631858,VIP COMP 
2075,TK6a17a861a81a92.51600211,VIP COMP 
2076,TK6a17a898b82c99.57872171,VIP COMP 
2077,TK6a17a8c3f16ab1.08165855,VIP COMP 
2078,TK6a17aae6be28d4.18597709,VIP COMP 
2079,TK6a17adf0656f00.31751231,VIP COMP 
2080,TK6a17adf09824b5.39153614,VIP COMP 
2081,TK6a17ae970452c7.49344265,VIP COMP 
2082,TK6a17ae972ef597.24251927,VIP COMP 
2083,TK6a17b189c70c09.99342135,VIP COMP 
2084,TK6a17b18a0fa5a7.71987098,VIP COMP 
2085,TK6a1850c33a52f3.44071467,VIP COMP 
2086,TK6a1850c3658bb3.29938227,VIP COMP 
2087,TK6a1853673d8ec8.91724632,VIP COMP 
2088,TK6a1853676b9a63.81279997,VIP COMP 
2089,TK6a1853679940c1.53584201,VIP COMP 
2090,TK6a185367c0b283.72664861,VIP COMP 
2091,TK6a185367e818c6.87200021,VIP COMP 
2092,TK6a1853682248b6.00445332,VIP COMP 
2093,TK6a1853684a09c4.19700681,VIP COMP 
2094,TK6a1853687182c3.62369250,VIP COMP 
2095,TK6a185368a01cd8.81040918,VIP COMP 
2096,TK6a185368c6cc87.76592862,VIP COMP 
2097,TK6a1853692cb5c3.88776881,VIP COMP 
2098,TK6a189682883790.00084600,VIP COMP 
2099,TK6a189698c42440.38096271,VIP COMP 
2100,TK6a1896a90b8650.90693316,VIP COMP 
2101,TK6a1896b64004b6.03574927,VIP COMP 
2102,TK6a1896c972e555.25100089,VIP COMP 
2103,TK6a1896d8e58f32.85752926,VIP COMP 
2104,TK6a1896e6bb96a1.73227334,VIP COMP 
2105,TK6a18972e03cd24.66148546,VIP COMP 
2106,TK6a1897a67bec23.44136294,VIP COMP 
2107,TK6a189a8c9f1839.26508682,VIP COMP 
2108,TK6a189ab53a2064.87862179,VIP COMP 
2109,TK6a189aef1e7393.63092013,VIP COMP 
2110,TK6a189b003af089.91666144,VIP COMP 
2111,TK6a189b11bca9e2.40224746,VIP COMP 
2112,TK6a189b285d93b7.84446346,VIP COMP 
2113,TK6a189b56bfdec7.00872209,VIP COMP 
2114,TK6a189b787b6480.41012302,VIP COMP 
2115,TK6a189bcadb74c5.25026200,VIP COMP 
2116,TK6a189d1c533c51.32761533,VIP COMP 
2117,TK6a189d2d0d56b5.24160244,VIP COMP 
2118,TK6a189d3b7bc482.57471024,VIP COMP 
2119,TK6a189d5347aaf3.54003063,VIP COMP 
2120,TK6a189f158e7dd2.96425929,VIP COMP 
2121,TK6a189fbfa61956.42039500,VIP COMP 
2122,TK6a189fca8dc2e1.37021640,VIP COMP 
2123,TK6a189fd67f0676.81958668,VIP COMP 
2124,TK6a18a034a837b6.90054470,VIP COMP 
2125,TK6a18a0454d6950.53908027,VIP COMP 
2126,TK6a18a06e163102.01408930,VIP COMP 
2127,TK6a18a083377055.04611838,VIP COMP 
2128,TK6a18a099876294.23804385,VIP COMP 
2129,TK6a18a0a9432f44.12073301,VIP COMP 
2130,TK6a18a0bad84278.44333734,VIP COMP 
2131,TK6a18a10ef34fc5.49280326,VIP COMP 
2132,TK6a18a19c96f701.00618442,VIP COMP 
2133,TK6a18a379f1ed39.23054725,VIP COMP 
2134,TK6a18a38918d122.42677068,VIP COMP 
2135,TK6a18a3afaafa52.19842923,VIP COMP 
2136,TK6a18a3bd074de7.61425210,VIP COMP 
2137,TK6a18a3c71cda26.40043236,VIP COMP 
2138,TK6a18a3d2117f97.23943536,VIP COMP 
2139,TK6a18a3ea012999.92542349,VIP COMP 
2140,TK6a18a3f44e1937.70560975,VIP COMP 
2141,TK6a18a402c22b70.57889896,VIP COMP 
2142,TK6a18a41142f979.42127704,VIP COMP 
2143,TK6a18a486dc64b4.46701226,VIP COMP 
2144,TK6a18a4927c7cf2.45056351,VIP COMP 
2145,TK6a18a4a3bf9414.69154164,VIP COMP 
2146,TK6a18a4b2d1fa60.31079579,VIP COMP 
2147,TK6a18a4bebb7ca8.77862441,VIP COMP 
2148,TK6a18a4fae2a753.64240782,VIP COMP 
2149,TK6a18a5d34e0956.46088613,VIP COMP 
2150,TK6a18a5e4e5b7c2.35695469,VIP COMP 
2151,TK6a18a5f97a4047.90725523,VIP COMP 
2152,TK6a18a60c7afd55.03716646,VIP COMP 
2153,TK6a18a84b2f3083.58079924,VIP COMP 
2154,TK6a18a84b6a9972.73878956,VIP COMP 
2155,TK6a18a86eb0df12.81199739,VIP COMP 
2156,TK6a18a86edaf931.65652388,VIP COMP 
2157,TK6a18a88f8d0802.28855415,VIP COMP 
2158,TK6a18a88fef41e7.23960177,VIP COMP 
2159,TK6a18a89cb51515.02053156,VIP COMP 
2160,TK6a18a89cdeaab4.88893003,VIP COMP 
2161,TK6a18a8aab0b702.12401827,VIP COMP 
2162,TK6a18a8aada8bc8.34242177,VIP COMP 
2163,TK6a18a8b2b20732.78241892,VIP COMP 
2164,TK6a18a8b2e222c0.05704064,VIP COMP 
2165,TK6a18a8bc5bea60.67121285,VIP COMP 
2166,TK6a18a8bc8624b3.02977680,VIP COMP 
2167,TK6a18a8c610c785.40249583,VIP COMP 
2168,TK6a18a8c6413170.53030417,VIP COMP 
2169,TK6a18a8d7598b11.52251062,VIP COMP 
2170,TK6a18a8d7836353.36721872,VIP COMP 
2171,TK6a18a8e35a13b3.27810283,VIP COMP 
2172,TK6a18a8e3839f09.05498030,VIP COMP 
2173,TK6a18a8ef9594f8.50043096,VIP COMP 
2174,TK6a18a8efc01875.66949871,VIP COMP 
2175,TK6a18a8fe8d77a3.24396593,VIP COMP 
2176,TK6a18a8feb7fc51.19525203,VIP COMP 
2177,TK6a18a909476a20.90194953,VIP COMP 
2178,TK6a18a909704609.85683557,VIP COMP 
2179,TK6a18a992307250.84744582,VIP COMP 
2180,TK6a18ae9e0c4960.73439856,VIP COMP 
2181,TK6a18ae9e465231.18277556,VIP COMP 
2182,TK6a18b086a351b1.86503818,VIP COMP 
2183,TK6a18b0870a8a73.47302589,VIP COMP 
2184,TK6a18b08760db07.20333203,VIP COMP 
2185,TK6a18b1629c1dc4.34724777,VIP COMP 
2186,TK6a18b162c44ca8.75713561,VIP COMP 
2187,TK6a18b6879254c3.50810789,VIP COMP 
2188,TK6a18c9ae00d2c3.49680943,VIP COMP 
2189,TK6a18d8195790f2.49461794,VIP COMP 
2190,TK6a18dc880ac712.08089559,VIP COMP 
2191,TK6a18dd825cade1.75169055,VIP COMP 
2192,TK6a18ddba8d7e69.86027547,VIP COMP 
2193,TK6a18dded15f387.35932612,VIP COMP 
2194,TK6a18dded40bd63.69334193,VIP COMP 
2195,TK6a1958114bb0f3.08594371,VIP COMP 
2196,TK6a195811758e80.68168809,VIP COMP 
2197,TK6a195811b2cb89.66525977,VIP COMP 
2198,TK6a1958251a4304.03441275,VIP COMP 
2199,TK6a195825601759.91417881,VIP COMP 
2200,TK6a19582589ff85.29256877,VIP COMP 
2201,TK6a19583784bb02.48345084,VIP COMP 
2202,TK6a195837ade275.25713738,VIP COMP 
2203,TK6a195837d54079.63516292,VIP COMP 
2204,TK6a19584d3e91f8.62966937,VIP COMP 
2205,TK6a19584d676045.65377667,VIP COMP 
2206,TK6a19584db604d3.41728673,VIP COMP 
2207,TK6a1958622027a1.17095824,VIP COMP 
2208,TK6a1958625b9772.63776088,VIP COMP 
2209,TK6a1958628b9b91.90378304,VIP COMP 
2210,TK6a19587c1d2953.56429660,VIP COMP 
2211,TK6a19587c461831.71748417,VIP COMP 
2212,TK6a19587c7440b4.18488492,VIP COMP 
2213,TK6a19588dede478.86182018,VIP COMP 
2214,TK6a19588e2a8a78.88502986,VIP COMP 
2215,TK6a19588e59af41.20094047,VIP COMP 
2216,TK6a1958e51283a7.92992719,VIP COMP 
2217,TK6a1958e53b18d1.42581955,VIP COMP 
2218,TK6a1958e568ecb1.79596182,VIP COMP 
2219,TK6a1959015d6c54.69409256,VIP COMP 
2220,TK6a19590185da60.25364440,VIP COMP 
2221,TK6a195901adfd08.56917768,VIP COMP 
2222,TK6a1982690cc081.40612808,VIP COMP 
2223,TK6a1982693c5623.73769243,VIP COMP 
2224,TK6a1982698e99a2.46619470,VIP COMP 
2225,TK6a19892e45a968.60981109,VIP COMP 
2226,TK6a19892e6eb781.06315969,VIP COMP 
2227,TK6a19892e96e432.46554325,VIP COMP 
2228,TK6a198d537d4f06.78584308,VIP COMP 
2229,TK6a198d53ac4833.17497209,VIP COMP 
2230,TK6a198d53d59383.11701573,VIP COMP 
2231,TK6a198d9f927874.77298678,VIP COMP 
2232,TK6a19955604aa16.79770930,VIP COMP 
2233,TK6a199556354764.53322895,VIP COMP 
2234,TK6a19955665b672.59164236,VIP COMP 
2235,TK6a199ab799d435.14444334,VIP COMP 
2236,TK6a199ab7dec0e1.28714386,VIP COMP 
2237,TK6a199ab8157201.80085410,VIP COMP 
2238,TK6a199ab83f7d91.80315353,VIP COMP 
2239,TK6a199ab86aa9c1.85970849,VIP COMP 
2240,TK6a199ab8952881.13831003,VIP COMP 
2241,TK6a199ab8be8b67.19989537,VIP COMP 
2242,TK6a199ab8e93021.35308288,VIP COMP 
2243,TK6a19c8b142fed1.54986302,VIP COMP 
2244,TK6a19c8b16b5d77.71145224,VIP COMP 
2245,TK6a19d4589144a3.99802405,VIP COMP 
2246,TK6a19d458cd3790.73086863,VIP COMP 
2247,TK6a19d459091027.02178742,VIP COMP 
2248,TK6a19d45937edc4.06937365,VIP COMP 
2249,TK6a19d459661ef4.89521484,VIP COMP 
2250,TK6a19d45994f584.48933496,VIP COMP 
2251,TK6a19dd0ac10d28.38900918,VIP COMP 
2252,TK6a19dd0aeb91d3.92619599,VIP COMP 
2253,TK6a19dd0b241e33.71823345,VIP COMP 
2254,TK6a19e0deb6ca48.73618377,VIP COMP 
2255,TK6a19ec5e7eca06.30232621,VIP COMP 
2256,TK6a19ec5eae0819.70716081,VIP COMP 
2257,TK6a19ec5ede2e73.14960123,VIP COMP 
2258,TK6a19ec5f18c881.53747813,VIP COMP 
2259,TK6a19ec5f476e07.11107988,VIP COMP 
2260,TK6a19f175df74a4.39465672,VIP COMP 
2261,TK6a19f17612b8c1.54928145,VIP COMP 
2262,TK6a19f176426066.48764683,VIP COMP 
2263,TK6a19f176708087.29647275,VIP COMP 
2264,TK6a19f1769edc98.94543326,VIP COMP 
2265,TK6a19f176cdb912.42040528,VIP COMP 
2266,TK6a19f27d86f111.14718032,VIP COMP 
2267,TK6a19f7b127c2b9.21530961,VIP COMP 
2268,TK6a1a0881a8c4a4.73798145,VIP COMP 
2269,TK6a1a0881d1ae63.34554709,VIP COMP 
2270,TK6a1a0aa162b505.88238496,VIP COMP 
2271,TK6a1a0aa18ce832.17413432,VIP COMP 
2272,TK6a1a0aa1b76f23.47770311,VIP COMP 
2273,TK6a1a0aa1e21820.85764718,VIP COMP 
2274,TK6a1a0aa21a9812.52474674,VIP COMP 
2275,TK6a1a0aa24608a2.21150510,VIP COMP 
2276,TK6a1a0aa272c8b7.16481866,VIP COMP 
2277,TK6a1a0aa29c7603.59020723,VIP COMP 
2278,TK6a1a0aa2cdeac3.16806842,VIP COMP 
2279,TK6a1a0aa30bd9f7.29573060,VIP COMP 
2280,TK6a1a0d778a79a0.28388376,VIP COMP 
2281,TK6a1a0d77d09ad7.96883686,VIP COMP 
2282,TK6a1a0d780dcbd0.38706805,VIP COMP 
2283,TK6a1a0d783eac97.92890943,VIP COMP 
2284,TK6a1a0d78706cc7.91716740,VIP COMP 
2285,TK6a1a0db5e3c144.93541356,VIP COMP 
2286,TK6a1a0db621a074.87716545,VIP COMP 
2287,TK6a1a0db6535db1.91599027,VIP COMP 
2288,TK6a1a19232d1930.83389549,VIP COMP 
2289,TK6a1a192355cb45.52179257,VIP COMP 
2290,TK6a1a19237e86a6.06135902,VIP COMP 
2291,TK6a1a2383a6f737.63870187,VIP COMP 
2292,TK6a1a27f90f4d70.76947008,VIP COMP 
2293,TK6a1a27f95308c0.00277420,VIP COMP 
2294,TK6a1a27f982f076.70080626,VIP COMP 
2295,TK6a1a354392b114.29762359,VIP COMP 
2296,TK6a1a4af2843007.76795493,VIP COMP 
2297,TK6a1a87efbe7d02.00973985,VIP COMP 
2298,TK6a1aec2b4afcd4.40870378,VIP COMP 
2299,TK6a1aec2b9f0202.22742221,VIP COMP 
2300,TK6a1b1a1d1457e4.84986605,VIP COMP 
2301,TK6a1b1d1595dea6.02189175,VIP COMP 
2302,TK6a1b1d15c16412.22565911,VIP COMP 
2303,TK6a1b1d15ed7e24.02644372,VIP COMP 
2304,TK6a1b3166000857.09706262,VIP COMP 
2305,TK6a1b3372747884.14323704,VIP COMP 
2306,TK6a1b3a7ace2260.52392166,VIP COMP 
2307,TK6a1b4f47ba6572.54809330,VIP COMP 
2308,TK6a1b512817c648.63295147,VIP COMP 
2309,TK6a1b53daa90bd5.78043355,VIP COMP 
2310,TK6a1b55eb02c124.59929818,VIP COMP 
2311,TK6a1b56064f9945.40181032,VIP COMP 
2312,TK6a1b5606821a78.61348255,VIP COMP 
2313,TK6a1b5606b47a22.84673783,VIP COMP 
2314,TK6a1b632e2707e0.00575228,VIP COMP 
2315,TK6a1b632e4f6455.07706902,VIP COMP 
2316,TK6a1b632e82af31.25612640,VIP COMP 
2317,TK6a1b638e498a60.09652576,VIP COMP 
2318,TK6a1b6a5da1dca7.71467765,VIP COMP 
2319,TK6a1b6b4acd86e0.47500925,VIP COMP 
2320,TK6a1b6d1180ff54.90151245,VIP COMP 
2321,TK6a1b7b5ed7e120.97340886,VIP COMP 
2322,TK6a1b7b5f0ed792.99501394,VIP COMP 
2323,TK6a1b7e1b30eae4.23173857,VIP COMP 
2324,TK6a1b812d773460.08170987,VIP COMP 
2325,TK6a1b812dbd5d43.41323475,VIP COMP 
2326,TK6a1b812dedf411.33555612,VIP COMP 
2327,TK6a1b812e29f4b6.35631424,VIP COMP 
2328,TK6a1b86c6912f81.73506910,VIP COMP 
2329,TK6a17665660f287.17068045,VIP FEMALE  Friends & Family
2330,TK6a1787208f6615.68756479,VIP FEMALE  Friends & Family
2331,TK6a178720b75655.86787726,VIP FEMALE  Friends & Family
2332,TK6a1b1a6dc820b6.83300130,VIP FEMALE  Friends & Family
2333,TK6a1b870d2d4cc2.61136803,VIP FEMALE  Friends & Family
2334,TK6a17872100bb46.66596134,VIP MALE  Friends & Family
2335,TK6a1787212f83e7.31441250,VIP MALE  Friends & Family
2336,TK6a178721605b42.85946596,VIP MALE  Friends & Family
2337,TK6a1b5d75b681c8.37265898,VIP MALE  Friends & Family
2338,TK6a1b5d760b2471.06423305,VIP MALE  Friends & Family
2339,TK6a1b5d763df300.20799383,VIP MALE  Friends & Family