0001,63147886,female $250
0002,7067226,female $250
0003,19189184,female $250
0004,30908655,female $250
0005,60434541,female $250
0006,53782203,female $250
0007,25560037,female $250
0008,32367634,female $250
0009,60726981,female $250
0010,6705688,female $250
0011,41243861,female $250
0012,42578855,female $250
0013,18873605,female $250
0014,58885047,female $250
0015,28744338,female $250
0016,36193659,female $250
0017,29503988,female $250
0018,47331067,female $250
0019,46042589,female $250
0020,43775010,female $250
0021,51023770,female $250
0022,25723504,female $250
0023,56831627,female $250
0024,8675709,female $250
0025,43383294,female $250
0026,3608811,female $250
0027,50695744,female $250
0028,48551761,female $250
0029,9340611,female $250
0030,58302294,female $250
0031,23289916,female $250
0032,46186844,female $250
0033,14825096,female $250
0034,43513401,female $250
0035,64846154,female $250
0036,33016268,female $250
0037,2383163,female $250
0038,5871404,female $250
0039,40780481,female $250
0040,10077834,female $250
0041,50955135,female $250
0042,58889934,female $250
0043,65279566,female $250
0044,11531108,female $250
0045,23343805,female $250
0046,18005006,female $250
0047,54843160,female $250
0048,64133108,female $250
0049,22324164,female $250
0050,43659602,female $250
0051,57319243,female $250
0052,57977360,female $250
0053,22242229,female $250
0054,43826510,female $250
0055,39592041,female $250
0056,9861870,female $250
0057,56481749,female $250
0058,24012610,female $250
0059,50690880,female $250
0060,33875143,female $250
0061,26153590,female $250
0062,40614053,female $250
0063,1702834,female $250
0064,20440923,female $250
0065,18779567,female $250
0066,43093918,female $250
0067,58464754,female $250
0068,54219399,female $250
0069,43978954,female $250
0070,3293044,female $250
0071,39655702,female $250
0072,55221822,female $250
0073,58845711,female $250
0074,64128214,female $250
0075,4974159,female $250
0076,31463722,female $250
0077,1395236,female $250
0078,42878162,female $250
0079,10952013,female $250
0080,51956729,female $250
0081,38050930,male $250
0082,17393844,male $250
0083,6241146,male $250
0084,14045017,male $250
0085,26425072,male $250
0086,42320667,male $250
0087,51943276,male $250
0088,49863597,male $250
0089,43390483,male $250
0090,29326450,male $250
0091,59501061,male $250
0092,57380097,male $250
0093,43321364,male $250
0094,53248096,male $250
0095,36902970,male $250
0096,8613869,male $250
0097,12030902,male $250
0098,8272880,male $250
0099,41127238,male $250
0100,58867421,male $250
0101,8205369,male $250
0102,55258487,male $250
0103,50829974,male $250
0104,9566730,male $250
0105,53645670,male $250
0106,16476383,male $250
0107,43673030,male $250
0108,61843625,male $250
0109,48244019,male $250
0110,47663452,male $250
0111,20495334,male $250
0112,55991917,male $250
0113,29604376,male $250
0114,35893699,male $250
0115,23259777,male $250
0116,11122955,male $250
0117,16812697,male $250
0118,30406089,male $250
0119,37713463,male $250
0120,26496479,male $250
0121,14133128,male $250
0122,20741329,male $250
0123,57496531,male $250
0124,13312884,male $250
0125,47155496,male $250
0126,9339211,male $250
0127,42786292,male $250
0128,59902004,male $250
0129,24262754,male $250
0130,13350069,male $250
0131,11052953,female $200
0132,10612573,female $200
0133,10580474,female $200
0134,12894554,female $200
0135,3930290,female $200
0136,13735340,female $200
0137,10976572,female $200
0138,16732481,female $200
0139,20428415,female $200
0140,17527418,female $200
0141,14670589,female $200
0142,15503411,female $200
0143,19401824,female $200
0144,18315234,female $200
0145,877669,female $200
0146,17077540,female $200
0147,18219196,female $200
0148,18412585,female $200
0149,4301815,female $200
0150,14451219,female $200
0151,6095743,female $200
0152,2231258,female $200
0153,17388424,female $200
0154,14265034,female $200
0155,17897796,female $200
0156,18247514,female $200
0157,12868631,female $200
0158,18880700,female $200
0159,13240866,female $200
0160,17269834,female $200
0161,9530342,female $200
0162,11610045,female $200
0163,17294005,female $200
0164,15828972,female $200
0165,4029529,female $200
0166,5911603,female $200
0167,4188126,female $200
0168,497336,female $200
0169,3236225,female $200
0170,3104178,female $200
0171,22097174,female $200
0172,15666717,female $200
0173,2338959,female $200
0174,13726384,female $200
0175,6567788,female $200
0176,18023481,female $200
0177,19014127,female $200
0178,15600926,female $200
0179,2604105,female $200
0180,21024604,female $200
0181,12367367,female $200
0182,5488267,female $200
0183,16751487,female $200
0184,3464167,female $200
0185,12022041,female $200
0186,15384549,female $200
0187,3933586,female $200
0188,1011121,female $200
0189,18892410,female $200
0190,2222076,female $200
0191,19080031,female $200
0192,15418355,female $200
0193,5856117,female $200
0194,6045220,female $200
0195,8670985,female $200
0196,21101007,female $200
0197,3894039,female $200
0198,12191505,female $200
0199,5689273,female $200
0200,21154271,female $200
0201,10946230,female $200
0202,1137702,female $200
0203,22213929,female $200
0204,11294285,female $200
0205,6312621,female $200
0206,12518370,female $200
0207,18458946,female $200
0208,20103361,female $200
0209,10150652,female $200
0210,7377183,female $200
0211,852063,female pass
0212,1213181,female pass
0213,281578,female pass
0214,1539112,female pass
0215,1438917,female pass
0216,762491,female pass
0217,1882721,female pass
0218,1805600,female pass
0219,1691038,female pass
0220,330133,female pass
0221,1231302,female pass
0222,949582,female pass
0223,1190315,female pass
0224,1908249,female pass
0225,1681271,female pass
0226,2064461,female pass
0227,1691065,female pass
0228,1963117,female pass
0229,2049199,female pass
0230,729539,female pass
0231,174946,female pass
0232,784268,female pass
0233,1022432,female pass
0234,213320,female pass
0235,2147085,female pass
0236,1413011,female pass
0237,333251,female pass
0238,123361,female pass
0239,2025111,female pass
0240,797189,female pass
0241,1629602,female pass
0242,1532337,female pass
0243,314588,female pass
0244,1790405,female pass
0245,483538,female pass
0246,511752,female pass
0247,2029798,female pass
0248,436864,female pass
0249,1035341,female pass
0250,2177063,female pass
0251,557337,female pass
0252,845687,female pass
0253,1420458,female pass
0254,1571957,female pass
0255,1501843,female pass
0256,1022106,female pass
0257,280302,female pass
0258,1184887,female pass
0259,244965,female pass
0260,1796553,female pass
0261,648645,female pass
0262,1976774,female pass
0263,462298,female pass
0264,2002508,female pass
0265,506164,female pass
0266,1363268,female pass
0267,102997,female pass
0268,1300017,female pass
0269,1233147,female pass
0270,398873,female pass
0271,2116444,female pass
0272,1759648,female pass
0273,139232,female pass
0274,1190903,female pass
0275,1825531,female pass
0276,1448658,female pass
0277,1202997,female pass
0278,1568602,female pass
0279,1030705,female pass
0280,1924080,female pass
0281,376807,female pass
0282,1918306,female pass
0283,262452,female pass
0284,241840,female pass
0285,1372086,female pass
0286,1213459,female pass
0287,2087131,female pass
0288,856876,female pass
0289,805635,female pass
0290,885112,female pass
0291,28659723,male $300
0292,29050209,male $300
0293,41533512,male $300
0294,21031165,male $300
0295,36664057,male $300
0296,21725846,male $300
0297,31905977,male $300
0298,49771342,male $300
0299,38391234,male $300
0300,51125558,male $300
0301,38240386,male $300
0302,49748510,male $300
0303,36638963,male $300
0304,41580896,male $300
0305,48912934,male $300
0306,43020179,male $300
0307,15063860,male $300
0308,33036734,male $300
0309,27696521,male $300
0310,50320868,male $300
0311,19953359,male $300
0312,15177999,male $300
0313,42503047,male $300
0314,36922845,male $300
0315,25026070,male $300
0316,34193105,male $300
0317,24454107,male $300
0318,41420580,male $300
0319,26481480,male $300
0320,12954767,male $300
0321,32437893,male $300
0322,23634527,male $300
0323,11078116,male $300
0324,25687732,male $300
0325,16808743,male $300
0326,29478079,male $300
0327,44811075,male $300
0328,29566873,male $300
0329,38340280,male $300
0330,25518614,male $300
0331,13801225,male $300
0332,26084782,male $300
0333,44908394,male $300
0334,33144264,male $300
0335,48888268,male $300
0336,20253764,male $300
0337,36212964,male $300
0338,26269678,male $300
0339,40236948,male $300
0340,24789075,male $300
0341,9389858,male pass
0342,6889828,male pass
0343,5158475,male pass
0344,6596274,male pass
0345,10603843,male pass
0346,9604363,male pass
0347,7883882,male pass
0348,862720,male pass
0349,10692492,male pass
0350,9848335,male pass
0351,10782017,male pass
0352,2977404,male pass
0353,2790590,male pass
0354,6712908,male pass
0355,7372754,male pass
0356,1092015,male pass
0357,1460386,male pass
0358,6859121,male pass
0359,5446669,male pass
0360,7460545,male pass
0361,6920957,male pass
0362,3367917,male pass
0363,1076120,male pass
0364,1488038,male pass
0365,5781662,male pass
0366,2311489,male pass
0367,5234043,male pass
0368,1386812,male pass
0369,7139846,male pass
0370,651542,male pass
0371,IET6aac961ae42ae1.55379545,Female Early Bird 
0372,IET6aaec90ea97e85.10188825,Female Early Bird 
0373,IET6aaf2eb0511e03.54942822,Female Early Bird 
0374,IET6aaf2eb0516bd2.85825215,Female Early Bird 
0375,IET6ab58dc5a0b298.18731386,Female Early Bird 
0376,IET6ab67871259b22.56269618,Female Early Bird 
0377,IET6ab6826ae4d831.43105924,Female Early Bird 
0378,IET6ab6c89751e897.10739201,Female Early Bird 
0379,IET6ab6eb6e928e60.08769776,Female Early Bird 
0380,IET6ab6f102c6d4d1.62667425,Female Early Bird 
0381,IET6a6bd2bfb1a110.88678314,Female Special 
0382,IET6a6bd36b689173.14021994,Female Special 
0383,IET6a6bd36b68e6f1.05825325,Female Special 
0384,IET6a6bd36b692c56.85090473,Female Special 
0385,IET6a6bd36b696fb9.85526937,Female Special 
0386,IET6a6bd36b69b1a2.73241879,Female Special 
0387,IET6a6bd70c9ad701.90750526,Female Special 
0388,IET6a6bd70c9b2ba1.59665301,Female Special 
0389,IET6a6ca3dd78cbb2.65881195,Female Special 
0390,IET6a6cb26b4f6368.31392205,Female Special 
0391,IET6a6ce562711ae3.47021194,Female Special 
0392,IET6a6ce562717c16.40492391,Female Special 
0393,IET6a6e1224103014.17228300,Female Special 
0394,IET6a6e1224107814.16887173,Female Special 
0395,IET6a6e122410b671.63015113,Female Special 
0396,IET6a6e122410f250.17741521,Female Special 
0397,IET6a6e1224112d84.94618183,Female Special 
0398,IET6a6e17db926934.01347831,Female Special 
0399,IET6a6e17db92c015.17893153,Female Special 
0400,IET6a6e17db9325e8.88050569,Female Special 
0401,IET6a6e17db936ef2.44032098,Female Special 
0402,IET6a6e17db93bc25.97504430,Female Special 
0403,IET6a6e17db9401d0.77058682,Female Special 
0404,IET6a7325b0b9b9f2.84824236,Female Special 
0405,IET6a7676633aaaf1.77355029,Female Special 
0406,IET6a7676633aef48.67262709,Female Special 
0407,IET6a7b865b017ee5.08415298,Female Special 
0408,IET6a7b865b01faa4.43736575,Female Special 
0409,IET6a7fcf9c2a9522.97605174,Female Special 
0410,IET6a7fcf9c2ae1d9.57362689,Female Special 
0411,IET6a7fcf9c2b20f0.52360301,Female Special 
0412,IET6a875a24d46d79.11944437,Female Special 
0413,IET6a8883dcbbb3d8.93951571,Female Special 
0414,IET6a8883dcbc0683.56394945,Female Special 
0415,IET6a89b049d49648.30283793,Female Special 
0416,IET6a8cead4c26005.19341031,Female Special 
0417,IET6a8dce0d196fc8.95692276,Female Special 
0418,IET6a8dd940ccee39.99225097,Female Special 
0419,IET6a8dd940cd59d7.20638639,Female Special 
0420,IET6a8dd940cdba47.36321067,Female Special 
0421,IET6a8dd940ce1451.61915670,Female Special 
0422,IET6a9196b5604872.48132486,Female Special 
0423,IET6a92e08e42a539.62377200,Female Special 
0424,IET6a92e08e42fe34.04530475,Female Special 
0425,IET6a934c3b07e686.80728713,Female Special 
0426,IET6a934c3b084a40.16295015,Female Special 
0427,IET6a960837b01d91.93037667,Female Special 
0428,IET6a960837b09695.32908904,Female Special 
0429,IET6a960837b0e3c1.50117769,Female Special 
0430,IET6a96dbb7951a32.61507593,Female Special 
0431,IET6a96dbb7956c69.76226158,Female Special 
0432,IET6a97367b9ad4e2.05710413,Female Special 
0433,IET6a975ff91fecb4.31332846,Female Special 
0434,IET6a975ff9204980.65609846,Female Special 
0435,IET6a9769617a9001.99476092,Female Special 
0436,IET6a9769617ae519.31315104,Female Special 
0437,IET6a9769617b3ed5.00531259,Female Special 
0438,IET6a9769617b9065.70859871,Female Special 
0439,IET6a9769617be846.65407377,Female Special 
0440,IET6a976a5a72c2a4.61072383,Female Special 
0441,IET6a976b94571365.81291296,Female Special 
0442,IET6a976b94576185.09388733,Female Special 
0443,IET6a976b9457a5f2.37188110,Female Special 
0444,IET6a976b9457ebc7.74208431,Female Special 
0445,IET6a976b94584028.54754581,Female Special 
0446,IET6a97891dc0f0b7.99558575,Female Special 
0447,IET6aa43f14bd1b89.53159614,Male Early Bird 
0448,IET6aaa02a7248746.43407615,Male Early Bird 
0449,IET6aaec90ea9d4a2.95343042,Male Early Bird 
0450,IET6ab678712730b8.83944388,Male Early Bird 
0451,IET6ab6826ae54c38.07551482,Male Early Bird 
0452,IET6ab6c4eeacf268.13426675,Male Early Bird 
0453,IET6ab7056ac90652.85808497,Male Early Bird 
0454,IET6a6be15abad9c9.86630759,Male Special 
0455,IET6a6cb26b4fc2f6.15864252,Male Special 
0456,IET6a8755ae64bf47.11624255,Male Special 
0457,IET6a89b049d504f0.84657015,Male Special 
0458,IET6a8cead4c2baa6.05364756,Male Special 
0459,IET6a8dd940ce7023.95342288,Male Special 
0460,IET6a975ff920aad7.06342918,Male Special 
0461,IET6a97891dc149d4.21876233,Male Special 
