00001,70234925100001,1000
00002,50974925100002,1000
00003,32374925100003,1000
00004,41724925100004,1000
00005,79974925100005,1000
00006,75654925100006,1000
00007,89124925100007,1000
00008,41524925100008,1000
00009,42794925100009,1000
00010,53024925100010,1000
00011,42084925100011,1000
00012,99974925100012,1000
00013,47964925100013,1000
00014,58374925100014,1000
00015,75994925100015,1000
00016,50904925100016,1000
00017,59694925100017,1000
00018,92174925100018,1000
00019,60034925100019,1000
00020,44934925100020,1000
00021,81674925100021,1000
00022,36544925100022,1000
00023,38524925100023,1000
00024,67224925100024,1000
00025,74064925100025,1000
00026,84084925100026,1000
00027,24234925100027,1000
00028,17584925100028,1000
00029,73064925100029,1000
00030,19354925100030,1000
00031,84144925100031,1000
00032,83134925100032,1000
00033,62914925100033,1000
00034,52714925100034,1000
00035,87794925100035,1000
00036,53484925100036,1000
00037,50464925100037,1000
00038,56774925100038,1000
00039,17984925100039,1000
00040,98344925100040,1000
00041,72174925100041,1000
00042,85284925100042,1000
00043,34064925100043,1000
00044,37734925100044,1000
00045,43644925100045,1000
00046,14564925100046,1000
00047,17784925100047,1000
00048,74574925100048,1000
00049,81654925100049,1000
00050,17334925100050,1000
00051,41474925100051,1000
00052,19934925100052,1000
00053,38734925100053,1000
00054,69214925100054,1000
00055,48944925100055,1000
00056,70574925100056,1000
00057,50114925100057,1000
00058,17624925100058,1000
00059,98654925100059,1000
00060,79224925100060,1000
00061,23314925100061,1000
00062,33074925100062,1000
00063,89564925100063,1000
00064,17134925100064,1000
00065,50174925100065,1000
00066,93234925100066,1000
00067,49384925100067,1000
00068,99284925100068,1000
00069,31354925100069,1000
00070,29224925100070,1000
00071,85364925100071,1000
00072,32064925100072,1000
00073,43394925100073,1000
00074,44544925100074,1000
00075,87584925100075,1000
00076,83344925100076,1000
00077,98224925100077,1000
00078,86514925100078,1000
00079,84724925100079,1000
00080,15224925100080,1000
00081,15224925100081,1000
00082,50164925100082,1000
00083,82354925100083,1000
00084,19124925100084,1000
00085,35714925100085,1000
00086,94614925100086,1000
00087,13694925100087,1000
00088,53474925100088,1000
00089,20024925100089,1000
00090,82034925100090,1000
00091,72914925100091,1000
00092,13894925100092,1000
00093,17014925100093,1000
00094,28974925100094,1000
00095,80944925100095,1000
00096,15754925100096,1000
00097,46064925100097,1000
00098,40354925100098,1000
00099,43694925100099,1000
00100,69444925100100,1000
00101,81694925100101,1000
00102,85784925100102,1000
00103,12864925100103,1000
00104,47984925100104,1000
00105,60514925100105,1000
00106,68584925100106,1000
00107,59224925100107,1000
00108,37134925100108,1000
00109,90784925100109,1000
00110,97054925100110,1000
00111,88424925100111,1000
00112,78134925100112,1000
00113,54454925100113,1000
00114,58504925100114,1000
00115,39224925100115,1000
00116,22814925100116,1000
00117,41684925100117,1000
00118,25574925100118,1000
00119,14324925100119,1000
00120,41234925100120,1000
00121,87864925100121,1000
00122,55154925100122,1000
00123,73564925100123,1000
00124,71874925100124,1000
00125,23204925100125,1000
00126,99864925100126,1000
00127,49854925100127,1000
00128,14304925100128,1000
00129,64654925100129,1000
00130,31874925100130,1000
00131,17284925100131,1000
00132,34264925100132,1000
00133,80554925100133,1000
00134,49304925100134,1000
00135,62004925100135,1000
00136,81404925100136,1000
00137,47604925100137,1000
00138,25244925100138,1000
00139,75524925100139,1000
00140,59414925100140,1000
00141,80374925100141,1000
00142,49004925100142,1000
00143,20424925100143,1000
00144,18654925100144,1000
00145,33414925100145,1000
00146,90154925100146,1000
00147,38664925100147,1000
00148,11334925100148,1000
00149,25704925100149,1000
00150,44864925100150,1000
00151,42384925100151,1000
00152,59154925100152,1000
00153,87704925100153,1000
00154,74794925100154,1000
00155,47174925100155,1000
00156,53524925100156,1000
00157,10964925100157,1000
00158,68564925100158,1000
00159,77834925100159,1000
00160,38094925100160,1000
00161,30004925100161,1000
00162,25614925100162,1000
00163,96694925100163,1000
00164,64044925100164,1000
00165,86994925100165,1000
00166,12594925100166,1000
00167,44384925100167,1000
00168,67654925100168,1000
00169,18714925100169,1000
00170,52314925100170,1000
00171,83064925100171,1000
00172,40494925100172,1000
00173,36064925100173,1000
00174,35164925100174,1000
00175,52284925100175,1000
00176,42064925100176,1000
00177,56164925100177,1000
00178,12944925100178,1000
00179,27224925100179,1000
00180,54964925100180,1000
00181,46824925100181,1000
00182,65324925100182,1000
00183,89454925100183,1000
00184,42564925100184,1000
00185,33614925100185,1000
00186,98764925100186,1000
00187,30284925100187,1000
00188,29114925100188,1000
00189,39344925100189,1000
00190,27884925100190,1000
00191,66464925100191,1000
00192,22454925100192,1000
00193,46174925100193,1000
00194,69374925100194,1000
00195,48534925100195,1000
00196,49124925100196,1000
00197,70074925100197,1000
00198,68434925100198,1000
00199,41554925100199,1000
00200,32044925100200,1000
00201,77904925100201,1000
00202,17634925100202,1000
00203,28404925100203,1000
00204,50684925100204,1000
00205,16914925100205,1000
00206,58344925100206,1000
00207,85574925100207,1000
00208,83684925100208,1000
00209,46774925100209,1000
00210,54654925100210,1000
00211,41464925100211,1000
00212,44054925100212,1000
00213,74124925100213,1000
00214,89754925100214,1000
00215,57104925100215,1000
00216,16764925100216,1000
00217,29624925100217,1000
00218,84874925100218,1000
00219,59474925100219,1000
00220,68984925100220,1000
00221,77414925100221,1000
00222,70634925100222,1000
00223,97304925100223,1000
00224,82674925100224,1000
00225,37234925100225,1000
00226,30994925100226,1000
00227,89334925100227,1000
00228,59794925100228,1000
00229,88864925100229,1000
00230,39664925100230,1000
00231,45064925100231,1000
00232,89874925100232,1000
00233,59264925100233,1000
00234,58984925100234,1000
00235,38094925100235,1000
00236,70304925100236,1000
00237,81984925100237,1000
00238,31364925100238,1000
00239,21864925100239,1000
00240,78844925100240,1000
00241,19304925100241,1000
00242,83114925100242,1000
00243,27964925100243,1000
00244,48884925100244,1000
00245,76664925100245,1000
00246,30994925100246,1000
00247,26874925100247,1000
00248,97064925100248,1000
00249,89824925100249,1000
00250,80934925100250,1000
00251,!37^A6ce8003,test
00252,vdlfrcxd93002,test
00253,hdsc6hbe8001,test
00254,oqsbey6h8005,test
00255,fr!4#cxd93004,test
