0001,0001xloUV2A9rb15,$200.00
0002,0002Dc89rb3a^9D%,$200.00
0003,0003k19rbDpgUrtS,$200.00
0004,000465p*@9rbPw&R,$200.00
0005,00059rbH*vBoHH3T,$200.00
0006,0006UaV%&c9rbTLL,$200.00
0007,0007ccxW9rbsONoF,$200.00
0008,00089rb@S2aU#srd,$200.00
0009,0009nw@6B9rbm#ev,$200.00
0010,0010jgY9rbcSDR&E,$200.00
0011,0011ZiKhSs9rblK$,$200.00
0012,0012jb9rbH2g0p6B,$200.00
0013,00139rbFHXIAltm5,$200.00
0014,0014NvfYKx$9rblG,$200.00
0015,00159rbcgiOXGpL#,$200.00
0016,0016fT99rb0TvRGC,$200.00
0017,00173UQhRXDh9rbO,$200.00
0018,0018p9rb0#XmFsc^,$200.00
0019,0019#rY9rbKhP*JC,$200.00
0020,0020m#l9rbc75vy*,$200.00
0021,0021icwMd9rbm5ld,$200.00
0022,0022Priv!9rbZVUK,$200.00
0023,0023PoZ9hNv9rb0q,$200.00
0024,0024L9rb4O%EE3ag,$200.00
0025,0025IMDylnP9rbg0,$200.00
0026,0026b@9rb0GsxBec,$200.00
0027,0027&9rb4wdzTYe%,$200.00
0028,0028tYHMFe^li9rb,$200.00
0029,0029PabTjJk^n9rb,$200.00
0030,0030uew9rbE0xiKP,$200.00
0031,00312Dk04W&4v9rb,$200.00
0032,003299rbdI%3wcBL,$200.00
0033,0033jcH9rbTt7iN!,$200.00
0034,0034W1PfQ9qa9rbb,$200.00
0035,00359rbp$kX8SSMY,$200.00
0036,0036z6Tx9rbc4zeF,$200.00
0037,0037X9rbxV3Kp%R$,$200.00
0038,0038&sp@oR89rbFe,$200.00
0039,0039R9rbabkSoOF!,$200.00
0040,0040t@Q9rb%7ei16,$200.00
0041,0041N9rbWcKrGOwj,$200.00
0042,0042*9rbgAdU0!5M,$200.00
0043,0043AK9rbaN&9ozK,$200.00
0044,0044B59rb23Xfm4n,$200.00
0045,0045OZ9rboYkdoDm,$200.00
0046,0046^$*6c49rb*SM,$200.00
0047,0047BX9rbwHHUbnV,$200.00
0048,00484Vac6cyuc9rb,$200.00
0049,0049tkPo0f@T9rbu,$200.00
0050,0050TZAU&9rb1oqS,$200.00
0051,005138Gl9rbdFfwi,$200.00
0052,0052%9rb&plrGMTB,$200.00
0053,0053dmn2D9rbcEVq,$200.00
0054,0054pX9rb@1oezLE,$200.00
0055,00551%Yv3C9rb3hO,$200.00
0056,0056@%9rbtBu^A%F,$200.00
0057,0057o4CD9rbnWcjz,$200.00
0058,0058WFco1ot9rb4d,$200.00
0059,0059yw9rbzN2ER%5,$200.00
0060,0060MQ#9rbSRyu21,$200.00
0061,00615y!PYm9rbYOo,$200.00
0062,0062JEs6sdN9rbi&,$200.00
0063,0063ahmv9rbCt!XI,$200.00
0064,00649rb2Zc0eyjMT,$200.00
0065,00659rb&TrV7W3MV,$200.00
0066,0066ifpCWJW1r9rb,$200.00
0067,00675mqN@Wq9rbp1,$200.00
0068,0068w1SmjnTdY9rb,$200.00
0069,0069kog9rbCaJtKN,$200.00
0070,0070GrxedXxO9rbD,$200.00
0071,0071Dgz09rb5Og85,$200.00
0072,0072gY9rbR4mlrGx,$200.00
0073,0073ET9rb^WtZZWP,$200.00
0074,0074dr9rbQwpqFDK,$200.00
0075,0075b9rboU6!kbAR,$200.00
0076,0076t&VQ9J9rbnqq,$200.00
0077,00777Gb5Svb69rbe,$200.00
0078,0078Pz!P9rb&^8kt,$200.00
0079,0079Ktq79rbZDjDa,$200.00
0080,0080U^AtqlCyV9rb,$200.00
0081,0081UZWYQ9rbpxSo,$200.00
0082,0082*9rb$R41csii,$200.00
0083,00839rb^MpvHtz2e,$200.00
0084,0084io9rbEcIKW*q,$200.00
0085,0085dgE9rbge%TMj,$200.00
0086,0086jbSEs9rbZm9d,$200.00
0087,0087aEHKK19rbSJC,$200.00
0088,00887k4&kE9rbrXT,$200.00
0089,0089c9rbaO9Kcqmz,$200.00
0090,0090WA29rb#UP%Nd,$200.00
0091,0091W&9rbokJ!C3y,$200.00
0092,0092$gybQqm9rbgt,$200.00
0093,0093ELHD9rbm%PY!,$200.00
0094,0094Q7EJ^69rb5*Q,$200.00
0095,0095r^dD99rbLRqZ,$200.00
0096,00969rb#m^1c0ofD,$200.00
0097,00979rbZdZsMeK^T,$200.00
0098,00984xR38&Sg@9rb,$200.00
0099,0099j9od5y9rb!K2,$200.00
0100,0100@6229rbhznLV,$200.00
0101,01019rb!8a^j&f2V,$200.00
0102,01029o9rb841#D5P,$200.00
0103,0103D@*SlY9rbOOJ,$200.00
0104,0104p7GOsgU6V9rb,$200.00
0105,0105b34qYouo9rbE,$200.00
0106,01069rbEKWed7D!Q,$200.00
0107,01072CJuS69rbOPj,$200.00
0108,0108qH%aYC!ic9rb,$200.00
0109,0109Rm9rbD4gmaKz,$200.00
0110,0110OW9rbdzIe5o1,$200.00
0111,0111ErjwYsL@9rbZ,$200.00
0112,0112LiC06U9rbdjA,$200.00
0113,0113&9rbG2D^*wwM,$200.00
0114,0114^w9rb9IKSCW@,$200.00
0115,0115x6G54O9rbHrF,$200.00
0116,0116g%NUqRVGA9rb,$200.00
0117,0117zd9rbgg7cxab,$200.00
0118,0118PE35Xd*w9rbi,$200.00
0119,0119XK@9rbj3rY^Z,$200.00
0120,0120P2!H@9rbr!0W,$200.00
0121,01219rb5K3emFD6&,$200.00
0122,0122t%9rbIai@L5t,$200.00
0123,0123D@iu9rbEA%O!,$200.00
0124,0124LU07R9rbY88d,$200.00
0125,0125N%SBWqa9rbsz,$200.00
0126,0126ME9rbRN&Mt@T,$200.00
0127,012711bK9rbnIT7u,$200.00
0128,0128nQ9rbBR%D7Fy,$200.00
0129,0129@Dpi99rbf65E,$200.00
0130,0130j3e&Jvwzi9rb,$200.00
0131,013179rbMuT8zbGr,$200.00
0132,0132v9rbVGsmo6$O,$200.00
0133,0133y4W79rb2aoZk,$200.00
0134,0134p9rb2WS8SLLQ,$200.00
0135,0135k^bUvQwWD9rb,$200.00
0136,0136Tv*aZgy9rbR9,$200.00
0137,0137gIN9rbR*BWxU,$200.00
0138,0138KWh#C1F9rbsw,$200.00
0139,0139c1M$WEUt9rbL,$200.00
0140,0140L9rbe#g*e1xO,$200.00
0141,0141u&2naT9rb1Qw,$200.00
0142,0142N^5u9rbEgGu2,$200.00
0143,0143Alq8WT9rbqZm,$200.00
0144,0144tK9rbw%2%KVy,$200.00
0145,0145%%7@N#H3z9rb,$200.00
0146,01469rbg@LiapCYy,$200.00
0147,0147QE9rb6O2&3hv,$200.00
0148,0148FXQe9rbXse6g,$200.00
0149,0149rv*C9rbmDqLi,$200.00
0150,0150*p9rb0U!7W8j,$200.00
