0001,RFPxW4qcwRQPW7NXs63bHwG,Comps
0002,BfmryrN5bCsHsMaxKVzssmS,Comps
0003,EJJ44yfvM5CR7xzi2SeJmwh,Comps
0004,UrGuLEB6GCtG7nZcZMAQupM,Comps
0005,mizEZUZqgEdTEGScrqeKgWY,Comps
0006,cDLpS6XHDuQjKDTBz64PZF9,Comps
0007,7pddmecN3ziRrKmAwSqWwww,Comps
0008,MiKYZbkaRDn2Ei5uFv4LCNf,Comps
0009,KfM5sWrMH3WDc9sZDW7tdyZ,Comps
0010,JVtDua4K5bxYYFu2FeP2X6p,Comps
0011,jn3qKwDn4qpsBgKjUr6D4mX,Comps
0012,kRjikGcVryBFhcupeCLC2fk,Comps
0013,a9M26RqnsV3F4Kvx57zfgkB,Comps
0014,tBLKNjnBWiVA8GS6vvpEQPw,Comps
0015,7tqsLLETmSf29WQmCW5EeGk,Comps
0016,EQHUNdNahnkn2XvEyXa8V5m,Comps
0017,yS3U63RHwCPdyqpZJtuAMyx,Comps
0018,Epm9fBHuQH4hCNfH8kweYY9,Comps
0019,X3HLfZQDvGnYxihcUDSsh2p,Comps
0020,2q3wWHnh4v9ZUf3yn8Bmqbf,Comps
0021,3EhDQ6mDcZYEqhJ9htvQXvg,Comps
0022,DFi5u79cxrYY8Lj7T99cdtg,Comps
0023,H6m9aW8wW9btW7NFyEww2sz,Comps
0024,3tZtya8KgPZPqpsr6XWjknN,Comps
0025,xhzx9eBRsHnxp3XZjCxXT3h,Early Bird
0026,kC9LMmAHdNJspAb8ptdmAWu,Early Bird
0027,S5xkrRCHr7U9CPtdQKKVnwX,Early Bird
0028,hRTCkxY2K4PqhWNqfpjve4v,Early Bird
0029,WPJggKmywMqhhJUrhehVhEQ,Early Bird
0030,aTtuKZk9ht8NAmHnw9b35iU,Early Bird
0031,MtaGj3qcUqDdnZQQGFUP3XX,Early Bird
0032,BgruLt3P9wTCxHudnJDhAyP,Early Bird
0033,EA3CVTxaKAJpw4Te63gCXaS,Early Bird
0034,3bihbfh7BH2SiLPEgkUWzun,Early Bird
0035,BB8NyuHYmgKZi6ciwwK54Dj,Early Bird
0036,mhHbQ29iTRG4cCxjBGzyFsU,Early Bird
0037,C2pAg3Gq4qdgk78CufkpWSc,Early Bird
0038,y4hySQejmbG42U34zGwA7hQ,Early Bird
0039,kiiUdjjZ83N2unbnVcnPPSB,Early Bird
0040,vd7rMY8xSatg48crUQKCqZK,Early Bird
0041,AwGHn5bESW4uByHZuuJJ6AV,Early Bird
0042,HbTL3nfV5ZYrAxyUv5jVxYT,Early Bird
0043,fMcNuP47faDNuUTB57uEkvD,Early Bird
0044,PmtzZCkCzC3tqiecUMTa9R6,Early Bird
0045,YnejkaEpHxtpuqTs8UFxqSd,Early Bird
0046,ExHmLyw2HJdJRgnEzfXnZfi,Early Bird
0047,eKTUmMgW4DyAL8vW8tTH5qZ,Early Bird
0048,XagsXxKpNqzpdzYrRYgsKMk,Early Bird
0049,5UksuXqj2BL6mU9UykxMBbi,Early Bird
0050,h35bQNeTWdkSsFfNp4TXm72,Early Bird
0051,NC85tYfWksDzdWy56UYfKKd,Early Bird
0052,v4mSpjCSjRWxq5zs5sfDzMC,Early Bird
0053,eHNUtXicDR4qrswpYeWYKzC,Early Bird
0054,R9bL9CsJfiqCXpf6p6upCxr,Early Bird
0055,bWJVfQpttJT58caXyfxjhvc,Early Bird
0056,UwaT7wV5ifYXL2BMFv6c85E,Early Bird
0057,QTFty5vrgCfGKzNb69QDaEW,Early Bird
0058,hzYbsZBpky7vGRvtQ8yYfEQ,Early Bird
0059,3WrJMYZFyyH2szGaga7Dz8e,Early Bird
0060,vYtpYhAGACUA5SFMHMbPky9,Early Bird
0061,X2S87z3ZH2Ex37tQ7PLGGWU,Early Bird
0062,wAf53zqhpzyE8um7RDpMQrj,Early Bird
0063,P4JxXecFEPB7ieMuCTm8ikH,Early Bird
0064,WDsqCrWvQztf4LT5Dk2dkJn,Early Bird
0065,yUGwftAtrxLEdt52nfSGpb7,Early Bird
0066,Ym7MmZvWkgczaQTt4nRafwQ,Early Bird
0067,rXqssSR5kt8nkb4XvHTy4q4,Early Bird
0068,yvEwbrfffvr4N3hhUFYHJ2W,Early Bird
0069,2yuZGqQs6bLgYwccgv5Scu4,Early Bird
0070,FDazqdrYanmV6JNRQNbcsWf,Early Bird
0071,8B9NWHHevbd8R4CZhq2DybS,Early Bird
0072,7FeajAHCsQ4Gxk8Mch8yFGV,Early Bird
0073,2HLMcTTdbfDzhuQeidhSkyt,Early Bird
0074,G28LkC2b3i2phHzthuhG55Z,Early Bird
0075,QfvzVatGKHtisNzYwTAat8w,Early Bird
0076,zxyGNauUbuNmc86EhAjwRgg,Early Bird
0077,FTYvjj3QyfXCV3MKSBsWYP7,Early Bird
0078,uxy4brxaDu3kpCG7u7ZriH6,Early Bird
0079,aaxHsxGHibxDVGDkjbb4kwf,Early Bird
0080,R7prs2ts24ziVEuEu3MRNZk,Early Bird
0081,TYXitGwF7V5Wp8gVrX9VGtb,Early Bird
0082,3uTFGvrcyTPGmiY5yrnf33g,Early Bird
0083,bv5TQbK6uUmGthR46GEFHVV,Early Bird
0084,LXbH9zuwAMndSgqnPeMpvB2,Early Bird
0085,h8MLtkidd3nPYfNQdAQKnDM,Early Bird
0086,h3MakkTXz2Pd5c9KPL5dQLb,Early Bird
0087,UsPkpxy5a5WXU3WeP4PbNat,Early Bird
0088,jpUgfxp5rSP7kP5bPSQ26Dd,Early Bird
0089,VP8NJySNEq7cYzdJUTnPpir,Early Bird
0090,bTbQADR6PdMNxC3Ur3MGHY4,Early Bird
0091,EEhTunJLQiNFXP9cUUZct5d,Early Bird
0092,A4GHLxUSqebz7QcMurKhqhU,Early Bird
0093,TUJjcsuLqfSK6Bedc4vfmQ5,Early Bird
0094,2xPzbEvAuAVU8Z4DmwVpM9V,Early Bird
0095,7vWcBSQQ5fSafjQEhbYzuNd,Early Bird
0096,gPJ59CdQvqF3WLUMW59vf5C,Early Bird
0097,vwYDddYhHFzZgeJbLH52XVt,Early Bird
0098,JCgt5WE3BqZMftgp8u3dD8p,Early Bird
0099,7eZFiASWpwyxUcxtqRvKuww,Early Bird
0100,dw4zxNm9FmatLuJknpQg9gm,Early Bird
0101,qNaQrEMp2qhnxiD8pVFiRKH,Early Bird
0102,KrgsCvzz3jLATqTdMtAmQ9G,Early Bird
0103,sT7F5X8ucKLpWqTPL6GrKCw,Early Bird
0104,StjcjHR9ueWHNWTBaVWGRpu,Early Bird
0105,DGnp7GB293dqfp8REEjKG4S,Early Bird
0106,SYwkMehN4fhewHhmgnLjjNV,Early Bird
0107,gAPmkYDEFYVb9G7nJXQkmqe,Early Bird
0108,Tr9QFDKBhkLDeWXZVGE8ys4,Early Bird
0109,DBGQGLG6MyaRCbsBvXXaMmf,Early Bird
0110,sZUqrap9A493VGWAuhPbx9s,Early Bird
0111,rFMempNL6nqHdQQhhSyr7bi,Early Bird
0112,b9j8UQgVFkZLNN3EsAUR2kw,Early Bird
0113,2GXUMbkHefykquNhiq3aFW3,Early Bird
0114,teAHzermVuwWP9Q3Jb6NqBQ,Early Bird
0115,tRnRJsJGkVNmkMQ4hQyxeJ7,Early Bird
0116,QRtC8CTUSFAyMbMgUS4kE45,Early Bird
0117,4WdZD4qU6spJBZyyUPcVxCF,Early Bird
0118,rQpbcbC9Yk9UJXeDtYd8fSi,Early Bird
0119,cBkqU37mc7vizytHxU73fzh,Early Bird
0120,Wpv7B4sJaWBfaYrjBtFffXQ,Early Bird
0121,YNSCiNsw5KpJt6du2Rtbke3,Early Bird
0122,VsJ8Kjw3ws44nhab8VETvLX,Early Bird
0123,vaBMzmG3WvC9h2z6YDzbT8A,Early Bird
0124,hsVFkt3AhVhRJKSKicwwmhw,Early Bird
0125,AMZwjgqW5q8BHKkjmrE4Zg7,Early Bird (PL)
0126,W3JdZEsxsv2ADkBxqNipa23,Early Bird (PL)
0127,CPiRFR5bjM6L3fzdUYHtzs2,Final
0128,VFCj3249CgVHKRWdAWmp8sY,Final
0129,jNwsjcHwd98WdmUep3UigHh,Final
0130,YKih2Xv83r24XZXHwpSsDNy,Final
0131,p4x8wUuHrHrNTNNCGYXMBFK,Final
0132,MFs4LkiNMPFFYM9GJhePACe,Final
0133,SxE5KsJW9fVUnKtwLPPnKgX,Final
0134,PaEthReLtfFL2Fcc9WL5BAY,Final
0135,RPrYWBznB7qiiT365i5YfYC,Final
0136,67MdbWYvFWXdPU85czAVjUq,Final
0137,7TczuUVfFfyFXCUVdAEBjZf,Final
0138,y9pGrtheuTbLpJt6ve54iTQ,Final
0139,semnArfzv4ENkEbXz7dBwSp,Final
0140,3gswBL6c8FxwnxrFtpkMKhx,Final
0141,ZFV2fVbXDAm9TQxzMVBbznE,Final
0142,zUqa8GwuFZMUtevcT4k59E6,Final
0143,FNqHS9LaUfc8x62Jt3mbKgK,Final
0144,5uubdgGVkV8GMkWQfKXhj2Q,Final
0145,5Q4tgDR2wrwH2U5zHGFBKYP,Final
0146,7Ha74XYUSwK3hh324fLGCzN,Final
0147,7tVTumXFhmmRKYekG8SprRE,Final
0148,XMYREHPJcTjnnuBcbaBYmUp,Final
0149,nmxinT7vn3a53HAN7XkxpXL,Final
0150,Cw5G8en4Bj8Kd4kDyGMqtUz,Final
0151,sET259ReRFZVHm6KvizsvF5,Final
0152,eAEvrCerjMXCXif7tb5tyg4,Final
0153,QayJXSCDUrvifCYYkSJXKRy,Final
0154,JBnCFVAFpJF3pa6AWQV8eyV,Final
0155,5k74G5xWQ8wxxUz5mwmdpaE,Final
0156,GPAq8AJ5fGwhu8mynacLrA8,Final
0157,JZJmNxNGCiY7nXySQ867eAf,Final
0158,hAdUSfwWayPPfRcx4xUgWTY,Final
0159,hpybTafZvgfRpXv4RN2MSu2,Final
0160,6EAMSGguCDCWvDWLu7aGzTH,Final
0161,7xFtW2gjQg7vcrVKe5gddqx,Final
0162,3UjBTJedivrYVcJ3uB5YGP8,Final
0163,aAJzhCbE4J2ANzrBy3VGN93,Final
0164,FMX3VbCFfhprGn6uF9vUNTC,Final
0165,7NgP4iKDSMFdc5WmtuLAHYg,Final
0166,rZNmVN46dbaU5DaYVpNmY2E,Final
0167,jueKVVShCRcHWtSJpUyvKan,Final
0168,PDivn3xLmhnfUeMCt8G7bC9,Final
0169,rUnnZ6AX4xMQLF5H5VmFn8W,Final
0170,J9tA3Mtnd4YXm3yQsLy9A9S,Final
0171,tWVzxkHyMVjTsKw2sK6EetE,Final
0172,iwr7SjwmLgckEMRMYCm8MqJ,Final
0173,jY5W8jQnDCrHNp7tfdJCKkg,Final
0174,c3srdDs9QKe85BL6BwucfiA,Final
0175,Ru5v2zCRDTmi5yr2gWXYqrb,Final
0176,d2YMfkggwBVPEWttu3cFVhT,Final
0177,M3nfMVp8UFcEnCm4b2Ttk7D,Final
0178,ZTtG6mMEeD38UzuqBBhCGZR,Final
0179,ZAc5gN2TaJsZ2jZqFTPdvfs,Final
0180,BTwWud849U77DiS59p9c7UU,Final
0181,xnE4Rxa2fNi8Fw67WkNiis6,Final
0182,gsS37NSpFhZSqdTkWjbxQm2,Final
0183,tuJQbzcvrG4rhiRy5WAUvYA,Final
0184,ZWys2sp2qrzmbPezG3ssURu,Final
0185,Ttc7aLX24bXAXFXWBDky2c9,Final
0186,S2JeN6ax2kyQTymH88SUMbu,Final
0187,tZPb23nLzFmY85HHHRAc5Tw,Final
0188,B4EXESW3fN8fQPDu8YmXRj7,Final
0189,EKEQj3K49zdQBx9YFZTrsLd,Final
0190,DGYdXVswfkYDm8iLnjBc522,Final
0191,puLBt6vvsrfRGTKDX9a2Set,Final
0192,vUwLYQhehbXY2sNHTLEKKqn,Final
0193,zcNQ29ck9VYnauBrEvUpJgx,Final
0194,fJju8ZH5jzfunmPBgGgttBz,Final
0195,c6GHtupAR7kRWAUy5BjWayQ,Final
0196,583B4GAhatQCUvneHQUJKKB,Final
0197,xWQeXBmH9KwtUaPkbNXCEif,Final
0198,amhz3cKZxxmzmBTh8XxU9cS,Final
0199,RKJWmE8SUuFh4Gkty6CDSXP,Final
0200,xLAZNEYpaAEi3xUiKUySUzj,Final
0201,Ps8GM7EyW4g556zEydjCdhN,Final
0202,sWGdF6tPZjs9yr9cgTdtZTJ,Final
0203,ESPFNMYSX983nNPpNBmgRht,Final
0204,8RcL9tc8dhQ79vNKj4atRzg,Final
0205,R9kDkYpiZfnV94gbsfsu9RQ,Final
0206,9CZBxzK9kRqbvjauYUHVMWX,Final
0207,Wv4XLiRj7q5p34biws9n4sC,Final
0208,i4fWW2N6AnpDUxN6rbSTQut,Final
0209,mqEuKGWDk2vkr6tRMh7ZLM7,Final
0210,ZSbA4APaMXcwyjQrqcjCN4v,Final
0211,NULp6XzpGXt9xcsP5PTs5vb,Final
0212,FEdZQy3scZqRbY7W7DCmDV3,Final
0213,W3QF3mLXHCGbyZRQhz6TNMd,Final
0214,TfyGkH3GLmk4AtSii382VaT,Final
0215,x9t5TFSWeB8zYhYfWYGyVC4,Final
0216,XpEtTxtFnvEVP87smzQizMQ,Final
0217,pV6jdmC6GCkjGW4kduqcpyG,Final
0218,px2g6ZVFXjbwtaJv5stHQS7,Final
0219,9kGhL2GJdDtTpJ6k5vphUJe,Final
0220,X7gwPuE53PabuB5cuCjFPs8,Final
0221,7KUQhCBgbS9gnMTy8Tm7GPx,Final
0222,PXxuG53sCttM2fndDfiPRnV,Final
0223,PqeE38H2WkQimAajjGzQ4wE,Final
0224,cpjHpwpkLesK2hEHuj9y9yy,Final
0225,UggDn6GL3ssgDJYJvbpK5eG,Final
0226,vSn8cr29JwXLKwgBKupnFzV,Final
0227,4yuAqVFhZUQgndXNtm4ZPCm,Final
0228,WE9ENjp8wrQKCw7KEcyfDj4,Final
0229,tMkLRx72wYLGXwxgw7pfJJw,Final
0230,Uxzk2gJFVCTi2zNat8RwRA4,Final
0231,VgYNfzVasrDXJaKUvRVQe5J,Final
0232,zxs3BbD4bgmNUzBu6bEYxH5,Final
0233,s6HFYsJKjHVatmFFJiA8Ke6,Final
0234,aYJ36mi7ExaFeUFetrXDTmm,Final
0235,eEBUDnmRQA8BcL7mfPrvwkd,Final
0236,ghAD3PDrdkWZvbFesVHaTEs,Final
0237,NtsZqZYBPgetCKvb75kXhr6,Final
0238,JJ9n9SuLXEGtpZd8jiaAi7W,Final
0239,h28899G8SzzHbXrdy9mMtFB,Final
0240,nWdMtwhuNCvd4VxEc6aUWDQ,Final
0241,5JzxvuzzBR9nCXe65UcSWNZ,Final
0242,tiCR84U9rB49ccpaAYdKBTX,Final
0243,JF7TSH5SPe9TDcgyTGj8HKb,Final
0244,5buNttmMK8zpF7ZWiWfjFEx,Final
0245,X44i97vhySdD3aFxZFQcFuT,Final
0246,L2xzsjViNvcsEFV2acWYgGU,Final
0247,aYbAzgkYBHdusrqtHpBeYcR,Final
0248,Uw8WX5VTibaPeWjEBgYFuGV,Final
0249,SNZQW9fA2YgKamN2mi5qWJF,Final
0250,ad3t2AeAvFrsBcmLc55Esb3,Final
0251,sJmGvytkRT3SafyhSkNPhQP,Final
0252,LgFceg3Lveegun2vw8WsqJt,Final
0253,ZwSeA9U7eexvMgH2Srczqvv,Final
0254,kXiuhcX5qrFXAFwNsyjzv2V,Final
0255,UU7StxcymhA2wRavasegeaM,Final
0256,6jYJ5RuhkTPPkzpgJSisEVa,Final
0257,GttCkYLyAi4BZZ92ACxrq37,Final
0258,5jygAgGydAPMhUxGeTuxnBM,Final
0259,yMvpSwHq95gNCfEBih9JtfF,Final
0260,niW8XstCXwHCrLyew2D9zG7,Final
0261,RYfMfLsqZAna9fLJvb4hYGG,Final
0262,8TtgpdbdLF7snzZGJE2V7E6,Final
0263,w822tDdBbmezMevGRYWTeZb,Final
0264,yB9ajsbDbamJnkD8vBvttYD,Final
0265,m3eyvx7RvHCWc5eQC29FPZG,Final
0266,FY5HdW45H37NLZPJACpksWm,Final
0267,eXiqueiTtqRFVLeUcnvFwys,Final
0268,TGuHDkCyUanfSR6EuZ2ENMc,Final
0269,ym3mXvXHdFZ94E6g4xKMkhU,Final
0270,theHSFvtQL3EpscsxSwRvB2,Final
0271,NiyfdUcFaZMwJbXMpuF5UTt,Final
0272,fGcM4hMGGcpy9UFSQRiyM8D,Final
0273,biJVkcHDhMdjRwYWWUXS4jj,Final
0274,zwXwaWpGdJZJnbNGbv9f8X7,Final
0275,TJxpTGXxA95P8Tun9vuw2wb,Final
0276,zYCDixYfmNWLL8hBEq4TiAf,Final
0277,mJtjHueNgpdSB5VGJhktRNc,Final
0278,PGwNakPusf768EpM4aST8Vv,Final
0279,s6b4973WMNsz4LiutdGAvdb,Final
0280,Si4BkELUDun4gVsG9dBeUbr,Final
0281,UbDTbaRxFbcH3y84LtEHmd7,Final
0282,et4T9fUufnP2zxHebDrrdzt,Final
0283,uC4murzXDstxtVTJzJH9UdX,Final
0284,Ss2bm27Y97dkPcdJY97ykCu,Final
0285,Sx9M6RSi8FvhjXkPenhWsrc,Final
0286,U8RhNgc8Cuz3N9WiXNJPqVm,Final
0287,X26Nn9TSpdtZBrvyzSE6byv,Final
0288,MxAvbvuPvTNLKNSDxM4hMLA,Final
0289,K2MtegPBKFSfTgQkySxXKzH,Final
0290,nJVk7BAXgfMRR3qXyHSRaK4,Final
0291,f3SybKB2YFu8R4rs3Q6s8Jp,Final
0292,wtyrVEJ95BPfzCj8TxEG7hK,Final
0293,WCGuiL3afFxQGax3D5yf2CM,Final
0294,nNsCqFNV2n95Yn4AKx2dZi7,Final
0295,Y2MqYyfVX2jS9rcZUTKJ6pS,Final
0296,qYzhP9W8KCWy476Sy7pfpzB,Final
0297,z2yy5LVXiwcu6bZxn9n56zf,Final
0298,XRRJzfrxU9tVnf6VQWqyTRV,Final
0299,d2pqDUaPfxyBW9ANsuyM9pf,Final
0300,wwCD5phAkqDa2jv7yJmpcpZ,Final
0301,X8RKDxbCNuFprJXhCEj5zeD,Final
0302,9zySss77GueGdsF3F94ENAh,Final
0303,syaFMfdHMMKiaUVnS758gae,Final
0304,ifBVEn4RgGxQT2BNuR5M3NF,Final
0305,JkmtdY3w5i6PXm7dDkMnzw3,Final
0306,3aM58kDr6CeuhY7BKzCJbBi,Final
0307,4q5GURsrevVT7icWT95zN5w,Final
0308,RqXKMj7VdNLEyFZYJiMwdEQ,Final
0309,bhbuLuXDduqxGqXmWTm32Z3,Final
0310,5i7iZJMNFPukTUjMY772Kdq,Final
0311,FkhbUjSjNy52sZSTgH3QdXz,Final
0312,XRSe94VSsRVELsqZHMTgCzH,Final
0313,6GzVPC7xn4GmdEuC36M543Y,Final
0314,NgCEYPJDn44S5MWtQwS7TVC,Final
0315,Lw7mNdw6Z3Z8Y66jxfGyFyu,Final
0316,iNKFhwjf62gXsQkyADTd9jb,Final
0317,RWx9FS2vrXfGGi24ajxWZzF,Final
0318,E8FikbFWg5kuUDBznrtPwPD,Final
0319,QuphAfv5mTbTusdkWV4wbXb,Regular
0320,KEkN9r5wTpmM7tAd8LfwFb5,Regular
0321,vqJtEUEeQqvWDDjfcFyMXzp,Regular
0322,AfeDDVnE6perB3XEzwq35tT,Regular
0323,27RRF3VZECcvzv92RhKVL8j,Regular
0324,qjQwUsFN2e2enak7wf7JMXy,Regular
0325,ubRUyJSAuGkDsTKLVXSjhdK,Regular
0326,tGytRqkbMXXLB8DNUtaMTgv,Regular
0327,ZZvZyPjyU5zFg489xVAGFsA,Regular
0328,JCKLeYFz8CEPJZqdYDsaGPM,Regular
0329,jxCe9CrhKGVt2sbczDWMLni,Regular
0330,M7Qjq4R9zy23Zip5yFKQFsm,Regular
0331,rUhftqJ6KBHhNFSDzbmGw4L,Regular
0332,AyL2viyLhQR4Q752KBVj7JC,Regular
0333,avA6LtKK4TvC5ifRupEmn6n,Regular
0334,fXeCw6GXLF4hXvcRkn6VJDe,Regular
0335,XHZTaAJiyQpH8pp8fRLvB7c,Regular
0336,ABUeBAEbWRp4JVjbXW49d8Y,Regular
0337,7ujyPA9YUN3kb3yAAChkq4J,Regular
0338,AgxxD8wiXN2SXJbEMqcrUmz,Regular
0339,GQ7mbk3tqXjAtpzx56vM8ui,Regular
0340,2rCnCnLmWk7NtXPFgM95jxT,Regular
0341,pxv5L4WL6U9xqvBuXiiqFTq,Regular
0342,YWJSZfWzLNwgBcuF6hKzyv5,Regular
0343,DsZDx9PXi7zFZCRpDciApmL,Regular
0344,QaweUNnTSWjnwxthpi5RBK9,Regular
0345,kVdu5pSSrSvkbi5jYNAUMs8,Regular
0346,ncWUNEPjcy4WuEXdC43XA6D,Regular
0347,5TPg9xCpNJMQSMq4Qz9A5gQ,Regular
0348,qEMs26WiWWN6fKBSVi2Anz7,Regular
0349,KyvFkZa2Lv2MQNiwrCMJsg3,Regular
0350,HBQPGqrrfRa2naRPGrjr69w,Regular
0351,ypm2wqpExbp9YKNeDGGau4H,Regular
0352,VJQUZPPFZbPq5RtJzXCqzsk,Regular
0353,eFs6Nij96VguH3Kr2M2xPHt,Regular
0354,K77khnRGynfmF9XcA7ipafU,Regular
0355,6mZ2QtwEYL4iSh9AtstkJ8L,Regular
0356,9KQqhgdNJPFfaZj34egj3UD,Regular
0357,zu8DWag3AieYdgjFzwXa6kc,Regular
0358,amVqxiBkv2cKLPnBMKGVvxG,Regular
0359,Y38X4TsKN95sXJmXQcpwqGL,Regular
0360,P3E43WgmV6NcjqbnfkWy7cW,Regular
0361,UC3qHn66f3uEF9JCG3zSRjL,Regular
0362,LwcPamqUNBjMNmw8jPYTZvk,Regular
0363,yeZG4kJiqj2raAXUfdepLJG,Regular
0364,QW42vhQE7WXuQE2e2KmmGW7,Regular
0365,ACupYCaYbZPykvBMGTuX4LF,Regular
0366,UvDdHDW3ZLzE7DAwAcFZhrK,Regular
0367,PZiDbiMcrv8qzNjHak3MYfc,Regular
0368,DnMJreGEZ4i5cfsvMNpgtXR,Regular
0369,wiSJNE6k3hZUYsBKzvbwsfW,Regular
0370,7xixazjsrut5ha4fjaVPuiP,Regular
0371,Exb4Wdwk3uUp7bLceqkY6TR,Regular
0372,uhahd9bZtYqFMmnpLAmxFaP,Regular
0373,TAY955qarznYxFrb53QM3qv,Regular
0374,tbVpCWdD5ydsPbDkAeUYSKn,Regular
0375,HxJYGswXCjMmje5VjVWsdvM,Regular
0376,HbBC2vwD9FMZPbcpkqTbAPd,Regular
0377,BDLvdhYKqR8iJ7cn3583JYh,Regular
0378,RzpvGTYs64VvY99ZVPjkCPy,Regular
0379,UcZ6nkfcsdHVuhiKqAKWRQ9,Regular
0380,EgG9b74gY3tzAjsNiKT4Akn,Regular
0381,zX2R2XQjArbWjHjk45Gg6dF,Regular
0382,KCUGPquNrwqk8pRtx3Zzqtx,Regular
0383,xprcBQR6btcZw3xyQeVZWLq,Regular
0384,viSMjBaJx8yU4Mi9aL85WaL,Regular
0385,7TF6vqu7DXPieq4jVcHr585,Regular
0386,k3vRQvcGTfpkrkDshNVzuQr,Regular
0387,EDhvmJjYrcnuWHeWP7GEKxy,Regular
0388,yh6VUtNxD8kLfw94h3gLPM4,Regular
0389,JSGcq6vnZUhhSQeqiFs9jg8,Regular
0390,2zFUUGk88KkJJJyRhkRqjUy,Regular
0391,3XTaYtpbfxB3qnjwegVtGWQ,Regular
0392,kYrzSEFq7qQ6iqgqhUNRduW,Regular
0393,MnaGqtFmNYPUqSGdQ5pjYaQ,Regular
0394,swdAafKBj7sVC6G6RtTJfUr,Regular
0395,zLcG5athSVHWw9MGbrFCBCL,Regular
0396,p7e9ZNd9Cz5DPd7rPCpyZHT,Regular
0397,saYHV2CrTzqj7JAsSS2KFM4,Regular
0398,Tj6g2BbUmGEsStYauBJbT8a,Regular
0399,AjJHJpyHED8F9FJDZ56SKVS,Regular
0400,GkyPvRPcTpx9RHWMuM9MNvr,Regular
0401,fr8yHn2uhNauCHY9FbwdXdB,Regular
0402,2bLthzLAPbu6kPE6JETfWrB,Regular
0403,HXBVeyVtZq884W8tshuxd7Q,Regular
0404,ugMXzCgspprFjvH9baY2Q4C,Regular
0405,ZdMQqdxHMcdPkMtpymfqLMX,Regular
0406,gabN4fGZH62vGAdVnsXzDZp,Regular
0407,9vYPTQKLCmMkfGueAmbnXCR,Regular
0408,biDheqzZAdm65QaeAmRbb9q,Regular
0409,JswaQe2kTDvUpvwPCmgpvvw,Regular
0410,52XTLsYvazWZkYrZeYNXJQs,Regular
0411,4vBxrQPszqhTFujsdP2NZy8,Regular
0412,2fPgCBVrEZX5C2kVM5sqG2A,Regular
0413,u3FzNEWYLkJkARHeRLELaFg,Regular
0414,favALA9m8wBrtUmftEyvz27,Regular
0415,cyzaYm7RsqHPbKuvGEwjTy7,Regular
0416,QHakxCMZPAfU3TgtTkPnai7,Regular
0417,s6W8Bz9JfPmpyV3YSRYNxwM,Regular
0418,e8JwZeauQKVG4r2wUGpbF4P,Regular
0419,eTXWWZE9btU7DSyXPsi6ttQ,Regular
0420,tWpVpJVvLd7PtivwdhjPXKX,Regular
0421,QjBvzKAPvRqMbcTVWmt94DG,Regular
0422,DVQDdvrkGZif4aAg99kfFwP,Regular
0423,hrcCxX8vc5Hj4xF3WqYiDdJ,Regular
0424,nqCnz7HsAyigfDDNWYck25Q,Regular
0425,sr8hYiGJNahcptxEG9fCjLT,Regular
0426,YUPbN3yGgeeGCf7pp3uRuSn,Regular
0427,3kUGCqej6XAD4m2HVLqU9UY,Regular
0428,Sk2q6yVvKVTh87BJPRc7ZFu,Regular
0429,6igbS6LzpmwufhpDrrx82DR,Regular
0430,4iUB8w8EHtV3E8NsrvvQ6KJ,Regular
0431,vn85p3HWBgzPwfgw9AUWYh4,Regular
0432,faPk92vcFSyi226TzmNnDy2,Regular
0433,CrMnhfubUnP4bK7KwEb4CHB,Regular
0434,Ed6kHWxaZVvU3kpDGcHBFbu,Regular
0435,MsE5meTvVbVNS9aMLBwLySZ,Regular
0436,ukppCFFBgnnr4DNkz5ZirQ7,Regular
0437,6MU93YfhL9t4KMaudAkf6wf,Regular
0438,XGnXwHJrPqktgKj3SFKGfLM,Regular
0439,mhRxkAvq2YEgbukpxqxaBhx,Regular
0440,KFgwD2HxRaXjmLV6fDPpmML,Regular
0441,6tzvG3b3uH3JrsiWgULqxRu,Regular
0442,S73t9MhGxUaMJ3FbmYueeiX,Regular
0443,cPNv9KdpuW8BHCwGD7vtUQS,Regular
0444,VLCPw7rTuUK99VECBAZb3qL,Regular
0445,WVELQg9yFvgM2UdHgA8eVR6,Regular
0446,GiPxxytJNUXAxWWzrCuUvJP,Regular
0447,tdMzMayVz33SV2unfMHVRhA,Regular
0448,rDiEbirqbbJXKFjxbm2ydTF,Regular
0449,UQWLdnAz6ni6K7dKrP72XYP,Regular
0450,4pTi3c6ZMm4quAvCU4L74T8,Regular
0451,U6kipF3mSzJvTSZ7EU4JTyc,Regular
0452,nMzXnDj2QMhWUiaaknEwrBH,Regular
0453,rwM4WfqPH5YQmM2C4Mj7wiv,Regular
0454,iZncUDbP7v2wqWRVBtuHYXt,Regular
0455,TnPCcLazubFjCtEm67RgiKk,Regular
0456,bav59D6HCTn5sXCWGKEJvQq,Regular
0457,C3vxdNQX6P42pQck5d9SJHj,Regular
0458,37K7LuJfeirfme87cuLKp5R,Regular
0459,V5gfTkbJnHviDCnDwaygFzz,Regular
0460,CiGWqFDBZY6vuTiEZVKYWVL,Regular
0461,SnFKSKSMPvaPZRnCTW9R5RU,Regular
0462,38UxrwLiqsk4SinFYhrsUDX,Regular
0463,7MNjUMwsWG6779CbWU4nFuT,Regular
0464,mPhDkaTHFK3ktBGQcj943fE,Regular
0465,2JUR8btFjQUTwZzSqfxpQWK,Regular
0466,HnVVe79f5dvUQFPQEyDEBsV,Regular
0467,fPAbc4TRZPuBmkdZjNhE8tR,Regular
0468,AjUKYNKEG2XktQpV5Juc58B,Regular
0469,EhGXeKWeV4wHhetFaZRwhcb,Regular
0470,e7abuqJChMqXqQ66YwKJvg3,Regular
0471,ahefxRV5TSPQwZGFQfQHVdL,Regular
0472,sysFbPrCRWkr7p3qn8rvVMT,Regular
0473,5Z4yvpm5Y4bp7mReVkeTVvu,Regular
0474,wEmCpFdnYzAyJyeFidyT859,Regular
0475,niwBCaFtRpDqNxite57rz4X,Regular
0476,sjzkqZBX7TyE3NGxXWwRYFQ,Regular
0477,B9YgTmRRNGHVwXzUriQE7wj,Regular
0478,txsvBWjSFmAMTfzTVJWJKmQ,Regular
0479,YtxUJAhqbb3kpTV3dyptvBq,Regular
0480,aPHutiLHwANXMzAntwH9zzj,Regular
0481,wDfTqgHwqxXq8crjwEU6Ysx,Regular
0482,iZ3VQXnTa2jEB2tB4mApYUY,Regular
0483,KpC6BpKkMiKBpNUnBsuYyYy,Regular
0484,fXFz4B85sMs3Qj7QKFRThFP,Regular
0485,eW5ZA9k8xRzpKMqjGJzaYAc,Regular
0486,V8grLrct4PDr4wQ3VEchcFB,Regular
0487,TN9hqF6hs976Kgbcxx64aHf,Regular
0488,3MdXwVvBMKapRkNVHWSiUKD,Regular
0489,eswxT3Q2EZ256rZSsWAUd3s,Regular
0490,4m52d94TibNaf9RDRFzPcsE,Regular
0491,kuev7LWspsJTgjgqX2TrUe7,Regular
0492,Mg6htF455D84i9jRKDMRcrx,Regular
0493,HkLZy6fvzBZsGx5tdxHxnWK,Regular
0494,giG39Pd2TgdMwhFpyfZCARR,Regular
0495,xgErZwLHAHVXn3zuMJwq8e3,Regular
0496,BG3j67HFpzg3aWMFBCYFfpU,Regular
0497,wZQRT4gstfeqcMpiHN45iwS,Regular
0498,nuJssnBB72mBFqQ5S8mMjLk,Regular
0499,Euk4xzL4Qr5nPNGGzqy2Dvd,Regular
0500,s3RAQaY44ZHMsuFHCDcFUGy,Regular
0501,6jMQA4uDUdQTXPezttcRXQL,Regular
0502,WV33VYYqMkgRHQmwWMsphp4,Regular
0503,JFUDPLkLPCi6TZvqPZJsKxK,Regular
0504,Lkawe4LvxPxVhV4ViTfcvha,Regular
0505,AsQKc5nUQMU2GzBnH7q95K4,Regular
0506,t45mY7VHUguhp55C3ctcPeb,Regular
0507,hczxE9QrqqvGiXbgW4HKXYr,Regular
0508,y9jdN5mE2TLftuY9faHUQKL,Regular
0509,ccM9kG8yCPuCANcxVJ8dDCR,Regular
0510,pAA33fgtZxjFgpNdc4U2z6p,Regular
0511,CAwccDptLmEq7S7uraDVj4i,Regular
0512,yJ94H5WCiTFt8PBQzYEQXqV,Regular
0513,PLPMBg5Y5gFK94pMTiGL4ZP,Regular
0514,EU7uSpxDg3MQ9JyY32RLc84,Regular
0515,K5a7gyb4fVx886PAxVr565Z,Regular
0516,6jgx7ZinkFkse5SJhDa8F3e,Regular
0517,Pw4c44Wrmw36Vhcea9hLTtJ,Regular
0518,fSQupPBgih8BTQkPeAj9CEH,Regular
0519,6RHRwZHBdrHY4gCchtWfzyA,Regular
0520,8aBrNEvwvRRzAX57kW45DWV,Regular
0521,XVzTmDuu7C3MEfpGZzwWBcu,Regular
0522,S3yDkVQBtJa9F4ymiVMNdzJ,Regular
0523,wnTrye7JL48WYaFMtjHz7FK,Regular
0524,VZKGt7zg8XVYarMbreH7CCF,Regular
0525,KPqx4ZZmQH64mPqCrhayrJM,Regular
0526,QQdXwREWumqFBGYmdm4Mwtg,Regular
0527,SNx8cBy9XwjGRYewRrMUK6K,Regular
0528,5sv3rnuiAiqchmu5y4FVnLb,Regular
0529,97PhRqGay5WGsjFVxbJRBTv,Regular
0530,serxBJ5DF5FcuV5mYQ7Ns2f,Regular
0531,NDRuSkiVs5UbDk3kibppy4N,Regular
0532,McdvEssUtP83ehzsYDfw2L4,Regular
0533,qvCwp3XFRLppN84hvcEtA2C,Regular
0534,jM26eYKiTmsfZhMG8NgPBNy,Regular
0535,WXG52wj9CGbnUsbVLFHpBMU,Regular
0536,SJaHHg3nYgeCGS7ax5VyqWj,Regular
0537,VNrxnNxtCcktcNDCA2UVyye,Regular
0538,qKzKmahA32GZjBCJkFvqrBg,Regular
0539,h5ereuAdp3QrPTFAP3EtQJK,Regular
0540,pAzE54bsDcsQDbjyckfzZF5,Regular
0541,ZEpGfvWNvQXyjDymP5V2p8P,Regular
0542,gp74wABthR5mEDcmeXuBmZ7,Regular
0543,TMBBpXQRLWCchRYTQ662QWU,Regular
0544,xa7rhYvvHZB6VJAkFkA8Xj5,Regular
0545,pzbsnrfkmyRuFiKz9UUiyXw,Regular
0546,x3RxuEsV2Nw6ySbiNKGudQh,Regular
0547,dUcWZGvMSgDrx9eq6LKzTsM,Regular
0548,7FGYFmZ7JNuaXATB3mkQHjW,Regular
0549,yBG5qKQQXpRVqEwk6pzQ9XF,Regular
0550,jFTaZPU2hrbfVsByQFnLPbS,Regular
0551,eYFkd75ZG36Ypw3i9Gijz5s,Regular
0552,KkhJYSrsaS2jqwENUG9cwt4,Regular
0553,hBcg8TQimESAaDXYjLqHCed,Regular
0554,UvTa9P6zhyEqHyhEwCnp3LR,Regular
0555,DceFGkwKwWbg2sHYbt7KPvE,Regular
0556,2em5PbDQ83uRWjyLjMbDCKq,Regular
0557,bJNbSPSsRMxThUecQG5wsk7,Regular
0558,qZXMn82sx5U5LQUTiZ7S68W,Regular
0559,S9z7Xh9VLsGrsw3t5NHXLmH,Regular
0560,F2v3q7qUjSv86siNaz29pCb,Regular
0561,E42cCbkmXPWWgPJjqkYWVZX,Regular
0562,gLCYqga984CvszVPW7bZmsW,Regular
0563,eVHL7LqjyXYx3neKRvUNrXy,Regular
0564,7HVMjDrUPCEt2ZRfiCTm2wh,Regular
0565,KfmMwghCJEgdWGyxKWHXCJ3,Regular
0566,KKuRvn8bSX87mgeqn2Dwk4e,Regular
0567,RwFHpyXYYv33x5BBf8twxLz,Regular
0568,27VnKmbhEZkrFTBncQTvmxK,Regular
0569,kpN98DL65AzEHqGwvajBbYQ,Regular
0570,hSfE4R7HcuWE6iywLmvNuNN,Regular
0571,Gx98Cp83V7AHVsS7sMGFHMu,Regular
0572,rZKqU3jufEGhwaxZ9RJ8ce8,Regular
0573,pNgGJXAiJ63tzNQFmA4LTBG,Regular
0574,zm4bzNAfezZrxViDCnhxnGc,Regular
0575,38xViWbvdngKjPcqkZpgXg5,Regular
0576,g9eAJgyb87tPuQvdK4hcy5u,Regular
0577,3UvRNDicvxHUqmgnN6aepdc,Regular
0578,3u5Fn8TjgmLmk32wM96vA9d,Regular
0579,nCLK76aT6aZAPqHHFVj9WMr,Regular
0580,8wYd93SAePPcFUkFCvkzyHn,Regular
0581,hsHFybnDeDu9B8xghge32GB,Regular
0582,NHcfkvT7gWEMRe6XrrUREvf,Regular
0583,J6Jk3kXGrRsK33dfjeAU4Cn,Regular
0584,ZjFKqNvn8FfaZTvC3cWTZRT,Regular
0585,Vnxur2yWPzBQwjc9LmeADWH,Regular
0586,K86KSb4CJPDWgrMJtvQKsqu,Regular
0587,v2HAMsz5PwLYTqBpqMVrGWY,Regular
0588,4GTQgMhQHR3B7JFA4JKyDMM,Regular
0589,RayqndrbQfePECM7LdJRCh3,Regular
0590,2DtyLgfkQwywPF3ZPpiMgts,Regular
0591,FZFHSzcQg6jdRQ4PFj9MQzR,Regular
0592,jh4jwfxWEUtcNBKntK7tMP7,Regular
0593,FdQpdq2EUCCfNDZ9aVHMXR9,Regular
0594,39QuvKPZpf3988W7PZUPexW,Regular
0595,Q8c8LwfkAR2eBG5w4aLtJeu,Regular
0596,3hKfft67CtpMB4edjLj4xjD,Regular
0597,NgGGNtkFwcXxxMc5gSDNRzF,Regular
0598,eeAvLZeKEj8465VSX6csx3H,Regular
0599,qiaLqEz8rVcnBT8vDPT6pQK,Regular
0600,97KapAyBU2ntsWVBQGasJ23,Regular
0601,bVspj4JNumjyVPq9WxUN4HR,Regular
0602,HAqBCLiacJzr888ZWFypUTY,Regular
0603,VfCS7vwumYkhtDYZ8stGEix,Regular
0604,FELVRKbVPS2M5eBE4UrP8k4,Regular
0605,q6Gi292qapiHP2dMn9PfJyi,Regular
0606,wEPDXeqX9GQcWQsdJDTRaFi,Regular
0607,iF7xhZ7m4UMgsQmV6GYWSZq,Regular
0608,7suUQSBuWDYEdaMwucqtbQS,Regular
0609,Pvf7g9YGnAuYejS4yVzShyy,Regular
0610,qdcUJCPdxPRWAzCr9husEfP,Regular
0611,3qQXRp5ahSu8Grtg26Qpuwv,Regular
0612,5xczXaVBZRaDJj9cXuYHpd3,Regular
0613,SSGdDLzyAGTbjtAMBH8papZ,Regular
0614,WH9Ms65Fiw6ZD2V7W8QhPdy,Regular
0615,snWjJLRQMsm9BfK78aR72Gk,Regular
0616,UBeegfkPjiZreHamKSVVHVu,Regular
0617,N9P2pKGxdbY6ea9pMmcGy39,Regular
0618,mWMWjwHbkVgyUXqa4xhTTRv,Regular
0619,ce5UuHHegNJtKzWWDTT3DmD,Regular
0620,KRucSwFgGd5JPabkRT4e8qH,Regular
0621,v86kQxmrsRXWaMaLFgHAe5y,Regular (PL2)
