00001,85938782100001,$250.00 
00002,47708782100002,$250.00 
00003,79398782100003,$250.00 
00004,92758782100004,$250.00 
00005,59258782100005,$250.00 
00006,44398782100006,$250.00 
00007,91998782100007,$250.00 
00008,69478782100008,$250.00 
00009,18028782100009,$250.00 
00010,73798782100010,$250.00 
00011,39128782100011,$250.00 
00012,54528782100012,$250.00 
00013,66078782100013,$250.00 
00014,32578782100014,$250.00 
00015,56478782100015,$250.00 
00016,73958782100016,$250.00 
00017,85848782100017,$250.00 
00018,31558782100018,$250.00 
00019,87158782100019,$250.00 
00020,11558782100020,$250.00 
00021,26658782100021,$250.00 
00022,70918782100022,$250.00 
00023,46258782100023,$250.00 
00024,15188782100024,$250.00 
00025,35468782100025,$250.00 
00026,97848782100026,$250.00 
00027,97848782100027,$250.00 
00028,25758782100028,$250.00 
00029,70218782100029,$250.00 
00030,86688782100030,$250.00 
00031,54538782100031,$250.00 
00032,48588782100032,$250.00 
00033,75568782100033,$250.00 
00034,51598782100034,$250.00 
00035,59468782100035,$250.00 
00036,87338782100036,$250.00 
00037,91168782100037,$250.00 
00038,81698782100038,$250.00 
00039,30898782100039,$250.00 
00040,10398782100040,$250.00 
00041,22508782100041,$250.00 
00042,38738782100042,$250.00 
00043,29188782100043,$250.00 
00044,69778782100044,$250.00 
00045,64078782100045,$250.00 
00046,87258782100046,$250.00 
00047,16348782100047,$250.00 
00048,92588782100048,$250.00 
00049,65288782100049,$250.00 
00050,77248782100050,$250.00 
00051,88068782100051,$250.00 
00052,44848782100052,$250.00 
00053,88638782100053,$250.00 
00054,29268782100054,$250.00 
00055,98278782100055,$250.00 
00056,77958782100056,$250.00 
00057,90578782100057,$250.00 
00058,12138782100058,$250.00 
00059,26128782100059,$250.00 
00060,57588782100060,$250.00 
00061,74738782100061,$250.00 
00062,43088782100062,$250.00 
00063,95528782100063,$250.00 
00064,15068782100064,$250.00 
00065,87708782100065,$250.00 
00066,10428782100066,$250.00 
00067,17238782100067,$250.00 
00068,81318782100068,$250.00 
00069,57378782100069,$250.00 
00070,68658782100070,$250.00 
00071,53308782100071,$250.00 
00072,83248782100072,$250.00 
00073,13648782100073,$250.00 
00074,66188782100074,$250.00 
00075,34198782100075,$250.00 
00076,62648782100076,$250.00 
00077,61748782100077,$250.00 
00078,75438782100078,$250.00 
00079,18248782100079,$250.00 
00080,97618782100080,$250.00 
00081,18028782100081,$250.00 
00082,45538782100082,$250.00 
00083,73708782100083,$250.00 
00084,56468782100084,$250.00 
00085,58198782100085,$250.00 
00086,17428782100086,$250.00 
00087,83358782100087,$250.00 
00088,94088782100088,$250.00 
00089,38148782100089,$250.00 
00090,91578782100090,$250.00 
00091,21398782100091,$250.00 
00092,90938782100092,$250.00 
00093,97198782100093,$250.00 
00094,58128782100094,$250.00 
00095,73098782100095,$250.00 
00096,14358782100096,$250.00 
00097,23938782100097,$250.00 
00098,39498782100098,$250.00 
00099,56768782100099,$250.00 
00100,32518782100100,$250.00 
00101,84418782100101,$250.00 
00102,75588782100102,$250.00 
00103,38308782100103,$250.00 
00104,20858782100104,$250.00 
00105,73018782100105,$250.00 
00106,91458782100106,$250.00 
00107,68238782100107,$250.00 
00108,80938782100108,$250.00 
00109,95648782100109,$250.00 
00110,67418782100110,$250.00 
00111,31238782100111,$250.00 
00112,91858782100112,$250.00 
00113,25638782100113,$250.00 
00114,51718782100114,$250.00 
00115,58148782100115,$250.00 
00116,94198782100116,$250.00 
00117,61868782100117,$250.00 
00118,15718782100118,$250.00 
00119,60538782100119,$250.00 
00120,66388782100120,$250.00 
00121,49708782100121,$250.00 
00122,91508782100122,$250.00 
00123,97718782100123,$250.00 
00124,83618782100124,$250.00 
00125,84178782100125,$250.00 
00126,22118782100126,$250.00 
00127,46288782100127,$250.00 
00128,49258782100128,$250.00 
00129,55818782100129,$250.00 
00130,74118782100130,$250.00 
00131,12118782100131,$250.00 
00132,78748782100132,$250.00 
00133,28868782100133,$250.00 
00134,82808782100134,$250.00 
00135,44948782100135,$250.00 
00136,96038782100136,$250.00 
00137,12178782100137,$250.00 
00138,49878782100138,$250.00 
00139,55368782100139,$250.00 
00140,82458782100140,$250.00 
00141,22358782100141,$250.00 
00142,43508782100142,$250.00 
00143,24388782100143,$250.00 
00144,78128782100144,$250.00 
00145,79668782100145,$250.00 
00146,31118782100146,$250.00 
00147,55428782100147,$250.00 
00148,25888782100148,$250.00 
00149,46238782100149,$250.00 
00150,94438782100150,$250.00 
00151,88898782100151,$250.00 
00152,87658782100152,$250.00 
00153,26848782100153,$250.00 
00154,37228782100154,$250.00 
00155,89168782100155,$250.00 
00156,83438782100156,$250.00 
00157,72238782100157,$250.00 
00158,95378782100158,$250.00 
00159,74168782100159,$250.00 
00160,32588782100160,$250.00 
00161,84898782100161,$250.00 
00162,49628782100162,$250.00 
00163,77348782100163,$250.00 
00164,87828782100164,$250.00 
00165,17288782100165,$250.00 
00166,70628782100166,$250.00 
00167,42288782100167,$250.00 
00168,41608782100168,$250.00 
00169,92678782100169,$250.00 
00170,56738782100170,$250.00 
00171,99638782100171,$250.00 
00172,25038782100172,$250.00 
00173,58418782100173,$250.00 
00174,74028782100174,$250.00 
00175,56758782100175,$250.00 
00176,59228782100176,$250.00 
00177,81688782100177,$250.00 
00178,99038782100178,$250.00 
00179,79628782100179,$250.00 
00180,79308782100180,$250.00 
00181,47848782100181,$250.00 
00182,53928782100182,$250.00 
00183,47498782100183,$250.00 
00184,70728782100184,$250.00 
00185,51118782100185,$250.00 
00186,44058782100186,$250.00 
00187,99798782100187,$250.00 
00188,48208782100188,$250.00 
00189,97938782100189,$250.00 
00190,78228782100190,$250.00 
00191,35798782100191,$250.00 
00192,57158782100192,$250.00 
00193,12758782100193,$250.00 
00194,81308782100194,$250.00 
00195,86528782100195,$250.00 
00196,17568782100196,$250.00 
00197,86228782100197,$250.00 
00198,19368782100198,$250.00 
00199,89398782100199,$250.00 
00200,40378782100200,$250.00 
00201,36098782100201,$250.00 
00202,47358782100202,$250.00 
00203,35138782100203,$250.00 
00204,46458782100204,$250.00 
00205,60398782100205,$250.00 
00206,49288782100206,$250.00 
00207,97408782100207,$250.00 
00208,37988782100208,$250.00 
00209,23278782100209,$250.00 
00210,10818782100210,$250.00 
00211,54818782100211,$250.00 
00212,32308782100212,$250.00 
00213,13268782100213,$250.00 
00214,54478782100214,$250.00 
00215,85388782100215,$250.00 
00216,18398782100216,$250.00 
00217,24078782100217,$250.00 
00218,47308782100218,$250.00 
00219,53678782100219,$250.00 
00220,25758782100220,$250.00 
00221,17848782100221,$250.00 
00222,40978782100222,$250.00 
00223,80248782100223,$250.00 
00224,35798782100224,$250.00 
00225,10948782100225,$250.00 
00226,14498782100226,$250.00 
00227,53728782100227,$250.00 
00228,95758782100228,$250.00 
00229,92268782100229,$250.00 
00230,89318782100230,$250.00 
00231,65338782100231,$250.00 
00232,95138782100232,$250.00 
00233,13998782100233,$250.00 
00234,47058782100234,$250.00 
00235,55908782100235,$250.00 
00236,14568782100236,$250.00 
00237,64858782100237,$250.00 
00238,39598782100238,$250.00 
00239,25428782100239,$250.00 
00240,17198782100240,$250.00 
00241,75968782100241,$250.00 
00242,61738782100242,$250.00 
00243,85038782100243,$250.00 
00244,22668782100244,$250.00 
00245,69058782100245,$250.00 
00246,76408782100246,$250.00 
00247,81638782100247,$250.00 
00248,23478782100248,$250.00 
00249,27298782100249,$250.00 
00250,72278782100250,$250.00 
